rainfall_24h_mm,rainfall_72h_mm,soil_moisture_pct,slope_angle_deg,vulnerability_index,pore_water_pressure_kpa,elevation_m,vegetation_ndvi,landslide_probability_true,landslide_occurred
113.18,305.61,50.84,36.15,35.51,10.18,2680.8,0.524,0.9171,1
13.68,47.55,42.67,54.79,47.89,0.84,917.2,0.3,0.5704,1
56.22,143.0,48.28,45.18,60.12,4.99,1538.2,0.398,0.8644,1
242.87,441.38,76.89,41.41,82.48,41.74,1067.3,0.161,0.9996,1
82.73,174.6,40.63,29.72,45.26,7.11,2581.8,0.426,0.7959,1
84.95,244.21,43.26,29.72,65.81,4.96,2729.9,0.562,0.9021,1
37.34,107.15,38.99,25.15,47.58,3.54,2457.8,0.372,0.6131,1
4.1,47.72,47.12,50.11,38.21,0.31,2000.4,0.392,0.6304,1
5.89,38.06,23.02,41.48,63.92,0.27,1526.8,0.34,0.5082,1
44.29,152.15,45.91,44.44,40.18,2.52,3448.1,0.467,0.7572,1
27.49,135.28,44.96,22.26,61.8,2.94,292.4,0.422,0.6959,1
85.53,212.78,49.69,56.36,69.56,8.88,608.7,0.299,0.9486,1
72.26,253.26,58.77,48.7,41.19,6.62,2175.8,0.385,0.9201,1
56.61,177.59,40.54,31.67,60.31,4.79,2694.2,0.354,0.7982,1
19.74,58.02,28.11,30.65,88.65,0.88,3360.1,0.298,0.6015,1
175.0,401.02,67.13,30.7,25.65,18.06,1818.5,0.556,0.967,1
26.32,76.12,29.27,34.36,55.01,1.37,1077.4,0.488,0.5854,1
11.87,27.52,24.38,39.6,94.55,0.57,3049.0,0.217,0.7478,1
39.23,125.21,38.0,37.5,69.22,2.19,1653.9,0.354,0.7406,1
24.14,56.89,33.23,34.01,86.97,1.74,625.9,0.381,0.6163,1
4.46,13.05,30.05,41.75,82.93,0.26,1922.9,0.258,0.6338,1
38.77,116.53,52.61,29.08,82.45,2.47,1934.2,0.337,0.8029,1
70.8,174.76,42.34,34.03,70.07,5.74,956.4,0.357,0.8046,1
54.17,155.35,44.57,35.96,74.2,4.22,668.5,0.421,0.8693,1
125.37,325.72,53.62,38.03,47.81,13.92,670.2,0.43,0.9541,1
29.76,117.92,48.85,46.94,56.22,3.44,2917.0,0.491,0.7067,1
9.77,71.0,50.89,31.26,87.41,0.77,1853.4,0.389,0.6398,1
46.0,110.17,45.33,39.35,88.66,4.33,2630.0,0.248,0.8213,1
31.4,98.18,35.15,41.25,59.02,1.54,3376.2,0.427,0.5333,1
45.15,150.67,40.49,24.39,69.48,2.4,2813.6,0.498,0.7005,1
25.11,101.87,40.66,41.64,46.81,2.46,718.0,0.36,0.5632,1
8.84,23.96,28.45,30.25,72.61,0.58,1585.6,0.452,0.4869,0
64.12,134.67,30.89,25.57,29.87,3.67,1837.0,0.533,0.5296,1
59.16,181.66,40.58,54.65,43.89,3.31,2514.2,0.363,0.825,1
17.34,111.16,53.82,55.98,66.05,1.44,3384.2,0.378,0.7712,1
21.59,80.69,43.92,47.78,57.53,1.84,1140.7,0.296,0.7225,1
8.68,42.87,26.38,34.37,70.75,0.47,3042.0,0.37,0.5121,1
8.81,20.3,42.93,27.27,57.72,0.79,438.1,0.47,0.4873,0
34.36,124.12,37.09,43.74,16.49,2.77,3077.5,0.585,0.4364,0
43.08,113.16,47.68,37.68,84.78,3.03,2492.2,0.265,0.8947,1
40.36,101.63,42.51,28.36,58.77,2.72,294.2,0.501,0.7011,1
45.0,110.38,28.77,38.91,58.07,1.57,2215.5,0.532,0.6987,1
83.43,251.26,50.73,23.5,87.62,5.49,3273.4,0.408,0.9131,1
115.17,315.45,44.13,52.21,80.45,8.14,1627.4,0.137,0.9853,1
66.56,163.3,36.39,33.09,88.47,3.49,587.0,0.449,0.8672,1
102.54,320.02,40.74,43.12,64.0,7.69,3462.4,0.374,0.9447,1
146.36,374.79,48.13,34.56,49.62,16.23,1575.2,0.622,0.9596,1
39.08,143.0,45.11,39.49,85.11,3.77,1941.9,0.311,0.8415,1
28.59,78.94,32.06,40.12,65.56,2.0,3392.1,0.474,0.5195,1
17.07,58.82,40.41,30.75,52.39,1.37,2129.8,0.641,0.3787,0
21.48,86.81,33.62,56.33,91.55,1.52,2431.4,0.072,0.8371,1
160.44,484.23,78.86,46.59,42.53,18.14,2542.8,0.385,0.9942,1
123.56,376.28,60.99,54.01,52.51,14.46,2686.5,0.338,0.9848,1
44.62,118.35,31.0,51.46,58.01,2.69,2840.5,0.463,0.6409,1
213.85,528.5,74.41,41.39,79.61,32.1,446.8,0.267,0.9993,1
187.77,432.49,60.32,52.92,40.93,25.06,3283.3,0.493,0.9905,1
50.92,166.15,35.71,26.82,28.3,4.41,1999.7,0.568,0.4418,0
23.38,105.26,41.53,31.13,68.64,2.06,1961.7,0.372,0.6937,1
24.27,70.63,29.44,24.31,61.39,1.71,2957.2,0.424,0.5515,1
58.97,192.63,43.92,34.92,35.36,4.96,1212.3,0.595,0.707,1
114.57,230.09,52.9,36.49,65.09,9.55,2364.5,0.44,0.9451,1
14.34,43.9,29.54,33.45,33.97,0.87,1246.1,0.478,0.3815,0
21.29,70.54,34.61,48.55,71.31,1.82,2710.8,0.465,0.6694,1
54.94,174.1,41.95,35.72,37.98,4.89,1628.7,0.522,0.717,1
62.61,188.97,32.25,33.72,70.27,4.97,815.9,0.457,0.7946,1
5.56,11.6,39.39,40.02,77.03,0.27,3199.3,0.539,0.5035,1
65.34,196.21,47.24,29.14,63.63,4.74,2685.9,0.509,0.837,1
14.69,47.94,20.03,47.55,89.6,0.46,246.8,0.348,0.7333,1
23.11,85.76,33.88,26.1,10.84,1.37,412.8,0.617,0.2482,0
36.43,76.03,48.65,58.28,83.89,2.2,1450.9,0.237,0.831,1
113.14,332.76,54.83,46.49,63.67,14.82,2774.3,0.325,0.9878,1
19.89,65.58,36.26,31.22,76.65,1.53,1110.6,0.377,0.6293,1
114.02,264.51,45.46,20.2,85.23,6.79,3469.5,0.442,0.8985,1
13.77,39.5,31.11,48.04,57.26,0.61,3233.0,0.293,0.5449,1
263.67,718.84,77.93,44.41,90.83,40.77,3053.3,0.365,0.9997,1
59.3,202.74,51.84,45.08,41.55,7.32,230.2,0.481,0.8356,1
25.2,70.49,40.27,46.46,54.91,1.33,3381.2,0.399,0.6461,1
59.48,176.53,55.98,26.07,34.2,5.87,2151.7,0.588,0.6777,1
78.8,190.39,47.26,35.76,69.63,5.44,2151.3,0.38,0.8748,1
156.28,418.52,49.41,28.1,24.39,11.08,525.5,0.463,0.9589,1
13.68,55.87,46.32,49.98,74.38,1.36,2211.1,0.176,0.7828,1
29.96,63.61,33.23,42.06,94.08,2.26,1944.7,0.223,0.8263,1
69.42,253.79,41.75,35.06,76.12,6.95,1986.7,0.473,0.8937,1
60.09,211.71,41.9,25.48,62.17,5.26,831.7,0.384,0.8174,1
10.74,54.77,31.07,34.54,36.24,0.43,1992.4,0.462,0.4097,0
89.31,228.21,49.72,34.92,89.68,7.39,438.7,0.498,0.95,1
35.68,95.57,45.59,45.1,92.3,2.89,270.6,0.239,0.8356,1
4.1,31.0,38.86,42.44,55.13,0.25,903.5,0.22,0.6513,1
4.96,14.19,27.16,51.09,23.78,0.26,2845.6,0.433,0.3854,0
72.49,210.43,29.79,38.39,65.15,3.24,2191.7,0.33,0.857,1
38.86,132.29,21.71,28.26,65.46,2.0,3151.2,0.427,0.6124,1
119.9,252.72,59.39,44.6,67.52,9.87,1483.7,0.364,0.9671,1
11.35,37.92,51.28,46.11,82.24,1.02,1354.5,0.459,0.6315,1
44.73,148.92,34.2,40.48,36.53,2.08,2510.2,0.49,0.5838,1
23.52,76.0,20.78,46.45,45.5,0.81,1543.4,0.368,0.4562,0
29.24,104.92,50.35,38.88,91.39,2.69,1458.0,0.267,0.8509,1
29.32,89.78,24.05,39.55,44.6,1.35,1738.0,0.426,0.5083,1
93.34,236.84,39.93,37.4,42.23,6.08,578.6,0.546,0.8579,1
40.29,135.19,50.2,22.73,40.0,4.56,869.3,0.639,0.5876,1
84.09,297.6,66.3,27.74,75.63,10.43,2191.0,0.34,0.9619,1
115.12,361.65,59.39,23.26,42.06,17.02,2207.9,0.547,0.908,1
10.62,63.93,33.11,42.41,16.43,0.48,2147.8,0.468,0.3287,0
279.54,750.0,96.06,34.63,88.04,38.63,859.3,0.293,0.9999,1
165.7,605.48,71.94,39.22,47.68,26.73,1637.4,0.486,0.9958,1
100.13,254.11,47.15,52.12,66.29,9.07,3239.3,0.353,0.9252,1
35.42,93.48,34.07,32.81,63.49,2.01,3041.1,0.378,0.6877,1
35.97,77.42,47.23,37.0,41.72,2.95,2039.7,0.617,0.4283,0
18.64,49.39,33.32,45.93,85.77,1.2,3172.8,0.336,0.652,1
21.3,63.36,33.16,32.19,86.38,0.93,2427.5,0.436,0.5759,1
6.91,27.31,31.29,26.23,45.89,0.47,1560.5,0.514,0.3536,0
238.99,517.06,84.3,33.97,58.96,35.94,2762.2,0.445,0.9987,1
99.41,353.9,63.54,29.91,57.65,10.97,1196.7,0.507,0.9433,1
115.57,378.16,67.55,53.38,61.9,17.22,3020.4,0.341,0.9826,1
160.15,313.09,61.11,47.77,59.12,18.99,1287.4,0.42,0.9867,1
17.54,64.81,36.77,42.32,55.79,1.41,2822.0,0.471,0.4476,0
79.54,200.89,41.49,50.35,63.93,7.95,1128.3,0.228,0.9068,1
53.83,186.98,59.21,47.6,79.87,7.74,3225.8,0.302,0.9506,1
17.76,56.18,38.45,30.81,63.68,1.2,810.0,0.358,0.6075,1
3.56,58.99,43.08,51.35,91.37,0.2,2572.7,0.16,0.7185,1
52.13,185.08,55.93,39.94,47.31,3.55,1548.6,0.514,0.8379,1
30.57,80.45,36.73,47.74,80.06,2.38,260.9,0.327,0.77,1
34.4,122.78,43.38,51.52,59.89,1.95,1295.1,0.419,0.7945,1
140.73,463.94,63.12,34.73,56.55,15.17,868.7,0.44,0.9879,1
146.49,395.23,59.59,27.84,72.96,17.99,2032.3,0.415,0.9843,1
126.88,395.46,60.06,32.16,74.95,19.03,1057.6,0.434,0.9846,1
87.77,197.64,55.68,37.39,81.7,7.28,439.6,0.406,0.9473,1
19.29,57.18,47.67,48.14,72.48,1.11,3345.2,0.257,0.8114,1
10.78,39.52,43.67,49.87,79.38,0.59,2988.9,0.317,0.7193,1
36.93,128.77,48.01,20.47,75.69,2.64,349.6,0.414,0.6478,1
46.92,147.51,38.5,39.27,91.59,4.5,1095.7,0.267,0.8697,1
144.9,435.07,61.69,37.17,71.81,11.62,2280.6,0.436,0.9931,1
79.86,232.91,52.66,31.98,70.59,9.14,1260.5,0.422,0.9237,1
22.4,51.17,41.09,28.27,53.06,1.28,1130.0,0.486,0.5113,1
84.83,223.83,45.29,35.24,51.53,5.63,2166.3,0.319,0.8866,1
87.05,235.59,56.51,54.24,36.75,6.45,841.3,0.377,0.9277,1
40.47,171.87,38.61,34.86,63.34,2.34,2340.1,0.458,0.7263,1
10.91,64.73,34.17,39.46,27.0,0.5,494.7,0.579,0.3684,0
122.98,257.36,55.05,44.29,81.03,8.28,1272.3,0.297,0.9668,1
13.69,63.58,38.97,35.89,53.83,1.19,581.4,0.42,0.4361,0
30.7,73.1,28.64,56.54,48.69,1.27,1178.8,0.254,0.6167,1
71.66,199.28,51.57,55.7,20.6,5.0,2453.2,0.408,0.8683,1
28.29,56.4,41.62,32.89,75.82,1.83,2720.9,0.372,0.5803,1
150.79,447.45,78.2,38.96,73.56,25.71,678.5,0.373,0.9971,1
36.48,168.2,40.76,34.27,65.08,2.22,2662.5,0.465,0.7776,1
60.18,164.76,37.59,33.83,56.48,4.31,478.1,0.507,0.7899,1
100.33,186.49,55.31,23.7,72.34,8.22,914.6,0.319,0.8742,1
176.62,401.67,61.01,41.69,11.91,18.35,1851.1,0.556,0.9726,1
130.17,364.31,67.28,39.08,58.06,16.45,3405.2,0.39,0.9828,1
78.17,206.08,37.82,24.73,82.22,6.46,3412.7,0.421,0.8685,1
30.1,61.51,48.95,33.66,26.91,2.31,1778.5,0.567,0.5126,1
70.22,232.52,45.83,52.16,29.52,5.73,2856.5,0.347,0.8482,1
118.32,404.27,60.6,32.52,64.18,14.6,2026.1,0.593,0.9784,1
29.51,98.77,33.83,29.29,39.6,1.56,2680.6,0.556,0.5085,1
19.85,76.44,53.21,38.78,73.51,1.57,2355.2,0.295,0.7426,1
58.82,167.31,31.66,58.11,36.38,3.61,2500.7,0.359,0.7854,1
23.25,85.44,34.59,32.59,54.7,1.96,1650.7,0.37,0.4657,0
111.24,258.71,45.55,43.39,49.54,12.08,2949.3,0.408,0.941,1
75.71,188.15,43.2,46.13,64.38,6.48,1670.7,0.355,0.9139,1
24.82,80.72,37.76,32.46,39.39,1.64,2529.0,0.551,0.4022,0
27.15,67.75,50.76,45.06,69.82,2.67,3071.8,0.311,0.6893,1
99.49,266.5,48.95,35.99,37.02,10.92,2363.4,0.696,0.8487,1
27.51,112.49,41.49,42.3,56.14,1.51,1882.2,0.351,0.6784,1
15.64,67.87,36.7,42.33,38.71,1.27,1943.4,0.419,0.5291,1
135.44,430.58,62.91,39.86,84.74,17.51,2539.1,0.319,0.9929,1
10.91,29.9,42.76,26.91,71.32,0.72,504.1,0.371,0.4605,0
95.8,275.24,50.26,48.81,49.27,11.26,2300.6,0.457,0.8965,1
16.06,48.42,48.79,34.8,92.74,1.02,1437.3,0.236,0.8035,1
117.27,281.94,46.54,30.81,45.44,13.07,646.2,0.544,0.8819,1
21.38,79.66,24.38,23.99,59.11,0.89,3211.4,0.469,0.4147,0
64.8,190.04,47.73,41.21,42.68,6.97,1842.2,0.6,0.7808,1
7.89,26.56,44.03,43.55,36.1,0.49,1708.1,0.408,0.3272,0
136.18,303.06,55.37,21.82,30.64,14.61,1989.9,0.698,0.8564,1
29.62,72.88,31.97,39.3,94.36,1.18,2254.4,0.308,0.6396,1
111.96,270.69,62.95,32.12,63.33,11.01,842.3,0.475,0.9573,1
27.0,66.93,32.43,42.64,44.61,1.99,2264.1,0.322,0.5499,1
158.78,475.03,73.53,30.39,51.32,20.91,1363.1,0.472,0.9899,1
26.39,68.79,36.94,43.93,58.77,2.01,2558.6,0.37,0.6396,1
77.93,292.73,54.26,36.45,86.03,9.51,2747.2,0.399,0.9305,1
31.84,103.52,52.41,53.83,29.39,3.15,224.7,0.405,0.5596,1
51.51,170.35,41.38,29.0,44.11,4.18,2563.9,0.643,0.6455,1
4.98,16.72,34.69,35.32,54.96,0.38,1363.3,0.425,0.3931,0
43.09,98.97,34.03,27.99,78.37,1.99,1202.3,0.243,0.628,1
22.97,44.31,36.47,53.08,22.64,1.08,1430.6,0.435,0.47,0
23.86,46.53,26.03,50.62,71.67,1.25,2099.6,0.321,0.677,1
20.98,54.91,24.38,33.07,92.15,1.26,578.0,0.374,0.6728,1
32.74,85.01,37.41,43.05,20.22,2.5,2504.2,0.506,0.4948,0
57.36,193.25,51.49,48.11,87.21,6.25,1669.1,0.448,0.9238,1
16.47,51.5,32.99,40.33,94.97,1.12,727.5,0.316,0.7067,1
45.8,114.97,32.59,39.71,56.64,2.97,1881.0,0.381,0.7461,1
81.0,247.26,50.87,32.59,88.44,6.0,2094.5,0.286,0.9507,1
44.42,176.48,36.51,27.05,82.36,3.72,1342.8,0.504,0.7498,1
45.56,182.81,39.81,51.58,67.65,3.54,3168.8,0.302,0.7818,1
52.55,168.89,45.93,51.75,78.9,5.97,2500.9,0.319,0.8848,1
34.04,112.88,52.98,42.32,26.91,2.33,2382.4,0.589,0.493,0
52.05,138.42,42.06,35.27,43.71,3.48,376.0,0.441,0.8119,1
10.22,27.86,25.1,35.53,75.47,0.34,1855.4,0.344,0.451,0
67.5,158.97,55.29,44.99,27.68,8.65,3007.6,0.596,0.8004,1
121.85,261.49,43.34,51.58,44.04,11.95,2405.4,0.315,0.9303,1
210.32,667.31,85.5,51.08,45.39,39.65,968.4,0.453,0.9989,1
25.93,79.88,35.63,46.75,76.44,1.92,3042.0,0.411,0.7673,1
22.98,72.87,37.76,42.56,80.29,1.16,1419.5,0.287,0.7002,1
15.06,54.13,32.61,26.6,76.07,0.85,3219.6,0.523,0.6312,1
37.95,122.42,39.32,29.93,16.25,3.16,1890.5,0.6,0.5111,1
113.86,296.37,58.22,51.65,55.78,11.07,2795.8,0.315,0.9669,1
12.85,44.44,46.23,41.61,58.02,1.27,2219.4,0.343,0.5006,1
15.0,55.51,31.07,20.84,95.15,0.73,1161.6,0.462,0.5898,1
109.77,245.3,45.66,27.45,67.29,9.56,2357.6,0.415,0.9164,1
28.27,73.29,21.75,43.15,70.05,1.02,231.6,0.363,0.6967,1
86.4,240.84,60.46,20.11,56.99,12.53,2956.2,0.537,0.9106,1
100.71,264.48,66.55,29.9,84.99,11.9,3387.2,0.237,0.9635,1
120.6,348.94,53.04,40.17,73.38,10.06,883.2,0.346,0.9798,1
15.12,49.65,33.08,43.96,59.63,0.64,3116.0,0.457,0.5003,1
15.31,53.06,32.58,42.83,74.23,0.69,753.9,0.239,0.7187,1
164.42,521.54,69.63,32.05,67.3,22.15,1821.9,0.38,0.9939,1
252.65,750.0,83.73,44.57,88.83,44.67,1165.6,0.275,0.9999,1
22.89,94.51,49.98,32.45,76.71,2.79,833.1,0.388,0.7272,1
63.86,226.6,43.86,34.92,46.9,5.53,2693.8,0.485,0.7449,1
165.07,408.27,52.16,45.64,75.53,17.95,2861.8,0.367,0.9898,1
21.15,83.17,45.62,42.76,48.12,1.94,2967.4,0.521,0.5671,1
106.45,320.28,64.24,49.38,56.39,16.23,228.0,0.416,0.9683,1
142.24,283.55,62.45,42.99,81.35,14.15,2997.9,0.301,0.9728,1
11.69,36.74,40.15,40.65,68.66,0.93,369.8,0.377,0.4803,0
45.25,129.84,51.37,27.08,55.28,5.69,1679.8,0.564,0.5888,1
56.23,178.61,32.39,35.99,38.33,2.2,778.4,0.521,0.6966,1
68.52,171.51,41.53,33.28,67.33,4.42,3192.2,0.467,0.8123,1
54.61,128.33,38.41,32.65,50.73,4.59,2103.2,0.493,0.6165,1
8.28,24.79,29.78,56.66,57.03,0.45,1745.9,0.302,0.5405,1
165.47,408.41,68.74,36.6,87.34,16.14,1665.8,0.218,0.996,1
136.06,393.35,59.38,51.32,32.48,15.7,1534.7,0.397,0.9854,1
140.7,284.14,55.68,42.26,47.61,14.65,1764.0,0.45,0.9485,1
100.94,254.94,52.71,47.28,86.28,9.53,2066.6,0.259,0.9664,1
30.22,80.05,40.76,39.08,47.62,2.03,2896.3,0.42,0.6134,1
25.8,99.74,44.47,40.86,38.5,1.46,984.4,0.432,0.5551,1
70.31,161.71,44.02,38.85,49.93,6.14,2854.4,0.462,0.8441,1
9.14,62.05,43.74,31.11,82.16,0.75,2940.6,0.411,0.5438,1
111.17,269.27,57.9,44.88,63.57,12.62,3009.1,0.312,0.9618,1
48.91,137.99,45.77,33.72,47.1,2.69,3307.2,0.478,0.6893,1
12.84,43.45,32.35,22.63,67.92,0.54,3356.7,0.523,0.4005,0
5.47,32.1,19.65,42.65,84.97,0.15,556.2,0.421,0.5298,1
60.72,187.62,42.45,30.48,52.9,4.59,3096.4,0.551,0.7548,1
35.64,106.4,34.75,54.07,42.22,2.79,2990.0,0.438,0.7006,1
67.19,157.07,34.73,55.02,71.77,3.55,1445.4,0.251,0.878,1
75.85,162.75,33.15,52.52,55.05,5.66,2481.5,0.38,0.8502,1
113.17,301.4,68.3,36.05,41.71,11.64,3258.1,0.556,0.921,1
61.65,157.4,36.75,21.69,46.94,4.92,501.4,0.471,0.5894,1
44.8,129.53,43.45,53.3,43.08,4.55,1369.9,0.31,0.7341,1
3.57,18.12,33.6,37.41,72.62,0.27,3414.2,0.389,0.5083,1
211.0,678.85,83.39,56.07,65.22,38.0,2009.0,0.182,0.9997,1
83.44,238.2,35.93,55.8,89.21,3.75,502.8,0.188,0.9682,1
93.51,197.89,51.25,49.54,80.96,7.81,3371.4,0.235,0.945,1
107.73,257.87,58.66,34.1,41.48,9.2,3179.0,0.524,0.8918,1
35.58,82.64,53.27,36.41,34.84,3.44,2861.2,0.475,0.5336,1
77.66,315.45,47.59,49.46,36.47,6.14,2818.8,0.438,0.9533,1
26.68,110.93,45.73,34.7,52.0,2.44,1803.7,0.408,0.6855,1
254.55,497.66,79.63,30.21,79.98,39.23,3088.3,0.404,0.9989,1
82.81,226.01,40.4,40.37,93.68,5.89,1208.8,0.281,0.9311,1
131.15,359.19,63.11,53.79,64.47,18.19,1383.3,0.229,0.9857,1
18.92,44.75,30.77,44.08,40.66,0.71,912.8,0.465,0.4906,0
44.78,122.75,37.07,40.69,74.4,3.86,1530.3,0.374,0.8523,1
28.51,86.13,51.56,27.25,77.77,1.77,971.0,0.47,0.6913,1
47.17,197.11,41.23,41.84,87.18,3.48,1321.4,0.356,0.8804,1
20.1,58.87,36.79,58.76,58.86,1.73,2478.2,0.383,0.6168,1
31.36,66.14,30.92,29.1,15.12,1.69,1619.3,0.58,0.3508,0
178.45,416.41,52.84,39.45,16.88,20.58,2733.3,0.583,0.974,1
50.53,178.99,56.6,50.62,42.16,4.93,1780.7,0.306,0.8706,1
18.18,66.8,33.88,45.45,52.49,1.42,659.4,0.256,0.708,1
39.43,114.59,32.14,44.11,82.71,3.17,2648.9,0.232,0.7801,1
44.21,127.89,38.7,44.27,42.67,4.05,417.6,0.286,0.7885,1
114.49,249.32,47.48,35.79,83.37,6.92,3310.1,0.372,0.9569,1
27.05,170.29,40.99,34.07,70.17,1.54,2975.3,0.413,0.758,1
40.74,87.87,41.11,47.81,49.11,3.19,3378.2,0.277,0.7686,1
14.02,52.66,32.59,47.84,73.38,1.12,1020.6,0.426,0.5129,1
133.91,309.45,50.42,50.15,68.8,11.67,1788.0,0.33,0.9828,1
116.72,317.64,61.15,52.43,81.1,11.14,837.0,0.161,0.9877,1
39.53,151.11,42.02,39.28,65.93,4.08,1594.1,0.48,0.7977,1
79.51,258.23,59.89,39.06,71.99,10.1,1004.2,0.308,0.9506,1
23.22,65.22,43.12,47.41,28.66,2.2,3014.1,0.495,0.4691,0
62.85,147.3,53.63,42.77,78.78,4.53,601.2,0.351,0.877,1
39.13,114.74,28.42,44.26,64.41,1.71,942.8,0.264,0.7251,1
35.73,104.07,45.83,47.32,76.68,3.04,1071.5,0.415,0.8204,1
65.16,221.28,52.11,51.22,46.82,7.33,2636.0,0.59,0.9035,1
45.14,113.21,34.15,35.25,82.62,2.55,2280.2,0.267,0.7214,1
67.51,224.0,58.98,36.18,24.13,5.84,649.7,0.57,0.7272,1
10.83,31.23,28.15,27.09,51.81,0.54,2198.6,0.516,0.3016,0
65.33,157.43,45.74,40.9,83.09,5.23,2993.2,0.338,0.8331,1
79.88,246.02,41.64,23.62,78.38,7.77,1692.3,0.579,0.8324,1
5.31,16.44,45.26,38.24,38.63,0.58,2219.0,0.498,0.3393,0
147.4,497.61,73.08,40.02,52.8,15.29,1955.5,0.464,0.9917,1
81.06,204.12,55.96,33.88,68.84,7.09,1380.8,0.486,0.8992,1
69.84,153.59,43.18,41.21,90.23,6.7,208.5,0.44,0.8753,1
65.52,166.69,52.01,23.18,83.19,5.18,814.8,0.354,0.9059,1
3.33,8.78,32.83,23.73,73.58,0.17,3325.6,0.422,0.3681,0
13.4,66.26,44.3,48.31,54.59,1.23,1370.3,0.405,0.6411,1
49.25,145.61,30.96,35.8,36.33,2.84,1180.5,0.438,0.6288,1
175.0,552.59,72.33,28.57,30.67,26.77,2225.9,0.64,0.992,1
45.07,139.97,33.52,39.54,37.51,1.96,3182.5,0.487,0.6739,1
23.34,102.07,48.59,46.42,50.83,2.1,1198.1,0.315,0.6986,1
33.72,81.18,30.55,31.78,45.59,2.14,936.2,0.481,0.5442,1
24.62,65.18,22.35,42.04,38.33,1.0,3176.5,0.381,0.5151,1
33.62,81.01,47.73,26.67,26.2,2.19,2752.6,0.555,0.45,0
78.73,201.76,50.21,24.74,39.49,5.43,2518.6,0.378,0.7956,1
24.63,83.33,50.42,39.75,98.55,2.44,2038.7,0.342,0.7714,1
32.87,70.21,33.45,39.98,74.55,1.53,1604.3,0.314,0.653,1
5.27,42.44,37.08,42.43,24.74,0.31,2304.9,0.431,0.2668,0
109.63,428.19,69.99,44.99,85.56,13.61,915.8,0.278,0.9935,1
77.19,162.16,45.4,56.95,41.65,6.91,2897.3,0.473,0.8513,1
139.37,423.22,53.23,39.4,29.49,11.46,1574.1,0.555,0.9736,1
19.95,47.3,39.01,34.86,12.37,1.34,2690.6,0.736,0.1969,0
39.87,117.08,42.01,47.29,85.7,2.81,2878.6,0.17,0.8677,1
9.98,88.07,49.11,33.44,79.2,0.65,448.6,0.258,0.6712,1
65.22,174.97,39.92,37.65,57.89,5.85,2429.0,0.399,0.7854,1
18.52,73.04,38.25,26.31,84.52,1.53,1199.1,0.516,0.5336,1
27.01,68.38,29.06,22.72,28.62,1.74,1384.0,0.653,0.4308,0
12.26,61.44,36.39,55.72,57.99,0.62,2620.4,0.395,0.6759,1
16.38,62.56,39.8,48.84,64.7,1.22,3359.4,0.26,0.6546,1
12.41,52.59,30.52,44.08,65.34,0.62,2852.1,0.332,0.5209,1
13.61,44.91,32.69,36.97,47.4,0.74,1162.6,0.428,0.4089,0
8.21,68.84,30.91,30.35,88.47,0.33,2535.9,0.385,0.6939,1
2.74,7.2,37.18,29.73,42.15,0.25,1281.6,0.573,0.2446,0
151.96,402.1,60.8,32.84,90.88,22.38,1650.7,0.332,0.9907,1
125.88,301.49,44.94,40.18,83.7,9.79,606.1,0.232,0.9704,1
126.91,241.84,58.36,44.64,72.24,17.12,2953.2,0.278,0.9816,1
47.47,133.63,51.46,43.06,19.33,3.98,2334.8,0.57,0.5518,1
37.65,90.15,42.5,33.7,43.73,3.08,3047.8,0.597,0.6131,1
3.77,38.75,41.62,55.1,41.33,0.34,937.6,0.424,0.5177,1
2.87,51.76,24.03,45.36,49.8,0.13,626.8,0.372,0.5138,1
13.86,52.63,25.36,40.31,64.66,0.5,2891.0,0.333,0.6328,1
32.5,96.95,48.16,41.75,35.51,2.65,3100.6,0.449,0.5638,1
54.12,162.36,35.28,37.22,32.0,4.18,767.4,0.627,0.6567,1
136.08,368.08,47.69,32.76,50.99,14.37,2318.3,0.421,0.967,1
17.49,93.26,42.85,35.7,44.32,1.23,744.7,0.404,0.5596,1
25.09,93.28,27.21,46.01,65.22,1.3,248.0,0.317,0.793,1
188.09,544.36,65.79,21.56,9.33,18.18,1989.7,0.67,0.9798,1
54.43,143.09,34.63,28.11,63.48,2.88,3336.1,0.418,0.7579,1
36.32,96.84,39.31,24.36,71.26,1.98,2148.6,0.406,0.7305,1
12.45,39.68,38.46,23.99,46.01,0.85,1616.1,0.563,0.2959,0
14.41,30.56,25.13,49.65,73.23,0.77,1130.8,0.201,0.5985,1
6.02,21.69,31.19,44.31,75.01,0.44,1128.9,0.291,0.5816,1
16.84,52.14,21.66,38.44,73.61,0.7,1068.2,0.351,0.5106,1
129.75,382.37,54.51,27.28,82.12,14.48,890.2,0.422,0.9777,1
190.27,447.22,56.34,38.83,65.36,16.58,419.5,0.338,0.9934,1
59.76,125.71,33.23,38.42,57.33,2.9,2698.4,0.315,0.7486,1
22.14,62.41,31.43,30.35,40.0,1.19,1240.7,0.554,0.3212,0
26.26,58.42,45.3,37.54,8.84,2.29,715.0,0.779,0.3055,0
187.79,531.5,86.61,36.73,84.86,20.23,2193.9,0.321,0.9981,1
213.54,430.31,69.33,41.86,52.1,19.54,3283.4,0.449,0.9946,1
88.48,244.36,39.0,42.37,80.1,6.97,2472.0,0.312,0.9495,1
100.74,301.78,58.07,24.31,52.62,8.53,832.9,0.469,0.9208,1
45.54,141.37,50.66,36.16,82.44,4.13,1566.6,0.393,0.8731,1
152.93,473.41,63.6,42.12,49.76,23.51,2923.0,0.4,0.9941,1
91.97,227.6,45.05,39.09,65.26,9.62,367.1,0.309,0.9207,1
380.0,750.0,86.26,49.69,55.65,42.05,1310.7,0.367,1.0,1
18.52,73.74,36.32,43.02,54.22,0.86,1479.9,0.302,0.6306,1
27.81,82.78,37.62,29.97,43.96,1.45,1693.7,0.575,0.4135,0
315.96,750.0,77.99,25.88,43.44,33.3,2043.5,0.591,0.9995,1
8.51,32.72,34.43,42.57,59.86,0.45,1829.2,0.474,0.5401,1
78.15,165.93,48.1,22.83,72.35,6.33,736.8,0.355,0.8766,1
108.69,257.17,46.31,41.09,93.5,6.58,1575.9,0.282,0.9617,1
38.51,102.89,34.66,54.06,43.07,2.4,1417.8,0.563,0.6512,1
24.82,80.02,42.98,40.83,32.4,2.01,3266.8,0.384,0.4959,0
19.85,61.35,37.28,36.48,20.1,1.52,2651.3,0.513,0.3245,0
34.31,119.79,38.3,42.59,39.71,2.27,3058.1,0.452,0.5959,1
67.37,224.94,44.94,38.08,56.02,4.8,2541.8,0.383,0.8833,1
15.52,73.4,27.31,40.1,59.24,0.86,387.7,0.367,0.5822,1
35.68,114.52,44.71,54.14,68.66,3.8,1764.4,0.271,0.8598,1
21.45,84.84,32.41,36.43,42.83,1.19,2767.3,0.367,0.5172,1
88.6,292.13,62.23,55.6,68.52,8.72,2151.8,0.207,0.9627,1
17.6,35.75,37.05,52.0,67.84,1.39,2703.2,0.269,0.7429,1
23.46,74.52,42.27,31.13,42.36,2.32,3374.4,0.251,0.602,1
8.56,45.09,43.0,25.81,43.35,0.9,1016.4,0.438,0.2562,0
13.67,58.59,29.9,27.42,15.06,0.61,3445.2,0.614,0.2084,0
28.29,120.61,31.61,22.0,77.32,1.43,597.8,0.392,0.6157,1
23.07,98.73,37.23,27.12,54.6,2.04,3236.1,0.406,0.5731,1
19.73,60.33,32.21,43.7,67.58,0.99,837.5,0.341,0.6827,1
36.85,83.72,36.74,25.91,51.52,2.23,2574.0,0.476,0.5462,1
25.57,98.47,37.97,34.75,63.97,1.97,2784.9,0.462,0.6166,1
46.3,151.59,43.89,49.2,71.75,3.94,2876.8,0.33,0.8113,1
29.25,66.64,31.33,22.53,58.61,2.15,1644.5,0.478,0.5889,1
26.41,100.82,45.65,48.0,61.97,2.41,758.9,0.267,0.8239,1
28.43,62.53,23.49,33.75,80.17,1.23,2826.9,0.349,0.688,1
158.44,427.12,60.51,28.2,66.18,12.43,2326.7,0.288,0.9917,1
37.03,104.48,27.39,44.1,41.03,2.5,1051.1,0.602,0.4773,0
174.01,408.75,69.47,42.21,33.26,21.14,1495.5,0.351,0.9912,1
135.9,376.67,68.67,50.63,49.95,18.15,1182.1,0.386,0.9888,1
39.05,86.55,49.1,45.27,39.18,3.55,3218.8,0.405,0.5515,1
23.51,56.13,48.97,47.59,65.95,2.49,2852.2,0.332,0.7418,1
86.9,269.26,44.45,33.75,14.57,7.88,3112.4,0.591,0.743,1
67.27,196.06,40.99,30.5,43.72,4.54,370.3,0.418,0.7845,1
19.99,87.06,48.91,45.77,62.22,1.83,2381.4,0.416,0.7344,1
49.66,120.18,34.44,47.72,61.17,3.89,1083.1,0.423,0.766,1
17.87,51.15,42.75,58.83,69.27,1.55,2669.1,0.253,0.7921,1
88.6,306.85,56.28,37.06,27.68,12.17,3140.6,0.569,0.9131,1
42.3,143.95,52.69,36.09,63.21,4.86,2727.5,0.548,0.7082,1
71.53,185.84,44.75,46.63,34.71,5.86,3205.8,0.483,0.7264,1
166.69,449.41,66.08,35.32,70.23,24.77,1515.8,0.42,0.9917,1
21.23,72.43,26.49,53.45,43.5,1.0,2259.7,0.255,0.709,1
54.97,127.69,34.06,49.77,48.38,2.77,1767.0,0.456,0.6777,1
39.25,136.46,45.93,37.43,54.93,3.64,2939.3,0.403,0.7132,1
60.94,117.98,41.7,45.78,73.85,4.22,2058.1,0.392,0.8423,1
103.06,331.55,60.05,45.9,41.38,7.63,2542.6,0.451,0.9359,1
67.72,183.71,51.98,27.53,25.96,5.2,2282.0,0.475,0.6807,1
39.0,106.62,43.69,51.86,58.04,2.42,3045.0,0.326,0.6713,1
3.93,45.96,48.15,39.14,49.76,0.42,1943.4,0.529,0.537,1
91.84,265.67,71.2,48.46,60.49,14.02,559.1,0.599,0.9599,1
6.35,31.41,36.03,34.78,96.58,0.46,3331.3,0.232,0.7495,1
97.95,290.91,63.25,51.5,64.97,14.96,2034.6,0.205,0.9745,1
127.23,364.13,49.25,36.51,66.9,8.97,2783.2,0.391,0.9702,1
60.41,218.44,35.47,21.09,15.64,3.03,2440.8,0.662,0.5191,1
57.92,121.17,33.98,52.0,85.39,4.69,1624.4,0.302,0.8654,1
140.17,377.88,68.3,26.96,46.73,19.54,3339.3,0.59,0.9649,1
20.84,60.39,43.15,34.76,71.91,1.73,2618.4,0.423,0.5069,1
67.68,208.7,58.3,54.74,38.5,8.53,964.0,0.337,0.9321,1
351.38,750.0,78.26,54.78,23.51,43.07,3486.2,0.476,0.9998,1
4.32,48.87,20.64,40.78,51.79,0.18,3499.5,0.33,0.4351,0
23.5,74.11,42.52,42.28,42.07,1.75,1155.4,0.329,0.5628,1
46.35,143.66,36.3,37.87,45.97,2.69,3451.1,0.554,0.6379,1
36.57,110.04,51.33,34.06,60.24,4.39,2237.4,0.51,0.6461,1
59.93,177.29,39.36,35.01,84.07,3.32,811.2,0.176,0.878,1
5.22,24.81,40.44,43.4,44.91,0.26,3428.2,0.529,0.5335,1
43.96,136.66,42.79,45.83,81.76,3.14,536.3,0.31,0.876,1
56.19,133.11,39.04,47.16,92.32,3.2,2303.4,0.339,0.848,1
188.9,564.48,80.56,47.09,37.1,34.3,2962.5,0.306,0.9978,1
100.02,238.0,48.64,26.96,43.28,6.64,2936.6,0.471,0.8112,1
18.81,69.64,44.48,38.89,60.03,2.02,220.5,0.349,0.5391,1
33.75,106.25,37.71,25.12,59.5,1.8,1603.1,0.459,0.6274,1
26.51,76.33,38.17,40.19,76.1,2.38,492.9,0.353,0.699,1
65.77,188.83,56.72,37.71,47.14,5.29,1056.7,0.279,0.8921,1
76.56,197.5,52.86,51.11,74.13,5.11,3295.5,0.254,0.9232,1
16.42,48.54,45.44,35.57,77.26,1.37,3118.6,0.325,0.7173,1
12.83,42.09,41.59,28.15,47.2,0.89,2375.4,0.45,0.4076,0
53.14,142.0,38.36,29.22,81.43,4.03,3164.7,0.358,0.7986,1
30.47,69.88,29.8,46.13,46.64,1.85,1243.6,0.596,0.5821,1
46.82,126.73,31.95,41.92,87.82,3.61,2932.9,0.288,0.8484,1
149.32,406.27,57.45,27.43,74.33,20.92,2460.3,0.287,0.9895,1
22.79,62.06,38.89,26.6,91.36,1.63,2622.2,0.414,0.6854,1
5.74,22.29,40.74,44.23,75.78,0.34,483.0,0.397,0.4467,0
143.65,434.02,72.34,26.0,35.99,15.81,1351.6,0.605,0.9756,1
17.46,43.72,47.95,48.28,96.04,1.11,360.8,0.179,0.7939,1
18.28,62.29,36.78,44.39,74.46,1.05,696.7,0.419,0.5915,1
67.77,193.4,46.67,26.46,83.82,7.54,1095.9,0.434,0.8535,1
13.54,49.57,41.37,26.64,35.67,0.94,2132.8,0.609,0.2747,0
66.18,265.91,52.12,58.24,33.13,6.96,2707.6,0.434,0.9261,1
32.41,78.15,30.98,36.15,70.53,2.49,558.0,0.462,0.5791,1
20.81,66.35,25.7,36.06,18.67,0.72,380.5,0.566,0.3281,0
50.06,133.28,59.02,47.94,71.13,6.52,3116.0,0.353,0.891,1
39.45,87.5,43.14,54.54,44.9,3.59,630.3,0.346,0.7014,1
43.78,106.07,46.68,58.16,73.19,4.63,1679.4,0.232,0.8485,1
40.95,93.26,51.09,45.86,62.55,2.88,572.1,0.497,0.7427,1
79.29,253.02,40.44,36.2,67.31,5.94,1965.7,0.352,0.8869,1
23.38,61.05,35.91,26.57,38.69,1.7,550.7,0.513,0.3334,0
86.48,229.6,43.39,46.66,88.71,8.21,2715.6,0.242,0.9666,1
27.55,121.64,51.91,40.41,92.22,3.04,482.4,0.315,0.8936,1
10.18,33.25,32.96,37.32,45.02,0.65,1619.7,0.346,0.435,0
38.4,125.57,44.53,52.06,74.25,3.09,1587.9,0.228,0.8067,1
11.44,79.44,32.53,27.89,22.69,0.9,3238.5,0.567,0.3464,0
51.99,142.88,43.2,38.85,61.98,3.23,1618.4,0.405,0.8028,1
13.09,57.64,45.17,21.16,60.97,0.87,434.1,0.393,0.5344,1
18.42,60.66,38.09,38.31,31.77,0.94,1993.3,0.534,0.3813,0
15.1,39.24,30.64,25.04,55.88,0.62,2592.4,0.437,0.4508,0
55.98,173.63,54.14,28.23,86.15,7.08,1313.3,0.379,0.8644,1
49.62,111.79,42.61,28.17,88.63,4.2,2208.3,0.448,0.7381,1
97.64,270.98,48.62,42.75,48.59,11.47,601.5,0.439,0.9064,1
20.25,55.65,34.56,45.62,33.44,1.65,1603.6,0.505,0.4523,0
41.25,129.35,37.17,41.02,55.54,2.44,747.5,0.321,0.8157,1
103.04,350.47,58.47,55.68,69.6,12.25,1103.1,0.165,0.9872,1
29.15,148.52,33.3,36.16,58.17,1.64,2315.3,0.496,0.5998,1
15.61,46.09,45.74,33.86,53.48,1.67,2686.9,0.574,0.4537,0
43.61,112.32,43.87,50.22,41.66,4.12,1228.0,0.52,0.7696,1
198.94,630.79,78.91,32.03,36.74,21.36,3466.4,0.434,0.9973,1
51.36,178.25,49.77,55.77,73.36,3.91,1139.8,0.228,0.921,1
55.3,133.23,29.58,21.27,46.71,3.36,695.5,0.376,0.575,1
36.93,101.88,25.8,56.36,66.84,1.45,3062.6,0.227,0.74,1
57.02,168.71,45.06,24.16,12.72,4.87,2344.0,0.625,0.6368,1
64.6,155.5,29.86,51.28,47.39,2.93,2442.5,0.417,0.758,1
27.37,66.28,42.72,39.67,89.12,2.44,2821.2,0.309,0.824,1
25.95,56.22,44.08,59.27,83.73,1.48,3498.3,0.301,0.8055,1
22.24,70.4,50.27,26.06,48.1,2.39,1137.6,0.582,0.3721,0
239.73,548.17,83.32,40.29,55.75,32.72,2008.6,0.411,0.999,1
8.21,23.41,45.07,56.31,26.02,0.66,2524.0,0.487,0.5446,1
106.7,272.17,37.18,39.56,80.51,7.25,682.5,0.336,0.9503,1
3.44,34.46,35.93,42.22,27.92,0.18,1212.5,0.581,0.2899,0
175.13,384.43,45.97,44.08,57.4,19.52,1211.9,0.489,0.9875,1
69.71,185.07,39.26,38.0,67.86,3.28,1280.6,0.404,0.8057,1
19.22,74.68,36.43,42.17,20.17,1.18,2570.1,0.553,0.3528,0
17.0,54.41,30.44,41.05,52.42,0.71,2155.4,0.452,0.5845,1
10.02,36.03,30.52,51.78,95.65,0.51,2562.4,0.2,0.7383,1
134.92,430.61,62.52,24.32,34.95,11.26,1890.8,0.66,0.9358,1
55.82,146.48,33.79,33.72,45.67,3.19,3353.0,0.347,0.6826,1
23.92,50.63,28.93,54.76,62.98,1.0,1918.2,0.333,0.6513,1
31.28,76.64,27.1,51.24,55.65,1.63,2191.7,0.403,0.6369,1
220.47,551.93,59.99,38.02,90.59,16.08,1184.4,0.304,0.999,1
156.86,472.56,72.77,41.97,78.03,21.21,393.9,0.291,0.9979,1
10.87,29.33,31.38,33.62,69.05,0.53,2891.2,0.491,0.4798,0
121.25,310.58,52.59,30.87,20.89,10.32,3026.3,0.469,0.9284,1
27.09,60.23,31.56,38.2,55.23,1.42,3007.8,0.483,0.5405,1
10.53,49.25,20.14,35.63,77.74,0.43,2845.5,0.332,0.4387,0
88.37,262.41,46.89,41.03,57.63,9.05,1086.4,0.294,0.8948,1
7.7,32.56,36.65,26.27,41.76,0.46,2096.9,0.546,0.2785,0
23.89,66.77,50.42,56.8,57.12,2.89,2889.3,0.225,0.7109,1
120.02,356.45,66.48,58.18,61.5,17.31,2263.9,0.218,0.9857,1
131.15,287.67,60.41,44.15,36.39,13.67,3363.3,0.44,0.9356,1
63.86,178.99,55.22,39.87,74.19,4.68,2436.4,0.438,0.9222,1
14.61,57.92,25.09,34.5,32.83,0.71,2050.2,0.595,0.4109,0
42.1,138.9,45.49,47.98,50.35,3.83,3484.8,0.419,0.782,1
25.62,59.14,40.76,43.75,41.97,1.44,1964.0,0.49,0.4748,0
92.11,225.13,44.96,29.96,83.79,9.56,3391.0,0.423,0.9342,1
16.63,45.86,48.27,52.3,41.24,1.36,240.1,0.311,0.6229,1
29.52,56.64,49.76,48.31,35.06,2.05,2015.3,0.584,0.5816,1
92.11,267.16,54.25,54.72,48.84,9.38,1153.6,0.316,0.9432,1
38.42,117.2,40.34,44.98,43.51,2.71,1505.6,0.309,0.6184,1
119.99,385.34,56.1,41.8,87.51,13.7,490.2,0.162,0.9891,1
209.41,531.04,72.17,37.18,44.57,21.53,1071.9,0.288,0.9968,1
65.78,182.76,33.14,53.57,92.32,2.67,2079.8,0.151,0.9348,1
80.67,191.47,38.79,50.11,52.6,5.69,2580.4,0.345,0.852,1
134.51,299.68,45.07,24.31,77.49,8.51,3204.1,0.38,0.9551,1
29.44,70.11,37.05,22.82,41.93,1.53,964.8,0.515,0.4328,0
34.37,83.74,40.71,36.2,85.6,2.91,2824.9,0.261,0.7766,1
22.58,69.9,42.63,47.86,65.84,1.48,281.0,0.372,0.7322,1
38.75,111.85,31.21,58.33,37.96,2.77,3149.6,0.434,0.5807,1
78.87,253.54,59.07,29.51,89.75,8.71,2162.7,0.388,0.9551,1
14.13,54.87,38.39,41.3,44.67,1.08,2991.0,0.264,0.4819,0
6.48,42.99,39.23,36.31,54.86,0.41,1042.2,0.454,0.488,0
21.05,63.29,39.66,56.36,71.26,1.24,1430.9,0.255,0.7595,1
53.57,142.83,45.13,49.09,40.29,3.4,520.4,0.376,0.7108,1
219.78,426.41,72.62,48.93,15.85,33.82,460.3,0.605,0.9918,1
52.61,172.73,54.29,38.31,90.88,5.99,2927.3,0.349,0.8914,1
165.67,474.06,69.99,37.11,43.37,21.34,1180.1,0.346,0.993,1
123.03,255.56,55.88,33.51,26.46,15.23,1363.7,0.639,0.913,1
9.57,37.31,29.69,25.04,70.61,0.64,1951.0,0.357,0.5012,1
33.99,100.83,32.86,50.05,57.09,1.98,2413.2,0.32,0.7378,1
19.42,88.77,37.98,47.94,56.19,1.51,353.9,0.36,0.701,1
155.45,459.19,55.37,61.45,61.42,20.53,2095.0,0.157,0.9952,1
20.97,56.86,31.51,60.12,83.5,0.86,2213.2,0.193,0.7441,1
2.77,10.38,33.05,40.33,71.16,0.11,3006.3,0.264,0.5498,1
44.76,129.09,46.56,46.38,26.16,3.78,710.3,0.454,0.7581,1
41.35,149.4,45.74,54.36,19.28,3.09,1685.9,0.517,0.6464,1
19.22,58.76,31.64,49.4,81.37,0.8,1764.9,0.432,0.6933,1
227.04,566.66,73.66,32.75,98.96,23.32,2996.9,0.442,0.9991,1
125.19,286.69,40.91,37.91,69.23,7.86,1396.2,0.301,0.9595,1
127.59,419.04,73.37,28.66,54.91,12.44,467.4,0.649,0.9785,1
177.54,471.8,59.14,55.03,64.41,16.95,2184.1,0.241,0.9956,1
97.12,270.34,52.66,41.61,60.97,7.02,2384.5,0.282,0.9707,1
23.28,146.16,29.49,32.18,62.25,1.38,2121.9,0.415,0.6052,1
77.97,255.63,62.34,43.38,71.48,10.24,1816.6,0.305,0.9663,1
16.31,43.35,43.09,41.92,59.17,1.55,903.4,0.332,0.7112,1
258.83,652.78,63.06,35.75,43.35,38.04,1977.5,0.418,0.9988,1
7.02,84.17,29.89,28.0,79.37,0.25,319.1,0.479,0.5226,1
75.52,286.8,66.27,43.38,49.49,7.15,2070.3,0.41,0.945,1
16.14,64.6,34.48,39.49,56.45,1.26,1814.0,0.349,0.6089,1
14.55,38.98,41.83,46.49,77.54,0.75,3343.7,0.191,0.7047,1
192.55,610.12,76.14,39.49,79.97,30.27,1255.8,0.255,0.9992,1
25.38,89.05,37.76,49.51,81.57,1.38,271.8,0.244,0.7167,1
33.21,82.87,46.55,40.25,73.64,2.87,2708.4,0.349,0.7641,1
161.7,396.59,50.13,40.47,75.31,19.87,753.3,0.372,0.9913,1
9.66,34.38,45.59,50.59,51.44,0.9,1996.7,0.377,0.5732,1
21.0,56.99,35.77,36.84,34.06,1.26,909.0,0.544,0.3674,0
34.05,66.4,46.05,28.86,20.0,3.29,1980.1,0.574,0.3765,0
9.04,24.19,26.69,23.03,75.74,0.29,2117.3,0.451,0.3433,0
41.66,99.63,28.6,45.92,66.45,2.9,2383.6,0.271,0.7803,1
6.18,39.75,25.29,41.98,37.81,0.26,1430.9,0.514,0.3719,0
20.88,47.72,36.55,44.32,64.56,1.89,401.6,0.393,0.6157,1
43.72,151.68,37.01,31.69,36.43,3.36,2169.8,0.607,0.4989,0
3.2,7.24,36.25,28.95,83.68,0.18,3052.9,0.473,0.534,1
104.11,285.94,61.6,21.58,8.9,12.82,1934.0,0.865,0.7049,1
29.49,73.29,46.69,35.56,49.73,2.33,1025.8,0.583,0.4798,0
93.59,270.56,52.02,41.19,93.89,9.91,1564.4,0.31,0.9858,1
164.57,445.75,77.52,36.58,41.29,28.42,1982.8,0.593,0.9908,1
85.25,213.73,44.05,37.62,93.13,6.8,489.3,0.44,0.9062,1
19.78,61.87,47.84,51.94,27.76,1.41,2074.7,0.403,0.5698,1
45.94,146.38,50.47,35.51,46.29,5.74,560.7,0.387,0.7434,1
15.83,53.19,36.16,39.35,49.68,0.99,786.9,0.312,0.492,0
330.89,750.0,98.0,46.89,76.88,46.35,1497.0,0.304,1.0,1
207.65,619.84,87.65,36.68,56.05,39.33,2837.9,0.343,0.9991,1
259.5,750.0,73.44,42.02,28.27,39.1,2918.5,0.643,0.9991,1
25.98,54.02,50.23,49.94,89.55,2.95,1132.7,0.085,0.8563,1
33.93,118.66,37.47,54.7,64.86,1.53,1975.3,0.268,0.7848,1
50.01,152.58,45.23,29.38,66.76,3.74,509.2,0.523,0.7332,1
29.72,97.71,32.71,53.2,56.75,1.56,3492.4,0.356,0.7021,1
40.34,104.25,52.47,38.84,71.23,5.08,2358.0,0.433,0.7638,1
8.12,39.73,35.14,33.07,13.53,0.47,939.8,0.506,0.2688,0
29.4,111.07,48.24,38.1,70.96,2.67,3169.0,0.257,0.7795,1
119.51,329.56,63.58,57.41,82.4,9.15,1354.2,0.289,0.9835,1
115.68,235.16,59.71,38.85,53.45,15.54,1108.3,0.467,0.9501,1
74.34,225.94,59.12,35.01,42.21,5.93,1181.5,0.543,0.8581,1
61.32,181.87,58.55,42.32,53.27,8.43,1803.9,0.401,0.777,1
30.94,94.04,34.9,32.54,29.43,2.33,310.4,0.678,0.2366,0
10.95,25.55,25.92,26.17,39.58,0.55,2349.8,0.552,0.2588,0
9.33,33.73,42.29,28.65,69.31,0.86,3327.6,0.487,0.4615,0
32.52,94.71,31.54,28.62,48.77,2.29,2891.3,0.53,0.5279,1
141.17,316.32,61.55,29.56,86.79,18.92,2876.5,0.202,0.9844,1
142.51,375.68,75.43,29.05,44.04,22.13,2754.4,0.547,0.9778,1
59.52,151.31,35.58,42.53,46.91,4.97,1377.3,0.485,0.7728,1
8.42,21.44,30.84,30.65,40.84,0.45,828.4,0.588,0.3098,0
29.73,121.02,45.9,35.44,89.43,2.64,1237.4,0.269,0.7853,1
31.1,82.15,42.42,51.56,52.61,3.25,770.2,0.446,0.6808,1
55.93,115.56,37.73,38.43,53.41,3.55,3008.1,0.328,0.7078,1
111.91,317.33,55.41,43.26,14.76,13.49,1589.4,0.561,0.917,1
81.22,277.47,46.83,30.31,28.69,6.5,2879.5,0.506,0.8291,1
29.22,129.72,49.33,31.01,32.33,2.61,1158.0,0.437,0.6351,1
64.48,189.15,46.5,24.0,73.56,4.91,674.4,0.354,0.8241,1
37.68,97.87,36.41,30.19,72.27,1.92,3072.9,0.495,0.6972,1
122.7,403.78,59.52,33.66,50.53,17.99,2836.4,0.548,0.9776,1
16.03,60.33,40.78,30.48,66.26,1.16,2035.3,0.378,0.5518,1
14.45,76.0,35.64,26.84,31.63,0.81,606.8,0.546,0.2925,0
54.38,177.17,53.99,28.3,90.66,5.99,1309.9,0.25,0.8922,1
13.13,40.12,38.65,38.14,80.4,0.68,389.9,0.426,0.6532,1
31.75,102.54,56.17,31.47,79.22,3.4,3164.1,0.459,0.7512,1
58.29,181.55,39.49,35.9,82.04,4.48,992.9,0.234,0.8495,1
230.21,608.36,78.89,39.1,34.32,26.42,1926.8,0.343,0.9984,1
31.11,99.93,46.7,43.92,64.89,3.56,3308.1,0.507,0.6649,1
224.24,511.94,76.39,23.88,80.58,33.8,2256.3,0.474,0.9981,1
27.0,87.02,37.67,47.45,62.52,1.51,2256.1,0.371,0.7807,1
34.96,79.85,31.98,42.18,17.26,2.55,2948.4,0.483,0.5153,1
180.61,562.39,82.95,26.48,43.43,23.96,2488.3,0.478,0.9944,1
66.06,153.96,46.9,50.45,49.31,6.66,1803.0,0.385,0.85,1
6.31,48.8,31.31,52.86,34.96,0.4,603.2,0.52,0.481,0
53.58,162.56,36.9,25.33,44.25,2.78,1839.0,0.47,0.5878,1
24.5,73.58,44.99,33.61,61.34,1.46,800.4,0.514,0.7359,1
120.1,298.5,62.26,47.69,69.59,14.88,1823.1,0.269,0.9726,1
23.64,73.26,31.63,45.7,87.03,1.55,272.4,0.164,0.798,1
160.29,427.03,68.2,30.74,31.75,14.98,1363.2,0.54,0.9755,1
15.67,71.04,38.6,31.57,70.49,0.86,382.5,0.466,0.5684,1
15.34,44.05,29.15,36.06,50.32,0.57,680.6,0.525,0.4322,0
34.07,123.78,29.18,38.67,30.33,1.37,2493.2,0.417,0.5372,1
48.62,142.0,53.33,41.92,79.84,5.09,3421.8,0.444,0.8146,1
26.65,104.82,48.75,36.02,75.26,1.9,2063.6,0.287,0.7362,1
53.94,184.44,41.92,38.18,82.37,3.56,759.3,0.365,0.8076,1
22.72,78.97,35.06,45.67,57.1,1.53,1442.3,0.285,0.6289,1
38.82,118.48,53.1,23.68,53.77,3.58,973.4,0.528,0.6232,1
4.42,12.36,45.49,32.9,19.93,0.46,357.9,0.555,0.2874,0
24.75,61.33,26.46,44.6,32.77,1.27,3213.1,0.449,0.4024,0
50.46,171.6,48.2,51.48,72.79,3.34,1989.1,0.369,0.8831,1
6.93,30.4,28.11,39.29,67.68,0.33,691.3,0.435,0.4592,0
114.59,236.37,50.9,39.77,46.14,8.96,2660.9,0.5,0.9236,1
105.27,267.32,58.23,27.71,72.5,9.42,765.2,0.251,0.9494,1
6.67,50.35,38.66,37.84,56.43,0.4,881.5,0.419,0.5263,1
15.41,53.07,25.23,39.78,72.87,0.68,2185.1,0.467,0.5417,1
217.32,451.34,66.46,32.61,28.6,19.81,1607.3,0.501,0.9929,1
109.8,332.12,47.3,33.39,93.7,7.94,3152.6,0.448,0.9778,1
13.55,62.32,36.11,36.22,33.07,1.03,2169.1,0.585,0.2758,0
145.05,382.49,68.17,22.2,46.7,22.5,802.1,0.499,0.9735,1
41.43,105.4,50.39,34.84,34.17,2.54,1766.5,0.488,0.5524,1
66.27,218.63,47.5,31.64,43.62,4.12,2598.2,0.332,0.8321,1
148.22,465.85,64.23,34.98,64.48,22.01,2180.4,0.412,0.9886,1
79.57,227.53,62.55,28.27,11.32,7.36,1260.0,0.542,0.7172,1
56.0,142.08,32.4,51.25,81.34,2.91,1475.2,0.147,0.901,1
25.29,153.01,44.72,41.28,70.15,1.85,2396.6,0.481,0.7685,1
26.92,74.75,43.53,43.59,38.42,2.73,1912.7,0.39,0.5704,1
68.29,216.9,42.65,47.08,33.49,4.11,443.4,0.612,0.742,1
80.27,157.26,41.82,38.99,67.91,7.57,2010.6,0.235,0.8942,1
233.84,456.55,67.7,26.75,74.01,28.62,1700.8,0.282,0.9981,1
19.63,56.49,44.11,39.89,48.41,1.92,2889.3,0.474,0.5117,1
20.96,63.13,33.53,41.11,47.44,1.47,570.7,0.491,0.5197,1
120.43,283.96,42.47,45.6,19.84,11.01,203.4,0.676,0.8789,1
36.31,107.67,44.65,37.49,86.31,2.19,2908.5,0.272,0.78,1
59.65,145.76,35.07,28.6,60.65,3.35,897.1,0.441,0.6669,1
2.87,18.3,31.9,33.8,68.4,0.14,304.0,0.506,0.451,0
19.29,68.73,35.51,35.87,28.51,0.93,929.3,0.499,0.4419,0
77.55,153.0,35.23,42.66,42.36,5.55,3123.8,0.473,0.7031,1
28.87,106.51,28.28,40.71,21.48,1.72,764.8,0.386,0.4554,0
169.32,437.42,61.56,35.7,72.54,14.42,1256.0,0.472,0.9916,1
380.0,750.0,98.0,58.23,77.88,65.0,2214.9,0.493,1.0,1
44.97,149.35,53.38,41.6,60.46,3.78,792.2,0.328,0.8315,1
13.5,85.57,47.86,32.45,70.85,1.09,2329.0,0.63,0.5549,1
55.8,159.61,45.51,27.46,66.23,6.33,2532.0,0.536,0.719,1
82.26,229.11,37.71,29.6,77.03,4.5,962.5,0.476,0.9018,1
27.26,87.2,47.86,32.71,76.41,1.77,517.6,0.401,0.6983,1
33.84,158.32,37.36,29.89,26.47,1.96,1526.5,0.574,0.4803,0
102.38,199.84,41.58,30.81,46.05,10.27,2505.5,0.535,0.8617,1
61.45,158.99,40.46,33.84,67.92,3.37,2884.6,0.427,0.7818,1
18.35,46.05,32.44,30.35,51.47,1.19,321.0,0.29,0.4255,0
100.39,269.24,41.79,51.56,43.77,9.36,1970.7,0.418,0.9117,1
46.86,172.61,36.92,26.4,74.52,4.15,1049.3,0.569,0.6083,1
37.24,129.34,59.21,39.59,41.51,4.02,1573.1,0.516,0.758,1
81.95,271.39,57.75,37.0,65.18,8.5,1944.9,0.28,0.9578,1
119.91,228.88,51.22,57.69,50.41,13.98,2626.3,0.313,0.9439,1
22.04,67.76,32.58,27.93,39.6,1.04,331.3,0.633,0.3603,0
49.7,97.48,37.5,36.71,55.2,3.36,762.2,0.47,0.599,1
17.64,95.52,42.17,56.32,74.86,1.51,2233.9,0.372,0.6814,1
160.12,340.78,65.74,50.08,43.43,22.21,1654.8,0.448,0.9824,1
29.38,96.17,50.95,48.1,69.33,2.01,892.6,0.427,0.7816,1
71.81,181.29,37.03,33.07,62.35,6.19,414.4,0.479,0.7783,1
24.55,90.67,33.29,30.26,27.51,1.85,3218.8,0.579,0.3121,0
180.3,475.55,71.69,43.29,22.91,20.84,1397.6,0.566,0.993,1
24.19,62.12,51.02,53.36,47.14,2.24,1554.8,0.18,0.7267,1
335.74,730.24,87.76,40.37,28.32,50.07,362.1,0.446,0.9999,1
2.27,9.23,38.26,40.73,97.67,0.22,2637.3,0.341,0.689,1
22.55,73.24,29.26,33.7,81.57,1.29,3474.2,0.226,0.6331,1
6.33,100.26,45.66,46.4,52.33,0.45,3428.4,0.484,0.6427,1
265.99,646.83,81.32,30.83,52.51,46.93,1227.0,0.481,0.9994,1
112.49,337.81,53.9,34.88,52.51,13.75,3371.8,0.371,0.9605,1
27.76,104.12,39.13,37.35,77.37,2.33,1545.3,0.365,0.7031,1
20.57,65.72,39.76,39.2,60.83,1.07,1477.9,0.319,0.6291,1
5.2,47.03,24.67,32.61,59.52,0.2,2944.4,0.501,0.3742,0
203.71,470.73,62.01,28.05,78.62,21.11,2812.9,0.507,0.9954,1
12.19,73.09,31.92,41.72,43.18,0.58,1767.2,0.443,0.5062,1
44.01,118.53,51.89,33.94,20.06,4.17,1676.5,0.697,0.4542,0
26.56,141.9,30.54,40.97,81.47,1.31,3395.9,0.39,0.789,1
50.65,180.93,35.35,29.66,71.83,2.23,1548.1,0.466,0.7474,1
54.76,164.52,42.66,38.59,71.14,4.78,3043.7,0.419,0.8331,1
30.31,72.98,39.47,39.78,78.71,2.11,2663.3,0.304,0.689,1
25.87,50.01,32.98,24.75,76.11,1.05,552.9,0.431,0.5251,1
44.89,97.31,50.74,35.21,44.9,5.5,724.6,0.49,0.6932,1
19.9,76.03,28.29,28.88,27.81,1.15,323.7,0.569,0.32,0
58.19,130.35,41.99,25.47,81.95,3.17,316.1,0.366,0.7868,1
51.43,120.61,39.5,58.74,58.6,4.79,2194.7,0.284,0.8876,1
26.17,60.7,28.46,34.84,14.7,1.3,454.1,0.441,0.2946,0
49.15,96.65,27.57,47.83,70.84,2.05,649.4,0.228,0.8517,1
15.77,59.22,46.42,32.97,31.72,0.92,1006.3,0.494,0.4379,0
199.16,666.53,77.91,43.66,48.12,33.65,2026.0,0.315,0.9994,1
59.82,118.25,53.93,46.09,52.3,7.94,955.5,0.426,0.7833,1
8.86,29.88,31.5,41.34,64.87,0.4,1506.5,0.49,0.452,0
11.96,45.55,36.82,38.38,93.7,0.77,1366.0,0.257,0.757,1
214.4,527.54,76.42,37.04,26.98,24.72,1507.8,0.619,0.9939,1
45.61,162.2,38.02,35.52,71.67,3.37,3265.8,0.49,0.7587,1
47.61,113.64,41.43,53.37,56.07,4.6,3400.0,0.236,0.8888,1
15.31,94.1,50.04,48.63,46.82,1.05,439.2,0.401,0.5187,1
42.37,137.64,37.29,55.92,73.89,2.51,564.7,0.162,0.8684,1
305.93,750.0,83.52,28.46,66.32,36.13,380.4,0.235,0.9998,1
52.13,109.05,48.8,45.14,41.59,3.81,1479.2,0.471,0.7575,1
19.79,72.26,31.37,53.93,74.72,0.85,3008.7,0.178,0.7251,1
28.21,118.48,40.99,30.63,63.76,2.34,2839.4,0.27,0.6747,1
77.0,267.61,51.35,25.65,83.9,4.97,1370.8,0.405,0.9385,1
37.76,76.9,41.36,45.47,70.86,3.35,2677.3,0.302,0.7301,1
29.39,56.46,42.69,40.8,72.71,1.74,3430.6,0.325,0.6972,1
51.44,159.05,45.93,49.08,53.46,3.65,840.0,0.405,0.7674,1
97.95,278.17,59.63,29.09,89.24,9.63,3380.8,0.455,0.9343,1
22.16,74.75,31.32,47.3,61.41,1.18,2743.6,0.356,0.5321,1
7.44,39.3,44.12,31.32,20.57,0.47,578.4,0.619,0.1749,0
54.32,148.09,41.68,30.0,60.06,4.16,2821.9,0.44,0.6288,1
16.86,41.97,39.48,30.02,72.24,1.57,537.4,0.372,0.4943,0
12.6,54.88,28.02,48.01,54.82,0.63,298.1,0.421,0.5567,1
3.97,45.23,22.46,43.2,44.97,0.11,2723.2,0.36,0.3635,0
90.9,210.77,53.71,39.56,61.86,8.17,3153.4,0.374,0.903,1
60.94,146.35,37.92,35.77,22.79,3.98,1521.3,0.396,0.6497,1
78.24,220.27,47.12,50.61,78.48,5.78,279.4,0.145,0.9564,1
84.11,244.16,35.64,36.58,65.95,4.75,2171.9,0.419,0.9031,1
107.89,331.69,60.54,48.08,94.56,9.53,969.9,0.327,0.9864,1
24.09,55.4,37.95,37.66,78.56,2.23,1994.4,0.337,0.7366,1
65.79,187.11,56.48,36.21,53.84,7.02,1249.2,0.45,0.8584,1
207.73,521.66,79.95,38.18,46.7,31.52,2253.9,0.56,0.9966,1
53.15,139.71,48.34,34.29,79.47,4.5,1059.0,0.388,0.8878,1
29.02,79.27,31.69,45.67,78.69,1.84,689.8,0.362,0.8072,1
40.58,144.07,43.73,39.08,40.61,3.11,2683.0,0.447,0.612,1
49.29,115.66,43.81,32.3,45.32,4.53,1978.2,0.469,0.6651,1
102.87,289.69,43.72,51.7,89.4,5.91,1247.5,0.097,0.9772,1
187.9,435.87,73.44,36.38,68.21,17.09,2272.1,0.545,0.9949,1
125.62,363.61,63.79,40.05,59.14,15.47,1147.8,0.462,0.9815,1
50.34,146.97,30.53,52.06,63.08,3.31,1405.5,0.196,0.7594,1
161.49,327.98,70.71,42.08,84.59,23.63,1440.2,0.304,0.9953,1
131.19,270.07,59.35,28.14,56.63,13.38,947.3,0.606,0.9458,1
84.23,213.57,54.56,54.03,64.47,5.53,1654.9,0.284,0.9518,1
13.44,49.76,27.28,42.17,48.18,0.5,2890.3,0.539,0.4972,0
19.93,84.73,30.83,35.17,39.63,1.05,3404.2,0.741,0.373,0
207.82,594.91,79.18,29.07,58.69,33.96,924.1,0.453,0.9984,1
15.21,64.97,34.63,47.25,98.16,0.85,3298.2,0.153,0.8113,1
150.49,306.65,53.43,41.97,68.29,15.2,1117.0,0.249,0.9843,1
18.49,55.59,23.22,39.8,75.27,0.61,1750.7,0.432,0.5407,1
49.02,132.59,45.31,51.41,36.49,3.16,532.1,0.424,0.7275,1
178.82,543.67,59.59,47.06,72.15,23.08,2206.5,0.247,0.9976,1
153.73,581.95,72.46,29.55,71.35,19.71,1885.8,0.424,0.9974,1
83.05,241.28,62.66,34.56,57.18,12.66,2440.4,0.446,0.9078,1
90.98,267.42,67.26,32.79,78.29,9.02,2181.4,0.515,0.9484,1
20.67,71.53,46.85,45.56,93.25,1.73,3438.7,0.391,0.7837,1
37.5,124.03,43.72,23.43,58.63,2.37,2741.5,0.419,0.6542,1
133.47,403.63,60.93,40.69,72.78,12.46,3386.1,0.392,0.987,1
16.74,59.0,35.78,46.16,83.19,1.22,1934.2,0.248,0.8021,1
59.03,170.4,33.63,50.59,93.09,4.73,1128.7,0.168,0.9301,1
34.19,107.56,28.98,35.35,75.21,1.35,1955.5,0.42,0.7317,1
12.5,40.57,38.84,48.26,79.66,0.66,1740.3,0.264,0.7024,1
30.9,129.28,37.44,27.87,67.12,2.82,1609.8,0.47,0.5196,1
161.47,293.63,41.61,49.27,75.09,14.49,1523.5,0.217,0.9841,1
23.13,113.52,41.52,28.59,55.79,1.54,2877.5,0.587,0.5819,1
61.03,195.33,51.97,36.7,70.12,5.48,2645.7,0.367,0.8952,1
57.79,178.18,40.32,47.37,50.61,5.19,2324.8,0.263,0.8727,1
54.69,194.59,48.38,29.49,79.47,5.58,2328.6,0.452,0.8716,1
70.21,179.72,46.21,32.2,36.96,6.46,1433.9,0.635,0.7146,1
34.6,124.07,38.28,44.87,68.02,3.08,1646.4,0.355,0.7989,1
25.84,91.61,44.25,44.81,51.38,1.84,703.4,0.452,0.705,1
89.58,221.8,42.37,42.53,59.33,5.6,2110.7,0.342,0.9362,1
48.16,199.89,42.49,44.02,92.04,3.55,662.7,0.131,0.9478,1
77.99,170.64,37.63,40.03,79.94,3.55,3220.5,0.369,0.9335,1
104.7,277.83,50.8,32.89,42.44,9.89,1571.7,0.495,0.8713,1
4.76,11.96,24.99,35.44,79.04,0.2,340.7,0.422,0.4516,0
38.41,115.91,48.23,30.64,81.54,2.54,205.8,0.317,0.7278,1
201.89,636.97,75.76,52.17,65.59,35.76,2431.8,0.295,0.9992,1
16.63,34.86,38.73,41.03,82.74,0.94,2218.1,0.312,0.7307,1
27.99,126.22,38.88,36.78,63.99,2.3,2741.9,0.434,0.6813,1
9.69,55.62,35.65,38.16,51.19,0.73,2672.9,0.351,0.5704,1
93.87,236.57,45.62,54.54,56.45,5.38,210.2,0.383,0.9254,1
43.57,114.84,24.51,29.62,69.27,1.87,751.2,0.387,0.724,1
33.88,71.35,41.22,41.1,78.23,2.54,1275.4,0.233,0.7801,1
14.9,43.28,49.02,39.16,56.68,1.65,403.1,0.366,0.5973,1
211.97,613.31,83.35,41.74,56.2,35.54,788.0,0.36,0.9992,1
13.64,40.45,44.5,21.99,39.86,0.78,2118.7,0.593,0.3033,0
10.08,28.17,45.5,50.38,58.72,0.82,1708.3,0.358,0.5508,1
24.47,113.54,53.73,53.53,54.89,2.09,3039.8,0.458,0.6663,1
56.07,182.11,57.15,40.57,50.59,4.56,938.9,0.378,0.8857,1
40.09,141.36,41.32,44.1,31.61,2.58,1966.6,0.507,0.6215,1
182.49,593.43,64.22,52.95,86.68,26.87,3043.5,0.198,0.9989,1
30.96,62.46,25.25,44.42,92.63,1.57,399.4,0.223,0.7623,1
16.86,43.82,44.61,29.59,46.73,1.33,3071.2,0.464,0.3732,0
138.87,334.04,53.68,40.85,73.19,15.93,1335.1,0.301,0.9857,1
111.65,283.33,47.85,41.62,44.74,13.14,3036.4,0.482,0.9397,1
31.7,103.04,41.81,37.32,44.0,3.19,2449.9,0.521,0.6078,1
7.77,32.92,39.56,45.32,10.36,0.41,2420.2,0.46,0.3,0
92.75,250.26,64.07,53.67,48.33,9.7,358.2,0.257,0.9682,1
2.48,9.9,35.16,53.13,69.9,0.14,3305.9,0.363,0.6161,1
77.92,158.22,39.58,37.92,54.89,5.92,1622.7,0.472,0.8585,1
204.21,386.99,72.89,27.98,61.25,19.61,557.6,0.582,0.9885,1
18.11,42.67,30.22,58.0,81.45,1.31,2730.5,0.199,0.8068,1
77.69,206.89,35.27,48.96,59.78,6.08,3060.5,0.368,0.8762,1
31.74,91.08,51.23,28.47,43.87,2.21,3267.3,0.513,0.5379,1
247.78,525.85,75.88,52.86,77.09,28.78,1871.1,0.367,0.9994,1
25.75,93.89,25.79,50.28,46.74,0.92,1532.5,0.463,0.5651,1
13.39,40.0,19.02,39.46,91.68,0.46,2125.3,0.286,0.693,1
19.7,54.18,21.63,41.22,53.37,1.0,1179.5,0.427,0.5158,1
32.72,103.25,47.67,36.74,34.35,3.18,1496.3,0.49,0.4442,0
19.02,89.91,40.73,24.94,55.1,1.54,1978.8,0.308,0.6446,1
19.04,41.53,35.32,35.17,68.12,0.87,2920.5,0.365,0.621,1
51.28,124.95,32.23,47.57,87.36,3.93,3016.4,0.191,0.912,1
66.45,262.07,51.03,20.02,51.67,5.31,633.0,0.439,0.8107,1
71.4,149.44,30.18,35.13,31.01,5.11,642.0,0.587,0.6146,1
27.3,55.38,40.79,36.72,33.29,1.99,807.9,0.415,0.4414,0
217.9,579.48,73.75,39.9,30.11,30.33,2168.1,0.496,0.9974,1
23.21,57.97,43.05,52.8,71.11,1.98,869.3,0.276,0.7782,1
246.47,481.78,70.15,35.46,52.33,27.23,2221.4,0.38,0.9977,1
202.58,485.57,61.33,35.47,72.84,28.41,2593.7,0.396,0.9965,1
85.09,264.69,43.69,45.35,80.24,9.09,3033.1,0.446,0.9555,1
21.67,69.69,37.25,37.95,49.14,1.27,3062.2,0.344,0.5464,1
7.55,28.11,34.95,32.06,82.5,0.32,908.5,0.501,0.536,1
13.06,56.99,41.55,37.95,16.96,1.02,1230.3,0.515,0.2704,0
125.16,288.69,59.47,29.13,66.28,14.67,799.5,0.641,0.9368,1
113.92,257.68,38.34,30.46,78.24,5.6,2445.6,0.361,0.9252,1
23.27,68.08,22.57,38.98,51.94,1.09,2466.4,0.426,0.4912,0
44.97,82.92,44.51,37.2,49.02,3.16,213.2,0.248,0.6528,1
261.92,592.4,79.4,52.52,87.69,50.88,744.0,0.359,0.9998,1
78.6,172.89,54.91,35.86,38.35,9.56,1305.0,0.459,0.7945,1
28.69,62.29,24.79,40.95,63.19,0.92,883.7,0.329,0.7164,1
12.75,62.41,52.97,42.29,41.77,1.65,2019.4,0.527,0.5639,1
56.22,180.82,39.45,21.39,55.3,3.32,333.4,0.696,0.6137,1
201.78,392.96,57.05,43.15,44.26,25.76,2926.5,0.51,0.9936,1
256.84,692.27,69.55,30.52,92.28,36.37,1738.3,0.233,0.9998,1
33.5,116.61,31.52,55.59,44.84,2.0,2159.6,0.334,0.6983,1
10.67,50.08,50.46,29.44,40.54,1.3,2113.3,0.36,0.393,0
328.67,750.0,75.64,37.1,72.02,49.41,1687.3,0.435,0.9999,1
4.64,15.15,40.36,26.67,60.49,0.43,2072.4,0.447,0.3826,0
51.95,135.82,26.84,60.18,50.14,3.17,451.1,0.317,0.8441,1
181.29,569.73,59.98,39.07,48.47,22.55,1469.0,0.494,0.9931,1
25.55,82.34,50.66,41.33,64.79,2.38,2542.6,0.444,0.6858,1
68.4,232.45,54.77,25.68,45.55,4.97,1408.6,0.449,0.778,1
6.6,61.31,40.83,45.75,74.2,0.38,1038.4,0.308,0.6491,1
6.41,17.17,29.52,31.59,71.78,0.36,2064.9,0.244,0.4502,0
78.29,248.38,62.15,51.62,69.0,7.94,1772.8,0.336,0.9522,1
144.52,393.87,66.7,31.44,58.71,14.17,1960.3,0.449,0.974,1
37.34,88.47,37.89,30.95,57.61,3.48,3362.7,0.345,0.6193,1
107.74,284.83,53.86,23.67,57.21,13.44,695.0,0.351,0.9459,1
2.84,25.18,35.99,38.39,63.02,0.18,2234.4,0.414,0.4882,0
132.47,388.25,59.5,40.56,7.31,18.38,300.9,0.53,0.9553,1
92.99,299.82,57.71,25.6,49.77,6.85,2335.7,0.542,0.9112,1
18.26,61.94,35.84,46.6,59.52,0.87,851.0,0.271,0.6834,1
150.57,508.74,81.51,37.97,52.13,29.85,2862.8,0.493,0.9933,1
21.56,95.85,32.63,39.59,89.32,1.47,1089.9,0.311,0.7789,1
17.14,74.11,29.05,37.69,44.93,1.09,1523.5,0.413,0.4514,0
41.07,103.11,30.76,36.78,43.02,2.88,1902.0,0.472,0.6332,1
62.35,229.11,51.35,40.44,55.19,4.06,2212.9,0.369,0.893,1
150.09,353.62,64.65,29.69,73.56,20.7,1187.2,0.316,0.9854,1
10.68,40.26,28.55,30.65,63.21,0.51,717.2,0.338,0.3821,0
43.97,153.02,47.44,49.92,35.91,4.72,2296.2,0.596,0.7403,1
57.78,121.13,42.25,54.46,47.83,4.16,1658.3,0.529,0.769,1
73.31,185.69,41.83,36.12,85.6,6.74,390.2,0.278,0.929,1
34.61,78.84,32.2,33.44,67.82,2.64,1971.6,0.392,0.6357,1
248.79,735.1,98.0,42.61,56.47,40.01,1741.6,0.542,0.9997,1
55.11,147.62,42.17,36.97,56.31,4.21,1890.7,0.437,0.712,1
18.13,65.5,46.24,22.73,66.24,1.59,553.4,0.58,0.434,0
10.0,30.33,47.55,29.72,41.9,1.0,1760.8,0.687,0.4047,0
89.77,189.86,38.65,44.68,59.6,7.97,2659.3,0.395,0.8894,1
27.18,101.64,41.86,43.02,21.74,1.68,638.0,0.547,0.5291,1
70.27,260.56,49.63,22.88,43.74,8.47,2257.8,0.645,0.735,1
39.08,79.42,32.4,31.98,89.15,2.81,787.0,0.326,0.6659,1
48.04,183.54,53.34,32.26,36.78,3.54,1220.0,0.64,0.685,1
42.03,146.9,34.84,43.39,5.76,2.4,1396.8,0.575,0.5336,1
10.72,36.22,28.62,22.16,21.58,0.47,2719.2,0.812,0.2598,0
159.91,569.53,63.82,27.57,28.83,14.36,946.0,0.569,0.9776,1
21.12,111.55,53.2,47.46,62.74,2.29,1070.1,0.422,0.699,1
19.7,70.11,45.58,30.53,77.44,1.15,3071.3,0.377,0.7009,1
184.51,417.95,66.73,42.85,19.32,24.36,2653.3,0.42,0.9847,1
76.56,221.52,41.56,32.48,81.31,7.24,1870.6,0.462,0.9053,1
36.79,125.35,32.23,27.35,71.14,1.98,1242.7,0.532,0.6388,1
87.53,279.49,61.92,32.63,54.54,9.95,2812.7,0.295,0.951,1
35.16,104.1,43.45,44.87,30.83,2.12,2056.6,0.375,0.6881,1
32.69,120.04,33.66,49.66,68.56,2.35,1290.2,0.356,0.7832,1
115.65,403.37,61.29,48.61,82.4,16.88,1239.0,0.265,0.9935,1
63.81,208.07,46.51,36.7,84.63,6.39,1709.0,0.403,0.9126,1
15.59,44.78,25.48,43.28,55.01,0.54,3330.6,0.235,0.5129,1
22.34,85.22,43.22,31.43,78.07,1.59,2322.8,0.545,0.549,1
49.12,129.21,35.75,34.06,41.67,2.5,2441.9,0.448,0.5791,1
46.37,146.37,51.6,51.54,49.77,4.7,1476.8,0.38,0.7835,1
43.58,147.29,46.04,21.38,74.27,4.29,3422.7,0.47,0.8298,1
19.18,87.6,50.86,26.67,79.31,2.41,1543.3,0.538,0.6577,1
127.56,247.39,45.0,31.53,48.38,10.64,239.5,0.363,0.9133,1
85.96,272.62,53.21,22.83,32.94,9.28,2843.9,0.588,0.8083,1
82.01,233.61,59.22,30.64,74.14,6.5,1892.5,0.299,0.8862,1
104.39,228.29,46.32,41.02,75.62,6.78,695.8,0.426,0.9319,1
138.66,319.43,56.49,37.26,74.36,11.76,275.7,0.337,0.9689,1
169.81,441.84,64.88,51.35,20.89,14.0,3474.1,0.511,0.9846,1
19.42,80.44,36.98,48.12,94.83,1.24,2336.3,0.212,0.7407,1
64.46,180.28,58.69,35.34,70.49,9.22,1737.1,0.559,0.852,1
67.24,165.81,37.95,33.11,69.98,5.23,1301.9,0.342,0.8058,1
97.71,304.68,63.51,36.28,82.3,10.96,438.2,0.392,0.9645,1
4.01,28.11,43.9,41.2,82.58,0.32,2329.6,0.141,0.624,1
16.1,45.52,43.07,33.36,85.4,0.96,1417.6,0.397,0.6428,1
44.55,154.97,57.01,42.08,42.45,3.37,3466.0,0.324,0.8324,1
33.49,93.02,35.96,36.98,89.44,1.85,558.1,0.463,0.8131,1
50.29,102.26,51.64,40.25,70.44,4.15,1012.2,0.31,0.7408,1
52.09,132.01,39.05,37.59,52.34,2.77,1531.4,0.358,0.6957,1
247.26,523.34,57.87,34.1,53.73,30.03,2831.4,0.474,0.9982,1
34.11,141.0,44.73,54.62,77.99,3.66,2764.1,0.16,0.8646,1
22.16,108.49,31.88,46.2,55.88,1.01,1005.8,0.316,0.7058,1
53.22,146.49,39.91,29.1,72.37,4.86,1392.1,0.433,0.7801,1
9.92,77.4,33.58,50.21,68.16,0.53,395.1,0.276,0.6945,1
125.86,351.75,69.86,38.73,50.09,17.49,1448.7,0.515,0.9599,1
343.79,734.83,81.4,51.45,84.44,36.81,755.5,0.362,1.0,1
90.07,217.95,29.42,47.46,92.52,4.0,3234.5,0.304,0.9571,1
86.95,235.94,46.21,37.34,57.14,5.65,2866.4,0.318,0.8965,1
30.12,102.89,45.9,22.45,74.68,1.95,744.7,0.377,0.6686,1
45.91,123.43,52.8,33.38,71.42,5.85,1819.5,0.31,0.8008,1
157.48,499.59,71.25,40.0,72.71,18.77,3362.5,0.336,0.9957,1
200.42,526.95,62.62,42.33,98.2,18.26,1555.0,0.296,0.9988,1
26.29,58.09,47.09,33.06,74.79,1.76,1678.7,0.418,0.6093,1
72.4,201.05,60.11,29.07,25.84,9.03,1327.0,0.717,0.7486,1
27.95,111.95,33.49,48.8,85.71,2.0,1824.5,0.419,0.8143,1
40.93,111.47,30.34,57.94,43.72,3.07,2168.7,0.408,0.7509,1
19.6,54.14,39.56,39.62,63.55,1.56,496.8,0.444,0.5867,1
21.12,90.84,36.54,30.29,54.2,1.39,505.4,0.368,0.4817,0
7.85,64.47,40.01,33.48,46.2,0.47,2737.8,0.558,0.3928,0
12.19,66.88,31.3,22.02,51.13,0.48,3443.1,0.562,0.3494,0
41.87,133.41,32.17,52.49,64.52,3.16,1821.1,0.359,0.8339,1
21.93,64.98,38.19,28.18,90.25,1.86,3042.5,0.375,0.6957,1
108.52,352.45,50.73,40.85,79.44,12.3,3067.6,0.458,0.9658,1
54.67,200.03,40.83,33.53,31.92,3.61,1419.5,0.679,0.5441,1
41.04,136.02,41.48,40.3,56.39,2.83,1285.2,0.422,0.6861,1
29.62,90.52,29.36,42.81,62.84,1.93,2607.7,0.424,0.6089,1
9.72,45.84,34.6,48.59,31.39,0.7,3204.7,0.406,0.3881,0
148.19,332.2,63.12,31.48,46.73,19.12,3016.9,0.51,0.9403,1
29.63,69.32,29.0,21.11,94.23,1.65,1253.7,0.435,0.5563,1
37.62,84.32,42.07,28.98,92.75,2.66,1371.6,0.212,0.7909,1
36.14,95.95,40.11,51.72,55.05,3.14,2629.6,0.281,0.8046,1
49.16,152.82,33.99,50.46,58.31,2.79,1247.4,0.404,0.8405,1
10.56,32.73,43.31,41.38,63.48,0.99,3011.5,0.402,0.6229,1
155.65,394.02,53.49,41.46,57.75,12.05,1880.6,0.417,0.9848,1
133.18,380.01,53.14,43.19,53.77,13.93,1165.8,0.415,0.986,1
22.19,67.59,32.52,30.42,59.85,1.2,1145.0,0.542,0.4659,0
78.0,246.35,54.36,52.49,53.13,9.66,2787.0,0.437,0.9358,1
91.54,291.87,53.52,37.2,41.91,9.18,611.4,0.438,0.909,1
36.43,95.47,35.99,36.36,72.5,2.64,3275.4,0.482,0.6804,1
13.06,35.25,45.68,39.46,37.61,0.78,1564.4,0.478,0.4814,0
92.62,305.04,46.94,24.43,24.47,8.02,2984.9,0.466,0.802,1
45.48,109.78,33.21,30.1,77.9,3.34,2814.6,0.429,0.752,1
43.84,129.2,36.26,45.37,68.77,3.68,2771.5,0.23,0.791,1
52.44,148.1,33.28,26.54,29.38,3.73,2425.7,0.621,0.5147,1
20.66,45.78,45.77,41.53,74.81,1.65,1848.2,0.29,0.7214,1
122.99,407.52,70.87,32.69,82.8,13.38,1486.7,0.18,0.9917,1
166.25,378.41,69.11,36.51,15.78,19.6,2116.6,0.585,0.9702,1
36.45,127.62,38.7,33.94,57.0,2.72,1939.0,0.567,0.5475,1
52.4,155.45,42.49,35.69,40.96,2.69,1358.4,0.443,0.7566,1
4.61,21.62,48.96,44.78,64.6,0.54,1827.6,0.394,0.5891,1
12.73,40.39,31.52,34.17,76.48,0.66,1404.8,0.395,0.4743,0
30.15,83.12,32.55,40.6,63.41,2.19,2371.2,0.212,0.8179,1
22.7,57.75,31.37,38.48,41.43,1.35,2955.6,0.488,0.5058,1
31.99,82.32,38.8,43.15,81.73,2.56,2796.8,0.358,0.8182,1
11.21,37.61,37.5,53.83,68.58,0.92,1324.3,0.267,0.6646,1
34.88,100.24,36.28,45.2,45.76,1.99,1881.1,0.393,0.7324,1
67.26,207.24,58.51,31.75,76.36,7.82,235.2,0.36,0.8768,1
77.25,234.19,37.93,23.24,81.76,6.38,3071.9,0.46,0.8772,1
92.94,225.12,42.74,33.19,22.22,8.75,1009.8,0.45,0.8201,1
18.95,69.71,43.98,41.32,84.18,1.45,1655.6,0.183,0.725,1
181.47,620.89,80.45,24.73,62.9,31.34,703.4,0.522,0.9972,1
89.86,201.68,51.61,38.94,8.32,7.38,2437.8,0.507,0.7594,1
10.22,21.81,25.47,41.37,45.91,0.35,1999.5,0.516,0.2849,0
70.22,154.25,36.83,35.15,72.54,3.48,1403.8,0.397,0.8406,1
30.7,73.17,46.0,46.45,76.67,2.62,1966.1,0.26,0.7651,1
24.49,126.05,47.44,27.69,84.06,1.97,756.8,0.29,0.7536,1
31.62,105.11,35.56,26.13,49.26,1.69,2759.6,0.239,0.634,1
15.18,49.57,26.32,45.06,90.87,0.68,1077.7,0.221,0.7515,1
26.1,69.74,30.75,38.92,90.5,1.39,2229.6,0.308,0.6873,1
53.63,142.19,48.68,43.86,76.53,5.01,3168.0,0.347,0.8558,1
33.97,117.91,46.15,37.56,83.57,2.0,327.3,0.205,0.8061,1
79.21,229.26,55.57,32.73,26.95,10.48,1478.9,0.493,0.796,1
61.43,180.4,53.05,48.18,81.21,5.49,645.2,0.396,0.9053,1
26.36,69.37,54.71,47.45,61.98,2.88,3198.6,0.535,0.6669,1
70.79,245.82,58.55,44.04,59.65,6.62,1388.3,0.436,0.8995,1
13.01,80.99,35.73,33.48,64.24,1.02,904.0,0.42,0.4676,0
16.14,45.25,26.3,41.2,23.69,0.76,2432.4,0.39,0.3714,0
24.03,97.94,47.12,35.82,45.67,1.83,1992.5,0.471,0.5339,1
10.45,73.86,33.4,26.98,89.44,0.86,2895.9,0.322,0.5705,1
18.25,42.89,44.23,52.66,22.48,1.88,2685.1,0.591,0.3811,0
21.25,74.47,31.92,28.97,81.41,0.97,3416.4,0.353,0.6244,1
156.85,462.91,56.99,54.75,79.21,18.87,498.8,0.335,0.9941,1
76.59,183.77,35.65,37.81,44.51,5.95,464.9,0.439,0.856,1
54.46,148.33,37.25,30.76,73.32,2.53,3194.3,0.5,0.7745,1
43.97,109.68,38.57,40.01,49.89,4.15,3353.9,0.427,0.653,1
165.98,372.61,51.74,50.42,44.32,12.91,1541.9,0.436,0.9768,1
83.27,258.51,43.45,45.18,63.12,8.61,1704.4,0.36,0.9423,1
15.71,61.05,33.35,47.71,52.36,1.07,1416.7,0.44,0.5218,1
10.06,29.31,44.87,43.02,59.79,0.84,2766.4,0.308,0.5035,1
44.5,109.74,26.3,43.97,75.55,2.6,2743.6,0.411,0.7139,1
4.16,27.34,27.69,49.38,62.03,0.24,927.4,0.191,0.5243,1
64.38,325.54,54.05,32.82,56.73,7.52,1466.9,0.49,0.9106,1
113.1,369.42,68.07,38.78,55.27,17.82,901.0,0.334,0.9765,1
52.84,105.79,35.82,31.95,27.34,3.43,353.9,0.606,0.5343,1
235.9,530.03,69.13,58.39,80.25,28.59,385.2,0.347,0.9992,1
52.5,147.88,52.62,54.31,75.23,6.55,684.5,0.165,0.9195,1
6.87,43.15,31.06,23.89,75.12,0.48,298.6,0.343,0.4023,0
28.56,74.19,49.79,44.37,48.14,1.74,1596.5,0.341,0.6515,1
6.82,16.64,38.16,53.12,63.58,0.53,411.3,0.441,0.5448,1
7.86,39.1,36.35,30.61,90.85,0.68,2996.5,0.228,0.6401,1
21.15,60.28,38.72,40.64,66.0,1.71,2549.9,0.318,0.6205,1
233.39,487.19,57.94,52.55,68.41,25.95,2786.0,0.158,0.9985,1
21.96,105.33,35.51,23.47,78.19,1.11,2237.7,0.459,0.56,1
145.61,350.45,49.78,44.12,74.68,17.66,2390.8,0.366,0.9821,1
35.52,115.93,47.08,34.18,64.07,3.37,574.3,0.241,0.7671,1
73.41,184.56,60.31,53.06,80.94,5.89,392.0,0.38,0.9351,1
108.37,283.01,42.14,56.47,74.35,10.99,3464.4,0.312,0.9547,1
12.4,45.66,27.38,54.33,83.83,0.64,1430.7,0.164,0.7466,1
299.58,612.44,75.07,38.44,72.66,31.58,369.2,0.23,0.9996,1
98.53,297.53,52.73,49.93,32.49,7.77,726.8,0.59,0.8963,1
19.17,73.33,27.29,49.19,78.31,1.29,3084.9,0.333,0.8429,1
40.4,138.8,54.67,34.76,71.9,3.9,879.1,0.397,0.8218,1
92.96,251.11,62.79,48.56,22.05,10.19,1741.2,0.581,0.873,1
13.36,26.32,42.27,23.71,44.15,1.03,2402.7,0.555,0.3238,0
1.72,8.44,27.12,41.35,31.2,0.1,3387.4,0.413,0.2893,0
15.79,77.91,32.85,32.23,61.97,0.87,246.5,0.25,0.7451,1
40.86,125.42,44.35,28.3,51.99,3.17,1809.0,0.616,0.6076,1
190.86,603.32,73.11,26.23,43.06,30.28,3486.9,0.625,0.9962,1
42.14,132.96,33.95,44.09,40.98,2.57,601.7,0.43,0.5695,1
113.23,241.83,53.67,35.29,81.64,12.93,608.3,0.363,0.9605,1
209.17,381.74,69.89,44.95,39.13,35.83,487.2,0.523,0.9927,1
18.35,95.79,37.42,25.58,47.62,1.68,1875.9,0.481,0.5155,1
22.39,68.27,33.05,34.66,76.19,1.32,1349.8,0.317,0.7195,1
11.22,72.64,37.64,39.95,80.69,0.64,2563.6,0.292,0.629,1
13.5,111.38,46.77,47.13,79.53,0.96,2085.3,0.315,0.7281,1
21.1,94.53,33.2,34.75,91.59,1.59,2116.8,0.411,0.6532,1
96.48,301.29,55.36,42.12,27.82,6.96,1886.5,0.407,0.9439,1
108.3,224.23,55.7,51.03,72.29,7.56,3473.8,0.272,0.9568,1
15.59,39.68,23.15,41.86,19.38,0.75,1978.9,0.338,0.3247,0
117.32,373.36,50.46,32.32,60.3,14.11,438.8,0.608,0.9642,1
19.97,51.55,33.71,22.63,83.51,1.01,1263.2,0.401,0.4178,0
16.62,50.1,47.76,50.29,36.49,1.01,2776.2,0.539,0.5582,1
58.17,140.84,41.47,22.33,80.26,5.7,2273.9,0.324,0.8098,1
44.56,134.09,38.75,50.5,91.51,2.87,2457.0,0.351,0.8359,1
67.68,160.44,38.87,39.7,33.7,5.04,3242.0,0.581,0.66,1
34.48,109.82,56.17,53.98,65.76,4.43,1664.5,0.213,0.8283,1
206.92,470.44,79.5,47.42,61.41,25.09,264.4,0.348,0.9981,1
153.43,418.15,62.66,60.52,96.78,19.05,3467.3,0.08,0.9982,1
3.41,12.34,46.78,35.57,53.85,0.4,1700.1,0.47,0.4221,0
89.0,272.42,57.06,46.32,24.39,10.99,522.1,0.617,0.9015,1
10.42,37.42,45.84,36.81,75.43,0.82,2010.3,0.41,0.5551,1
185.53,529.26,59.23,38.56,91.8,24.16,2147.7,0.312,0.998,1
162.08,335.71,43.39,42.17,91.27,8.64,2062.3,0.392,0.9853,1
194.48,639.62,78.07,50.45,41.44,22.47,3384.2,0.395,0.9982,1
27.86,62.25,27.27,57.9,54.35,1.65,1254.8,0.424,0.5682,1
235.29,729.43,98.0,46.36,79.67,35.53,313.9,0.18,0.9998,1
75.7,213.3,58.22,37.17,37.09,6.01,3235.2,0.541,0.8353,1
16.69,80.86,36.2,37.26,70.73,0.96,831.1,0.419,0.6029,1
32.74,74.53,35.33,45.35,51.28,1.65,2673.2,0.344,0.6151,1
81.1,267.89,52.56,32.5,44.85,7.45,873.2,0.422,0.8771,1
47.82,110.07,33.85,27.86,59.28,2.2,2935.6,0.353,0.7029,1
223.35,647.63,92.21,35.67,33.35,47.14,3191.1,0.456,0.9985,1
96.02,209.15,46.79,33.9,88.03,9.95,547.7,0.447,0.9651,1
9.74,47.67,29.22,34.15,54.1,0.46,686.0,0.463,0.3661,0
22.55,103.59,38.26,32.34,53.33,1.62,3253.5,0.437,0.5293,1
32.37,103.61,31.8,24.09,27.45,2.38,2743.3,0.499,0.459,0
107.13,330.27,49.54,21.97,56.15,12.78,328.4,0.578,0.9415,1
21.34,87.31,31.63,58.4,33.36,0.89,801.3,0.481,0.4402,0
40.72,87.15,47.22,37.4,27.29,4.11,1559.9,0.581,0.4627,0
19.04,87.4,33.04,36.39,44.21,0.87,3051.9,0.375,0.5247,1
112.74,250.35,46.08,43.61,22.12,6.37,698.5,0.516,0.839,1
42.67,91.7,28.92,31.86,32.74,1.61,2589.7,0.56,0.4689,0
118.1,291.76,53.55,54.73,66.23,12.32,476.3,0.32,0.9753,1
194.67,615.71,78.07,46.98,48.46,25.69,1741.7,0.24,0.9978,1
65.4,158.65,39.12,26.87,43.14,3.47,2605.7,0.554,0.7149,1
204.12,441.04,67.02,37.17,66.17,24.85,413.6,0.228,0.9973,1
32.08,90.06,33.82,50.7,72.63,2.02,874.0,0.448,0.7403,1
67.47,264.81,62.2,54.36,72.46,9.33,2813.0,0.194,0.9767,1
48.17,128.13,38.45,38.28,85.32,3.82,739.6,0.444,0.8301,1
8.9,24.45,48.59,41.8,48.08,0.78,2402.9,0.416,0.4394,0
108.66,264.31,49.54,30.12,63.46,8.73,2319.2,0.435,0.9017,1
42.75,142.78,49.48,58.95,64.91,2.54,1917.3,0.298,0.7779,1
37.58,123.82,47.01,32.28,45.47,4.03,865.6,0.478,0.5665,1
9.12,35.26,41.68,54.22,81.7,0.59,1575.9,0.081,0.7821,1
19.03,59.99,24.06,42.77,85.91,0.68,2251.8,0.272,0.6787,1
50.79,182.57,39.41,41.65,26.22,4.31,3109.7,0.465,0.6644,1
22.15,74.25,31.72,39.32,71.29,0.91,2832.9,0.225,0.6891,1
220.06,579.22,69.59,32.25,88.07,23.61,2204.2,0.283,0.999,1
25.24,70.33,50.05,30.46,47.97,2.23,954.0,0.484,0.5939,1
42.04,104.95,32.12,31.93,66.19,2.4,915.1,0.327,0.7224,1
17.23,50.91,48.49,30.81,67.47,1.17,2885.8,0.41,0.5692,1
54.05,191.43,46.36,46.74,53.22,3.14,2392.6,0.378,0.8292,1
103.18,279.04,60.11,35.55,66.63,11.24,1381.6,0.379,0.9639,1
15.51,58.59,33.81,25.13,71.08,0.87,3405.9,0.379,0.5249,1
48.3,105.74,26.32,56.29,93.33,2.0,3136.2,0.194,0.8601,1
35.34,75.93,25.82,50.92,68.69,1.42,2416.0,0.303,0.6425,1
26.73,86.61,38.52,53.27,93.75,1.91,1418.5,0.106,0.9013,1
104.89,349.26,65.65,59.68,48.3,8.46,1218.9,0.35,0.9808,1
5.33,27.35,24.95,30.37,65.19,0.18,3300.0,0.526,0.3349,0
10.58,74.35,47.87,36.67,63.97,0.82,1663.4,0.335,0.6354,1
78.84,174.36,44.27,46.02,75.64,6.37,2840.1,0.36,0.9246,1
59.45,127.66,52.2,44.08,48.23,6.52,3301.1,0.34,0.852,1
85.28,209.63,53.72,29.64,90.33,7.24,1823.6,0.345,0.9312,1
141.69,306.62,47.71,48.05,69.11,13.97,2355.3,0.266,0.9744,1
74.15,184.91,55.05,32.05,48.79,6.95,484.6,0.368,0.8662,1
57.25,153.89,51.06,32.03,37.14,6.45,2353.5,0.489,0.6439,1
38.67,120.04,44.89,39.89,37.21,3.17,909.8,0.488,0.5906,1
29.53,107.26,28.66,41.27,33.64,1.61,2412.7,0.489,0.499,0
55.63,155.08,49.33,40.94,36.69,4.85,533.5,0.404,0.7604,1
27.04,77.35,23.97,26.97,81.26,0.89,1834.2,0.327,0.6111,1
35.24,93.18,44.88,50.62,29.37,2.25,1919.4,0.498,0.7105,1
15.72,47.97,28.09,33.29,67.48,0.76,1795.6,0.33,0.5404,1
12.79,31.46,40.81,28.68,38.04,0.69,2697.2,0.544,0.278,0
34.08,89.6,53.36,51.16,58.72,2.51,2689.9,0.246,0.6524,1
30.34,77.65,30.66,55.16,57.55,1.87,2531.0,0.278,0.696,1
81.88,199.03,59.05,49.93,47.72,9.78,2284.4,0.201,0.9309,1
73.52,215.35,45.93,47.82,57.72,4.61,3184.5,0.382,0.9316,1
11.49,94.64,35.98,42.92,64.69,0.96,2099.6,0.341,0.5148,1
161.79,508.7,57.16,40.22,63.47,21.4,1349.5,0.336,0.9963,1
55.54,208.94,48.59,26.75,76.47,4.57,395.3,0.5,0.858,1
26.44,107.18,34.65,36.96,37.1,1.69,1968.2,0.419,0.5908,1
44.52,151.57,56.58,36.11,67.62,5.65,951.5,0.454,0.8265,1
136.13,402.09,48.55,33.12,70.87,14.49,1477.0,0.414,0.9713,1
26.92,107.0,45.1,44.91,69.14,2.03,364.8,0.458,0.6447,1
4.21,24.7,32.17,38.93,37.55,0.22,2314.9,0.603,0.2661,0
79.79,200.52,41.56,26.45,79.62,6.84,3126.1,0.345,0.9069,1
155.78,314.26,59.09,31.92,41.81,15.4,1273.0,0.553,0.9615,1
42.97,146.31,33.38,43.71,80.32,3.01,2856.1,0.498,0.7952,1
167.7,401.83,74.08,26.19,62.1,17.0,616.8,0.501,0.988,1
244.08,750.0,81.32,49.47,63.25,41.16,2586.4,0.31,0.9998,1
155.99,535.66,60.68,38.91,47.34,21.02,463.2,0.316,0.9927,1
26.02,88.95,55.93,38.58,85.84,3.46,1053.5,0.156,0.8223,1
227.39,540.31,73.44,41.25,34.73,29.94,1388.8,0.35,0.9976,1
70.83,223.41,52.86,48.39,80.79,7.22,717.4,0.477,0.9239,1
31.73,96.29,37.27,35.49,27.53,1.86,808.8,0.527,0.4204,0
60.33,128.73,35.67,43.56,74.38,3.0,2506.5,0.348,0.8631,1
145.53,404.23,69.26,40.59,68.39,14.36,516.0,0.316,0.9927,1
231.8,551.2,76.78,33.33,47.34,40.9,3281.9,0.514,0.9986,1
15.75,53.5,34.58,50.68,17.03,1.04,2735.6,0.478,0.3147,0
28.28,103.43,37.45,47.37,33.02,1.79,1377.2,0.357,0.5795,1
48.47,130.62,48.19,43.01,42.1,5.43,2274.9,0.295,0.7104,1
20.37,65.41,47.25,49.44,91.73,1.3,2574.1,0.071,0.8425,1
127.21,412.9,60.37,50.16,64.34,15.15,2161.8,0.289,0.9905,1
51.6,139.49,48.04,44.45,52.98,5.52,2240.2,0.362,0.8225,1
128.56,268.27,43.29,48.88,85.98,7.58,3222.7,0.312,0.9675,1
16.9,58.37,44.68,44.13,74.39,1.02,3107.6,0.442,0.7464,1
47.1,157.57,37.94,43.62,45.37,2.22,3215.6,0.349,0.6739,1
60.24,153.24,47.75,41.93,43.63,6.97,3121.2,0.397,0.7922,1
64.97,196.9,46.18,45.84,52.57,6.3,2461.8,0.54,0.8688,1
83.07,191.12,31.41,29.81,70.46,3.37,1822.8,0.526,0.8337,1
21.72,128.44,42.43,50.78,24.22,1.91,1808.4,0.313,0.6279,1
12.01,46.61,30.59,50.37,82.38,0.59,2746.2,0.401,0.6687,1
240.95,665.1,71.22,23.07,69.72,23.03,3249.0,0.384,0.9986,1
96.33,179.98,41.23,48.44,59.93,9.89,490.6,0.322,0.9372,1
41.02,120.06,51.84,28.65,46.14,3.05,3093.5,0.548,0.5823,1
187.37,589.01,84.37,35.17,59.7,35.38,3003.9,0.375,0.9976,1
48.66,137.56,53.16,45.54,52.2,6.07,489.0,0.336,0.796,1
22.96,83.11,43.69,29.89,46.26,1.9,2366.6,0.44,0.5081,1
49.49,190.59,41.65,48.14,25.85,5.09,3407.2,0.562,0.7115,1
126.4,320.53,56.24,48.69,86.15,9.64,3010.5,0.206,0.9885,1
61.01,155.63,54.99,39.19,72.33,8.22,407.4,0.33,0.9041,1
57.17,175.08,31.25,20.37,66.52,2.31,3253.1,0.471,0.6123,1
62.01,212.6,63.93,33.89,80.05,7.22,771.2,0.22,0.9206,1
101.8,318.86,51.26,41.89,58.73,12.06,439.2,0.403,0.9473,1
39.33,83.0,42.36,57.54,57.61,3.2,951.9,0.401,0.7694,1
256.24,703.67,82.27,42.28,28.87,41.29,1794.7,0.484,0.9993,1
66.67,227.98,45.53,33.12,43.57,4.28,2890.2,0.443,0.8287,1
14.44,89.81,40.01,42.34,68.38,1.43,1081.5,0.274,0.6519,1
34.44,113.57,37.28,39.96,76.62,1.93,1487.8,0.302,0.7865,1
32.87,130.57,32.69,46.75,36.25,2.49,665.6,0.421,0.5938,1
31.09,97.06,35.43,27.7,98.61,2.69,1162.1,0.219,0.8275,1
7.88,46.34,38.78,46.11,90.84,0.48,3176.8,0.175,0.7514,1
27.86,135.13,44.87,39.99,46.0,2.69,2446.6,0.379,0.5789,1
86.56,255.52,47.47,55.75,78.33,5.36,2423.9,0.148,0.9666,1
27.27,112.36,27.89,35.34,65.64,1.65,1024.5,0.408,0.56,1
113.39,362.51,58.97,42.3,41.71,12.23,682.5,0.489,0.9693,1
31.54,86.92,36.78,53.53,40.56,1.57,3128.5,0.347,0.6437,1
48.64,181.14,38.9,27.5,73.8,4.47,3314.0,0.377,0.7947,1
71.72,181.93,46.78,53.86,70.87,6.99,376.8,0.351,0.879,1
22.83,73.96,39.84,43.85,38.71,1.29,1949.5,0.435,0.5273,1
13.37,52.8,38.2,25.73,66.01,0.97,1651.4,0.511,0.3559,0
21.51,56.01,42.01,34.27,81.46,1.47,2636.7,0.228,0.7236,1
46.35,194.25,52.62,44.45,53.99,5.18,1195.9,0.398,0.8285,1
54.7,113.21,28.81,25.7,61.75,3.18,2247.9,0.534,0.6069,1
16.91,54.01,28.34,40.99,53.96,0.69,472.5,0.622,0.4561,0
153.47,322.98,45.99,35.45,73.62,10.69,2915.7,0.486,0.9779,1
118.81,262.96,61.99,41.99,54.01,15.58,987.7,0.361,0.9702,1
188.99,501.78,62.91,24.34,24.16,24.7,1236.0,0.467,0.9871,1
42.41,127.66,50.1,50.35,90.52,3.41,1448.2,0.221,0.8932,1
55.9,199.83,52.27,56.71,33.59,5.32,881.8,0.492,0.8615,1
110.55,277.45,62.12,56.27,35.04,12.41,2869.4,0.325,0.9668,1
90.4,183.5,44.6,45.74,73.05,5.49,426.6,0.312,0.9333,1
11.94,23.88,34.2,28.7,36.12,0.82,3280.7,0.469,0.3233,0
8.47,27.41,29.49,46.02,85.17,0.39,3271.0,0.28,0.7269,1
37.73,119.94,36.35,22.65,46.99,2.47,2930.3,0.549,0.4589,0
15.23,50.84,32.76,22.41,87.27,0.65,3342.1,0.46,0.5835,1
47.38,151.52,49.3,34.88,32.13,4.67,2711.8,0.441,0.6236,1
38.24,120.88,38.9,38.76,58.07,3.41,2056.5,0.476,0.6289,1
21.56,75.92,44.45,46.43,78.92,1.86,2581.4,0.318,0.8474,1
8.11,56.88,53.8,43.71,69.13,0.86,213.0,0.26,0.7541,1
143.27,419.74,66.36,37.81,37.89,19.73,2461.9,0.504,0.9799,1
4.99,29.61,29.28,33.52,70.05,0.21,338.7,0.402,0.3481,0
54.16,127.78,50.17,60.26,81.89,3.5,3129.2,0.29,0.865,1
12.64,52.46,27.12,37.37,47.04,0.79,3158.5,0.395,0.4743,0
33.6,85.17,27.75,37.93,44.91,2.15,577.3,0.399,0.5898,1
12.27,39.6,19.49,30.0,37.98,0.46,2442.8,0.415,0.317,0
28.1,100.35,43.03,47.28,71.87,1.76,2404.9,0.164,0.8195,1
8.02,24.9,44.16,44.01,67.06,0.8,1843.7,0.335,0.4194,0
91.67,186.86,52.55,31.94,66.23,7.16,282.6,0.401,0.8914,1
80.9,177.72,44.82,26.51,66.05,8.41,576.5,0.306,0.8914,1
8.8,28.4,39.47,43.63,60.31,0.61,2375.6,0.425,0.5204,1
15.27,46.22,42.39,42.9,53.11,0.83,1947.7,0.46,0.5986,1
16.19,74.81,45.09,33.51,61.72,1.65,352.6,0.278,0.7289,1
47.72,90.69,37.09,54.8,41.92,3.41,1907.9,0.342,0.6944,1
109.37,243.0,48.16,29.53,80.03,8.5,3002.5,0.426,0.9487,1
16.79,49.39,20.71,37.51,83.2,0.62,3138.5,0.361,0.5738,1
201.54,507.54,75.13,54.28,67.44,35.61,2500.1,0.237,0.9988,1
24.65,77.62,44.51,37.22,60.23,1.61,2386.7,0.512,0.6332,1
15.7,60.84,42.2,42.46,24.86,0.88,2738.1,0.365,0.4529,0
15.37,52.24,30.85,36.71,34.79,1.05,640.3,0.451,0.5196,1
144.31,292.47,45.7,33.53,63.86,13.24,827.6,0.498,0.9481,1
52.2,97.09,45.69,57.89,58.79,5.56,1802.9,0.323,0.8401,1
23.25,95.14,28.09,36.98,85.08,1.05,1688.4,0.293,0.7176,1
19.66,91.81,44.53,51.42,80.7,1.69,808.4,0.433,0.8339,1
33.44,107.8,53.98,32.23,95.22,2.27,2438.3,0.283,0.8343,1
4.45,16.58,28.48,31.69,88.35,0.29,2645.6,0.213,0.5662,1
40.96,103.39,28.5,23.23,67.85,1.69,1093.8,0.354,0.6244,1
76.19,246.85,56.78,42.82,71.69,5.84,1232.7,0.469,0.9468,1
30.67,74.28,30.05,36.01,54.97,1.69,1049.2,0.309,0.5842,1
20.59,96.25,52.43,50.03,92.44,2.34,1119.4,0.337,0.8184,1
22.12,80.48,48.68,38.41,66.43,1.59,1403.4,0.356,0.6111,1
79.78,206.95,44.78,56.2,49.24,5.37,1655.6,0.511,0.8731,1
28.78,121.83,43.29,30.78,91.35,2.01,1797.8,0.39,0.771,1
196.89,503.13,64.44,50.22,73.76,28.6,1800.2,0.307,0.9969,1
77.09,228.42,41.13,46.64,81.33,6.88,2237.0,0.149,0.9317,1
30.66,77.19,39.07,46.45,45.28,1.86,1335.5,0.367,0.6354,1
36.16,88.65,38.38,49.2,47.87,2.13,1861.3,0.474,0.557,1
72.48,182.49,57.01,46.11,76.64,9.83,1870.1,0.47,0.9297,1
21.13,102.31,36.86,42.13,18.94,1.56,519.1,0.398,0.4398,0
83.38,306.58,63.75,28.75,46.81,7.93,2276.9,0.434,0.8898,1
51.35,203.46,31.34,23.35,68.71,2.23,1118.0,0.354,0.7742,1
17.24,123.51,44.18,52.86,43.0,0.98,355.0,0.4,0.6725,1
169.22,512.15,59.48,41.88,74.82,15.3,2335.4,0.397,0.9957,1
196.99,596.79,77.1,47.34,80.1,32.44,359.8,0.26,0.9993,1
138.24,299.8,63.14,38.6,74.76,14.69,1658.2,0.341,0.9808,1
289.78,670.82,85.35,28.16,73.35,60.7,2249.8,0.478,0.9998,1
20.58,62.72,25.19,28.5,63.58,0.84,3495.3,0.482,0.357,0
19.65,90.39,38.36,43.78,78.12,1.05,1899.9,0.212,0.6377,1
31.52,106.0,43.83,37.46,36.46,1.97,1250.0,0.4,0.6107,1
43.18,121.51,45.94,31.28,60.93,3.64,1823.6,0.506,0.6638,1
49.13,159.7,44.69,38.83,47.53,5.31,845.8,0.46,0.73,1
36.86,152.44,44.03,25.52,34.26,3.85,1645.2,0.605,0.3929,0
31.3,93.2,51.6,40.99,18.91,2.32,3081.2,0.388,0.4571,0
57.18,182.4,38.03,33.39,37.29,4.74,649.2,0.584,0.5944,1
103.5,282.97,65.9,47.38,28.58,14.85,1949.5,0.419,0.9222,1
147.55,285.72,58.69,34.53,65.61,12.25,2248.7,0.448,0.9686,1
19.66,44.45,38.41,38.01,53.91,1.2,1232.9,0.423,0.47,0
27.12,93.22,38.32,21.2,83.37,1.35,2628.5,0.495,0.679,1
21.18,86.11,45.67,25.98,62.58,1.26,2390.2,0.495,0.5853,1
4.76,58.51,41.58,36.58,78.62,0.35,1731.2,0.32,0.7383,1
51.86,153.32,52.68,38.57,51.01,5.0,2312.2,0.379,0.7975,1
141.59,443.91,69.39,41.45,76.24,12.21,2972.9,0.339,0.9873,1
19.86,68.54,26.51,34.02,62.09,1.29,2181.4,0.381,0.7327,1
34.14,96.72,35.44,44.05,48.28,2.22,2077.0,0.556,0.5586,1
36.92,101.52,45.1,49.85,76.19,3.7,2250.7,0.207,0.856,1
13.06,33.1,39.83,46.75,52.47,1.05,2429.4,0.398,0.5895,1
10.88,36.1,28.25,23.9,77.19,0.62,1530.4,0.354,0.4942,0
6.06,29.07,20.1,38.58,43.05,0.19,2961.5,0.573,0.2454,0
47.81,136.75,38.86,27.61,92.78,4.37,3248.9,0.424,0.7893,1
36.11,116.28,30.99,32.59,34.9,1.78,2252.1,0.377,0.4527,0
23.75,74.16,47.77,58.25,35.6,2.77,3126.2,0.4,0.6371,1
36.74,92.83,49.26,29.2,45.98,2.26,2657.3,0.511,0.479,0
28.24,82.21,45.23,39.0,11.98,1.72,1595.8,0.53,0.4085,0
125.79,351.29,49.31,41.92,80.78,13.3,1836.9,0.332,0.9825,1
24.49,52.28,28.93,44.27,43.03,1.41,2081.4,0.48,0.5792,1
210.85,605.1,71.06,40.44,23.53,31.95,3298.9,0.55,0.9973,1
24.9,61.4,29.96,20.93,35.57,1.52,2338.7,0.434,0.3348,0
11.76,53.29,25.11,34.95,51.82,0.56,1878.2,0.275,0.4282,0
2.03,6.22,41.45,39.43,77.37,0.1,607.2,0.072,0.6261,1
47.17,100.85,47.19,26.79,76.85,5.01,2400.7,0.379,0.6877,1
18.51,68.26,24.41,35.57,36.83,0.84,2030.6,0.432,0.4427,0
252.38,620.02,69.8,23.41,49.47,23.56,3302.0,0.52,0.9982,1
26.36,62.27,33.34,26.32,77.72,1.27,1328.7,0.353,0.388,0
58.2,136.12,52.43,36.69,75.49,6.29,2825.0,0.334,0.88,1
16.37,51.14,45.09,28.81,59.71,0.96,1132.3,0.447,0.5034,1
6.61,39.57,40.48,40.63,67.6,0.62,766.9,0.193,0.7227,1
103.4,192.72,56.83,43.89,63.56,13.09,240.2,0.43,0.9161,1
27.97,57.1,20.55,47.49,57.89,0.92,3154.9,0.351,0.7131,1
47.49,166.01,37.57,31.27,84.29,4.19,1667.2,0.249,0.8637,1
174.01,413.61,52.29,30.14,93.47,21.39,1127.9,0.309,0.9948,1
7.85,22.42,22.38,27.59,73.49,0.4,1530.4,0.311,0.4105,0
15.22,52.99,38.96,42.41,43.67,0.95,2549.1,0.48,0.3047,0
77.83,204.64,37.52,44.39,59.79,5.99,1497.8,0.41,0.88,1
21.62,77.23,35.32,23.27,42.61,1.36,944.9,0.529,0.4252,0
14.56,44.93,40.59,53.79,47.18,1.12,489.7,0.36,0.6171,1
40.18,156.53,45.8,24.76,70.55,3.19,2251.7,0.525,0.7045,1
38.59,122.35,35.53,39.99,67.4,1.65,3409.9,0.438,0.7287,1
37.26,89.03,34.67,44.47,87.55,1.57,2294.8,0.144,0.8039,1
32.74,95.63,38.42,50.33,86.1,2.77,3324.7,0.205,0.8381,1
38.62,127.58,45.97,44.62,91.47,4.31,3097.4,0.32,0.8542,1
55.34,184.23,50.1,47.53,48.46,4.15,714.3,0.479,0.7929,1
19.35,52.95,25.39,35.28,70.94,0.94,3100.8,0.561,0.3848,0
75.1,202.41,48.31,48.02,83.9,5.8,203.6,0.335,0.9361,1
19.66,60.39,24.69,26.4,82.79,0.88,1881.8,0.241,0.6489,1
71.52,170.58,37.43,51.46,72.82,3.62,1925.0,0.272,0.8537,1
26.03,94.39,35.67,40.14,46.66,1.99,2598.5,0.506,0.6056,1
11.0,42.02,23.55,48.11,75.03,0.48,2694.9,0.162,0.6794,1
92.56,288.98,60.91,37.95,50.42,9.03,964.5,0.466,0.9413,1
34.39,80.95,35.72,42.6,79.46,2.53,3110.7,0.267,0.7186,1
32.52,94.86,28.87,39.64,56.53,1.75,791.1,0.451,0.5905,1
44.89,160.86,44.3,45.16,29.79,3.43,3372.9,0.538,0.6745,1
117.67,316.77,56.73,26.48,78.28,12.64,3450.9,0.319,0.975,1
28.08,101.49,34.38,25.29,38.96,2.36,2499.4,0.678,0.3308,0
18.72,77.21,45.02,32.75,93.53,1.09,2340.6,0.167,0.7783,1
22.73,82.65,43.41,29.85,53.99,2.37,3431.4,0.515,0.5399,1
72.59,227.63,43.68,50.36,63.81,4.33,998.6,0.433,0.9304,1
50.57,103.93,44.55,31.89,79.96,3.31,2320.8,0.391,0.7439,1
95.46,202.48,50.96,56.95,43.21,12.03,1540.4,0.306,0.9211,1
15.13,36.11,26.38,35.22,30.35,0.9,753.0,0.505,0.3676,0
27.73,145.15,42.72,30.66,71.55,1.96,621.6,0.303,0.7538,1
25.66,67.82,52.55,47.1,72.58,2.33,2511.2,0.262,0.8231,1
140.3,329.4,64.03,43.02,25.75,14.27,955.6,0.484,0.9619,1
14.7,68.05,40.1,38.98,59.09,0.88,2177.9,0.419,0.5843,1
84.57,237.28,58.76,40.33,47.02,6.36,984.1,0.427,0.8651,1
299.17,750.0,90.72,44.78,66.06,33.76,1697.6,0.388,0.9998,1
26.18,104.3,56.96,32.18,86.7,2.76,2649.7,0.355,0.7586,1
65.84,223.12,36.16,60.03,66.82,4.5,1942.9,0.243,0.9209,1
36.26,116.36,44.75,56.84,80.96,3.55,3075.9,0.315,0.8554,1
18.66,41.39,22.0,42.78,49.9,0.54,1936.8,0.405,0.4466,0
12.23,47.51,24.16,31.25,29.79,0.55,841.0,0.443,0.3444,0
13.55,44.12,42.5,43.62,57.21,1.38,3160.4,0.397,0.5922,1
65.01,148.29,51.88,25.97,77.13,7.79,1579.1,0.266,0.8681,1
134.57,251.96,34.07,23.19,59.41,8.69,3062.6,0.378,0.9108,1
19.11,91.4,36.97,33.06,45.89,0.97,966.9,0.563,0.3469,0
55.74,153.63,32.15,38.18,10.29,2.51,2299.4,0.748,0.5167,1
36.43,107.41,50.2,50.21,48.95,3.33,745.4,0.447,0.7233,1
7.51,21.09,30.16,45.03,28.37,0.45,464.2,0.535,0.2639,0
106.81,386.84,61.8,45.52,89.38,16.32,3496.4,0.29,0.9937,1
82.11,239.97,55.46,37.35,89.25,10.39,234.8,0.208,0.9702,1
31.44,134.44,47.1,35.45,75.17,2.58,2151.1,0.467,0.7547,1
34.16,71.65,50.06,36.07,48.95,2.83,244.3,0.454,0.5619,1
52.96,140.65,54.71,58.39,79.21,3.53,2020.7,0.171,0.8833,1
197.08,550.85,65.72,23.94,85.26,15.67,529.7,0.519,0.9965,1
42.47,167.16,48.2,50.15,51.66,3.72,2798.9,0.543,0.7328,1
58.51,154.5,44.64,40.91,49.24,3.37,1165.9,0.261,0.8044,1
8.22,36.04,39.51,37.65,53.01,0.46,1336.3,0.504,0.4576,0
183.77,595.75,78.69,44.97,53.57,35.78,1032.6,0.406,0.9987,1
158.62,412.88,50.98,38.72,42.27,17.24,576.0,0.503,0.9837,1
69.61,167.29,53.8,50.44,63.4,6.7,1851.1,0.462,0.8681,1
238.39,654.1,67.22,51.76,57.63,37.1,1677.3,0.385,0.9996,1
16.68,51.5,37.09,37.26,69.67,0.89,1980.1,0.375,0.5964,1
97.61,236.52,48.15,33.61,66.71,8.02,2265.5,0.331,0.9113,1
123.43,397.05,67.61,41.25,52.11,13.21,492.5,0.42,0.9836,1
18.5,85.6,51.62,52.38,56.21,2.38,1564.6,0.389,0.7892,1
14.16,33.66,29.15,31.62,74.11,0.98,2155.4,0.23,0.5902,1
47.42,136.94,39.27,42.05,44.63,3.51,1266.4,0.387,0.7214,1
38.47,122.05,33.4,42.28,81.04,2.25,831.7,0.32,0.8308,1
13.13,79.71,35.32,45.21,73.04,1.16,2200.8,0.292,0.6063,1
31.49,112.44,50.04,28.76,73.43,2.31,2570.8,0.541,0.5944,1
19.29,64.03,47.41,44.68,92.99,1.58,2677.0,0.149,0.8473,1
63.1,189.01,48.37,52.2,69.09,6.49,1274.5,0.147,0.9424,1
31.05,73.86,43.1,30.57,64.88,2.83,526.6,0.592,0.5161,1
73.09,149.48,33.23,32.46,32.41,4.73,3221.4,0.519,0.5862,1
23.73,51.84,34.89,56.5,68.74,2.02,2469.8,0.215,0.7031,1
76.41,160.59,49.28,30.62,79.1,5.73,3329.9,0.47,0.8858,1
51.02,165.31,42.44,49.6,62.57,4.2,680.4,0.314,0.8361,1
62.27,188.25,55.33,38.84,55.29,7.77,2368.9,0.412,0.8361,1
203.38,396.82,72.73,32.75,47.16,22.22,848.0,0.479,0.9897,1
31.11,100.23,44.38,50.32,91.09,3.22,3059.2,0.33,0.8548,1
131.78,288.46,44.79,37.8,75.54,11.99,1914.4,0.368,0.9599,1
21.31,44.3,24.12,39.36,66.57,0.87,1957.8,0.467,0.5241,1
41.63,111.37,44.6,35.78,32.43,3.79,3271.4,0.577,0.4074,0
34.23,106.08,44.16,41.27,81.18,3.64,1203.4,0.233,0.7998,1
93.28,176.04,52.56,30.0,51.21,12.18,2242.7,0.501,0.8444,1
62.26,153.07,33.14,36.55,36.77,3.23,676.3,0.431,0.7781,1
23.93,95.45,40.34,56.32,70.1,2.3,1398.5,0.344,0.6757,1
19.16,64.02,45.98,33.07,58.59,1.1,842.7,0.422,0.6106,1
155.3,386.4,64.37,42.96,71.99,12.09,864.3,0.338,0.9907,1
58.93,188.24,41.05,34.92,70.74,4.8,2381.6,0.264,0.8891,1
53.58,124.26,44.12,46.53,73.44,4.32,1145.4,0.285,0.8965,1
38.17,114.64,47.85,28.73,72.05,3.31,1028.4,0.286,0.7527,1
31.04,76.91,44.02,56.35,93.05,2.06,2866.4,0.12,0.8498,1
245.64,648.15,74.39,37.98,74.99,36.12,1763.6,0.326,0.9997,1
96.66,211.91,48.17,32.41,66.52,5.69,1454.0,0.478,0.9118,1
29.62,85.15,33.48,26.04,80.67,1.75,2890.0,0.263,0.5597,1
35.55,115.15,37.4,30.22,54.01,2.23,1812.7,0.341,0.7192,1
10.07,48.74,34.48,39.48,65.18,0.5,2889.3,0.453,0.4735,0
108.75,261.8,56.99,35.22,89.81,11.55,1251.0,0.341,0.9723,1
55.22,188.04,42.31,48.56,47.26,4.9,3374.3,0.474,0.8658,1
21.64,53.84,40.4,37.47,26.57,1.97,3248.1,0.562,0.3567,0
9.64,49.37,26.52,32.79,48.37,0.46,2917.9,0.508,0.3628,0
90.7,236.3,34.57,41.89,63.13,4.74,902.1,0.349,0.9204,1
231.75,545.44,80.03,44.4,58.77,27.32,2600.7,0.297,0.9986,1
167.9,380.78,51.15,30.12,57.66,16.77,2898.1,0.541,0.9871,1
33.95,103.29,54.88,30.15,42.76,3.18,1399.2,0.531,0.6033,1
43.26,141.45,46.37,23.68,61.75,3.23,663.1,0.534,0.8192,1
63.98,211.46,40.66,45.32,69.97,4.89,1089.8,0.489,0.9018,1
37.7,121.49,31.68,43.16,71.58,2.3,2132.5,0.322,0.8182,1
17.41,88.87,41.66,38.45,78.34,1.09,1030.9,0.386,0.6602,1
32.9,89.14,28.07,49.17,60.87,1.56,2383.4,0.382,0.7049,1
40.61,119.23,51.74,47.67,36.02,4.45,1493.2,0.493,0.7256,1
99.99,331.45,67.78,41.07,80.33,11.55,944.4,0.394,0.9803,1
209.08,630.73,80.96,50.21,55.14,30.08,2223.3,0.255,0.9989,1
16.2,59.11,48.1,31.46,38.13,1.58,443.4,0.515,0.4382,0
68.31,203.03,39.06,27.92,85.22,3.86,2262.0,0.322,0.8605,1
37.91,154.75,56.62,33.41,63.92,5.0,3415.5,0.359,0.7909,1
10.52,23.96,38.07,25.09,83.88,0.66,2547.7,0.47,0.5527,1
25.35,75.22,35.78,39.75,66.27,1.9,1282.7,0.446,0.6065,1
12.71,58.82,25.47,53.82,19.8,0.51,3174.2,0.406,0.5272,1
26.28,56.5,37.86,23.88,33.17,2.03,1941.9,0.557,0.3874,0
273.45,565.88,86.57,28.37,65.81,36.94,1943.7,0.548,0.9993,1
130.66,402.9,47.91,37.95,62.62,13.6,1448.4,0.396,0.9809,1
8.4,29.83,27.15,53.64,74.24,0.3,372.3,0.31,0.6387,1
47.35,118.61,48.1,34.68,59.93,3.64,1090.9,0.493,0.7924,1
226.52,738.89,93.0,39.19,67.26,40.82,2900.4,0.435,0.9995,1
13.63,88.76,28.95,24.05,89.94,0.8,1057.1,0.316,0.6687,1
12.71,41.32,45.62,29.43,53.12,0.8,1560.8,0.672,0.3362,0
19.32,72.81,51.65,58.24,36.22,1.61,2292.2,0.457,0.609,1
76.52,271.25,45.15,55.93,83.66,4.6,1132.0,0.287,0.961,1
187.06,372.15,73.67,20.08,39.92,31.48,2879.1,0.649,0.9787,1
220.71,658.26,70.76,54.87,17.59,38.71,3165.8,0.498,0.9988,1
37.47,87.84,38.85,42.48,52.43,2.28,403.6,0.408,0.7734,1
69.25,242.74,39.68,50.19,61.48,5.02,2096.2,0.285,0.9254,1
306.98,718.39,83.73,38.0,81.26,47.77,1353.1,0.243,0.9999,1
1.9,40.78,49.79,39.38,51.37,0.13,2029.3,0.34,0.4405,0
60.49,191.78,37.35,38.77,26.01,4.67,2004.5,0.577,0.6098,1
87.19,189.07,39.83,43.24,90.01,6.5,232.9,0.405,0.8951,1
22.62,82.8,36.29,29.09,37.23,1.53,2339.9,0.455,0.4197,0
10.59,45.19,22.11,23.14,67.35,0.3,912.5,0.423,0.4069,0
51.44,166.84,56.4,34.46,83.66,3.78,2045.1,0.335,0.8674,1
104.77,328.28,61.99,44.34,60.09,15.94,3154.8,0.498,0.9639,1
27.69,73.38,42.85,31.33,72.07,2.87,834.6,0.43,0.6588,1
84.77,258.78,56.11,43.43,75.65,5.82,1091.5,0.386,0.9526,1
151.68,382.6,54.26,56.36,62.55,15.66,410.0,0.422,0.9898,1
40.45,116.73,35.26,27.09,89.53,1.83,1822.7,0.31,0.7544,1
20.64,47.82,30.05,43.41,83.1,1.38,3071.3,0.356,0.6397,1
58.32,177.55,53.82,37.76,64.4,3.97,1997.9,0.428,0.8816,1
17.3,59.15,39.99,50.2,88.83,1.32,1363.2,0.275,0.7585,1
44.95,117.16,37.28,30.49,74.94,3.36,3189.2,0.36,0.7872,1
62.47,141.1,40.06,43.98,56.35,3.32,1956.5,0.475,0.768,1
16.18,53.97,44.51,48.93,57.38,1.42,3413.2,0.365,0.64,1
70.79,147.84,39.72,54.35,49.89,6.82,2675.7,0.398,0.8536,1
45.25,111.11,37.69,43.71,84.61,2.26,3207.4,0.399,0.7949,1
48.23,184.16,41.81,38.96,59.66,4.21,2339.4,0.26,0.7879,1
14.0,43.78,45.99,41.91,71.17,1.0,3464.9,0.28,0.5153,1
149.66,406.07,70.44,50.23,24.13,16.4,1933.9,0.424,0.9811,1
26.13,64.43,37.38,40.71,76.05,1.86,2314.0,0.316,0.7056,1
96.51,250.06,46.44,23.17,69.45,10.78,642.9,0.425,0.9197,1
41.68,122.04,27.21,53.46,32.13,1.7,3291.2,0.457,0.7202,1
43.81,145.47,39.08,43.89,77.13,4.27,1305.5,0.302,0.8592,1
130.61,422.99,76.15,43.52,62.96,13.12,2394.7,0.375,0.9897,1
18.52,87.72,50.88,31.78,67.2,2.28,1389.7,0.556,0.5939,1
15.08,87.6,37.23,43.02,45.58,0.69,3121.1,0.423,0.5683,1
36.38,85.31,30.58,36.62,64.01,1.57,564.2,0.318,0.6996,1
4.53,35.14,45.71,42.81,20.86,0.51,3174.9,0.57,0.4441,0
17.56,67.36,39.05,27.69,35.1,1.06,2264.9,0.562,0.3667,0
30.73,98.93,31.08,42.99,89.51,1.15,3356.5,0.527,0.7035,1
122.29,399.24,57.78,61.21,45.84,16.61,1861.9,0.301,0.9845,1
9.96,23.61,37.74,24.51,49.43,0.9,1827.7,0.561,0.2696,0
27.37,62.31,47.46,57.09,76.98,2.82,1384.0,0.265,0.8962,1
32.35,87.56,38.87,36.92,66.48,3.05,1285.7,0.465,0.5818,1
28.18,100.67,32.03,50.32,73.44,1.39,607.0,0.272,0.7523,1
33.18,93.63,34.91,46.84,93.5,2.36,1280.1,0.382,0.8034,1
204.28,605.62,65.57,40.62,66.44,29.0,2210.1,0.339,0.9987,1
149.65,487.04,77.88,45.38,48.06,28.74,478.6,0.638,0.9926,1
75.43,230.59,33.37,50.67,32.21,5.96,813.6,0.369,0.829,1
26.44,124.35,28.75,36.86,34.58,0.97,3037.8,0.43,0.4803,0
87.22,187.78,45.52,34.96,66.91,6.51,501.2,0.262,0.9121,1
36.59,105.08,31.38,43.26,34.55,2.3,996.3,0.661,0.5127,1
9.56,60.02,38.93,47.76,70.7,0.86,212.5,0.372,0.6534,1
5.5,21.89,35.99,46.16,23.71,0.31,2572.0,0.576,0.2971,0
13.57,49.9,40.29,47.39,54.95,0.66,3007.8,0.347,0.5741,1
40.72,138.99,40.07,37.58,73.04,2.35,3102.5,0.338,0.8373,1
40.78,143.91,56.07,48.13,92.27,4.01,3170.7,0.392,0.9035,1
1.19,16.09,28.92,28.29,62.37,0.04,1532.0,0.504,0.3851,0
90.84,225.68,60.69,40.07,62.38,6.92,2046.4,0.589,0.9393,1
89.69,313.75,54.15,20.25,80.26,8.36,2436.6,0.629,0.9417,1
74.04,158.19,44.22,34.9,31.12,6.69,3218.3,0.55,0.691,1
49.08,125.39,51.15,35.96,67.45,5.33,2828.3,0.487,0.7595,1
5.0,27.99,38.89,36.67,80.34,0.37,1814.0,0.198,0.5942,1
42.46,108.75,35.59,44.07,77.54,2.67,1882.1,0.357,0.7599,1
159.75,428.24,65.13,36.49,44.86,12.74,1309.8,0.429,0.9878,1
56.6,205.14,43.56,37.87,48.65,3.8,238.5,0.458,0.7946,1
97.6,234.11,44.91,32.46,67.23,9.08,676.4,0.415,0.913,1
73.51,207.27,56.96,36.12,76.7,7.47,1294.4,0.363,0.9295,1
288.32,750.0,96.32,32.14,68.18,42.86,2199.5,0.546,0.9999,1
10.47,59.39,31.26,26.03,54.85,0.49,2556.3,0.502,0.4627,0
80.34,246.83,38.41,41.54,62.59,3.77,3140.4,0.3,0.93,1
36.02,104.42,42.86,43.28,60.96,3.51,2029.9,0.396,0.6822,1
330.71,750.0,78.39,41.95,63.37,60.7,1500.7,0.354,1.0,1
213.14,607.91,68.19,38.2,79.24,24.35,2481.6,0.436,0.9986,1
33.64,98.33,27.85,36.28,63.96,1.98,1493.1,0.364,0.678,1
57.62,223.55,51.97,49.99,64.42,3.85,558.0,0.396,0.907,1
40.38,101.47,33.9,39.46,69.53,3.22,213.6,0.4,0.572,1
42.02,145.57,34.13,38.55,64.54,3.41,2537.7,0.433,0.7252,1
321.94,619.28,88.51,22.75,75.36,40.0,3167.0,0.347,0.9998,1
65.48,196.08,58.28,35.33,38.63,8.45,2437.7,0.465,0.8552,1
36.2,138.75,39.45,36.29,44.42,2.59,290.9,0.51,0.6211,1
15.81,46.25,32.04,36.73,79.28,1.06,924.0,0.296,0.5901,1
18.64,89.98,38.64,40.94,62.75,1.31,3323.0,0.46,0.601,1
160.56,513.36,72.34,39.81,69.8,15.12,2542.0,0.374,0.9965,1
25.64,75.49,24.43,41.65,70.52,1.44,2633.6,0.465,0.6745,1
60.16,155.0,48.66,46.24,77.82,3.84,2860.9,0.218,0.9346,1
42.66,113.08,42.98,47.95,87.04,3.06,3211.5,0.387,0.841,1
85.79,233.84,53.66,44.75,44.69,11.42,1649.4,0.42,0.9522,1
17.4,61.79,27.99,55.15,85.32,0.85,1619.5,0.246,0.7241,1
51.02,159.84,34.7,22.01,71.47,4.01,276.2,0.448,0.8184,1
21.63,59.43,34.94,31.13,80.85,1.07,3292.6,0.426,0.7046,1
94.48,350.44,69.49,20.58,74.52,14.96,630.7,0.296,0.9649,1
2.27,48.48,30.64,42.71,55.38,0.13,1687.2,0.385,0.5231,1
17.01,71.92,44.16,51.62,71.82,1.4,2180.1,0.176,0.7433,1
134.37,395.21,74.53,32.64,57.32,24.63,3479.3,0.431,0.9866,1
16.8,41.19,49.35,53.22,50.25,1.95,1517.6,0.365,0.7099,1
41.61,149.03,37.15,25.28,63.53,2.55,2406.7,0.526,0.6421,1
42.65,92.85,44.77,53.68,38.97,4.65,3343.8,0.51,0.6204,1
110.43,279.14,58.83,35.59,43.77,8.67,2085.9,0.454,0.9014,1
9.18,31.21,44.26,27.45,70.54,0.5,1963.3,0.288,0.4999,0
32.26,120.98,34.49,38.7,59.99,2.11,2091.0,0.403,0.6862,1
68.67,180.96,49.88,33.03,67.57,7.54,2898.9,0.266,0.9104,1
23.8,51.72,38.06,33.83,50.36,1.35,340.5,0.309,0.5005,1
159.71,297.02,59.46,34.44,7.45,12.39,2708.4,0.55,0.9357,1
18.36,44.64,39.73,47.58,91.13,1.68,768.4,0.123,0.8638,1
29.43,116.07,37.94,39.94,90.95,2.77,2731.9,0.206,0.7659,1
31.57,71.98,28.29,34.55,54.83,1.88,2840.2,0.486,0.5543,1
29.94,63.48,34.83,41.71,72.41,2.57,2266.3,0.295,0.6744,1
27.95,54.79,35.09,44.69,38.48,2.24,1649.1,0.516,0.4372,0
3.33,24.17,31.92,33.49,94.42,0.16,2617.2,0.38,0.6008,1
100.44,225.9,57.51,37.08,54.71,7.76,262.9,0.447,0.9442,1
72.71,198.92,41.85,28.36,86.09,6.85,2340.8,0.334,0.8929,1
46.42,102.87,32.24,30.63,51.04,3.08,966.7,0.503,0.5355,1
26.33,85.49,34.22,43.65,59.81,2.03,2379.5,0.527,0.5472,1
56.82,130.94,35.85,30.64,65.53,4.35,654.6,0.46,0.7397,1
142.62,412.49,70.87,39.61,76.13,18.77,792.6,0.341,0.992,1
65.29,210.7,37.25,44.47,91.39,5.89,1690.9,0.268,0.9149,1
23.21,78.35,40.8,27.7,80.2,2.06,1948.8,0.403,0.607,1
22.99,107.35,34.05,40.62,74.75,0.95,1573.8,0.356,0.7325,1
68.69,184.75,50.7,33.03,88.66,7.37,2216.6,0.368,0.8951,1
60.73,138.54,42.39,55.74,34.06,4.91,376.4,0.282,0.7871,1
119.0,236.23,60.63,38.65,53.66,9.95,837.9,0.529,0.9319,1
12.34,42.36,43.96,47.69,85.53,0.96,212.1,0.273,0.7744,1
154.78,445.12,76.79,40.21,35.04,22.36,2068.0,0.574,0.9885,1
6.61,87.09,52.2,24.18,53.3,0.62,2479.2,0.311,0.5169,1
9.65,31.81,35.66,42.32,53.52,0.61,1795.9,0.262,0.5659,1
26.18,109.3,45.04,54.84,61.74,2.38,1722.0,0.413,0.7681,1
53.68,155.5,35.11,41.49,72.85,3.87,1604.9,0.349,0.8574,1
29.17,86.33,26.61,48.18,59.0,1.64,1308.7,0.32,0.5736,1
37.02,112.38,39.96,50.94,73.03,3.24,2141.3,0.255,0.8845,1
84.25,189.95,56.52,32.17,79.65,10.87,220.3,0.373,0.9195,1
39.04,126.69,31.69,31.66,30.7,2.41,2165.1,0.724,0.4053,0
34.5,117.87,35.34,41.73,62.07,1.58,1816.6,0.157,0.7439,1
17.65,57.27,43.08,37.02,37.36,1.27,2264.2,0.4,0.4857,0
57.21,130.96,30.48,49.0,82.59,2.1,3019.6,0.196,0.844,1
47.56,94.06,39.07,51.73,32.65,3.67,2934.8,0.532,0.6409,1
8.71,36.9,39.38,35.64,46.92,0.85,2863.4,0.575,0.4043,0
10.3,34.03,43.95,32.44,82.53,1.03,1557.9,0.348,0.6927,1
49.94,141.18,43.41,46.78,68.93,3.97,1486.8,0.4,0.7991,1
32.99,99.25,29.59,33.55,62.06,2.07,882.7,0.38,0.7294,1
150.96,318.69,51.8,48.31,70.12,16.92,304.5,0.428,0.9825,1
44.88,128.33,43.27,37.31,38.5,3.83,1867.0,0.518,0.5893,1
117.84,353.37,47.45,43.26,52.61,13.15,3416.6,0.386,0.9636,1
153.07,430.27,74.65,27.17,43.41,18.49,2682.2,0.325,0.9864,1
205.75,405.38,64.01,42.07,70.36,27.33,2006.7,0.326,0.9969,1
29.33,112.78,44.15,37.94,42.36,1.66,1183.6,0.439,0.6453,1
33.62,84.48,38.94,41.11,82.69,1.81,602.1,0.316,0.7203,1
11.75,35.12,31.23,30.16,95.02,0.89,1070.5,0.34,0.5101,1
16.89,37.84,48.13,45.33,50.2,1.55,1963.0,0.375,0.6109,1
42.94,140.08,49.44,49.96,67.13,4.63,2259.4,0.289,0.8641,1
54.04,140.77,29.68,31.81,67.4,3.74,1407.6,0.491,0.7366,1
238.85,725.41,86.37,27.18,71.88,49.81,546.2,0.296,0.9997,1
26.71,78.27,33.51,22.56,67.05,1.18,1067.7,0.389,0.4663,0
44.51,138.16,47.18,42.56,58.67,4.44,1048.2,0.356,0.7668,1
148.16,474.65,66.86,41.63,83.01,20.0,1965.9,0.241,0.9964,1
6.84,30.25,40.08,40.12,73.44,0.54,540.9,0.389,0.5863,1
20.63,51.68,32.59,32.29,87.13,0.93,1151.1,0.274,0.7207,1
19.21,68.99,23.72,36.55,81.92,1.01,1333.9,0.305,0.6917,1
16.1,64.46,25.57,41.31,65.07,0.66,1939.8,0.443,0.517,1
97.92,281.72,67.6,38.95,37.02,9.86,1185.8,0.545,0.9515,1
30.72,59.9,27.87,58.41,50.07,1.81,694.5,0.328,0.5696,1
150.52,415.14,69.65,28.96,69.75,15.52,284.1,0.416,0.9856,1
166.76,487.78,69.99,44.06,46.8,21.57,771.0,0.369,0.9943,1
159.38,525.9,57.96,36.86,58.53,14.9,2921.6,0.496,0.9885,1
42.64,127.96,42.25,37.41,92.8,4.09,1355.9,0.305,0.8071,1
55.44,182.15,53.18,44.73,97.23,7.2,1978.6,0.303,0.9005,1
86.93,286.19,55.65,43.98,71.16,10.99,1817.1,0.351,0.9653,1
25.52,55.84,31.79,58.96,23.53,1.39,1111.7,0.421,0.2871,0
2.58,10.73,47.56,28.63,85.3,0.17,2983.5,0.212,0.622,1
1.96,9.52,34.33,27.57,24.37,0.14,3297.5,0.489,0.2615,0
110.46,220.91,44.09,44.94,72.87,11.57,900.9,0.305,0.959,1
24.07,124.93,32.56,40.9,68.9,1.35,2864.5,0.224,0.7063,1
87.03,188.18,56.57,33.53,74.06,6.17,2694.1,0.321,0.8878,1
32.3,124.65,27.39,26.36,89.11,1.2,2966.3,0.387,0.7769,1
68.44,154.67,48.8,26.68,31.03,5.67,1549.3,0.448,0.6993,1
54.05,113.76,38.13,51.43,65.99,3.81,2464.7,0.39,0.7506,1
11.3,27.0,33.49,30.99,36.0,0.6,827.0,0.669,0.2372,0
81.76,199.57,55.52,34.87,19.2,8.32,3394.8,0.571,0.8103,1
13.85,36.51,44.1,32.12,77.62,1.49,2584.9,0.344,0.6796,1
57.56,123.97,35.4,35.67,92.08,2.65,452.5,0.376,0.8334,1
180.27,420.32,64.94,25.82,70.27,26.28,3097.4,0.485,0.9946,1
62.49,192.15,46.96,39.46,75.97,5.26,3364.9,0.302,0.8988,1
30.2,146.8,48.59,25.71,90.29,3.01,1301.0,0.326,0.7651,1
92.53,253.54,55.67,47.48,12.81,12.67,1978.4,0.483,0.8306,1
14.82,80.12,48.12,32.34,70.79,1.28,3473.4,0.479,0.7234,1
28.28,77.15,44.57,39.96,57.38,1.67,1688.1,0.334,0.5381,1
99.87,212.85,56.99,50.75,66.66,12.95,2396.9,0.358,0.9541,1
27.63,125.67,35.19,42.8,59.81,1.5,1693.1,0.388,0.7846,1
14.73,58.68,29.56,39.79,54.11,1.04,449.7,0.459,0.4796,0
55.21,173.63,35.23,34.89,47.35,2.54,1881.6,0.423,0.7754,1
168.2,370.01,64.18,35.12,84.11,16.15,2928.3,0.312,0.9937,1
48.32,131.36,31.97,43.32,85.76,3.8,337.0,0.35,0.8507,1
24.66,105.21,30.66,59.51,71.12,1.77,1655.3,0.156,0.8103,1
0.67,25.55,48.82,43.1,46.81,0.05,2913.5,0.353,0.4662,0
51.96,183.26,37.94,40.39,79.51,4.36,1366.3,0.12,0.8804,1
247.31,544.6,67.82,45.13,85.66,22.01,3425.4,0.405,0.9989,1
73.13,203.89,62.08,38.24,74.15,6.38,1464.5,0.351,0.9129,1
9.03,41.28,26.69,25.27,84.2,0.35,2784.4,0.377,0.5112,1
3.87,99.75,47.52,40.5,54.88,0.23,1010.4,0.473,0.5251,1
21.44,90.54,32.12,55.31,77.35,1.26,1296.8,0.237,0.7893,1
165.21,516.94,64.32,30.42,44.37,18.15,2579.4,0.439,0.9897,1
221.91,466.82,55.49,43.91,77.42,24.22,388.2,0.318,0.9988,1
145.33,273.31,68.24,31.3,53.89,20.78,509.5,0.536,0.9795,1
258.31,750.0,98.0,39.86,25.76,49.97,1080.3,0.51,0.9997,1
28.53,97.47,33.63,27.22,88.29,1.5,1027.6,0.378,0.584,1
11.0,28.48,38.71,37.91,73.92,0.56,417.9,0.318,0.6294,1
75.84,175.83,30.68,45.95,70.36,5.01,3407.2,0.326,0.9148,1
64.28,212.23,46.64,35.49,73.41,4.8,1168.6,0.47,0.7962,1
238.25,697.87,77.62,43.19,66.71,28.13,2584.3,0.283,0.9996,1
58.84,170.44,51.29,47.3,72.0,6.33,1497.0,0.281,0.9215,1
20.63,57.15,40.09,53.23,45.97,1.47,3470.2,0.513,0.5903,1
22.02,59.23,52.77,32.37,51.2,1.7,663.2,0.477,0.5687,1
30.11,116.38,40.74,36.75,82.53,2.69,1435.2,0.221,0.778,1
22.59,65.65,36.96,29.58,75.61,1.88,1624.6,0.57,0.5789,1
104.19,296.63,58.08,59.18,86.29,15.01,2567.1,0.135,0.9874,1
41.08,132.06,48.15,53.22,95.65,3.58,1836.8,0.05,0.9174,1
14.86,55.14,22.06,39.96,34.25,0.41,2676.0,0.436,0.3608,0
17.96,61.64,35.55,49.08,78.19,1.2,2976.1,0.207,0.6678,1
53.52,170.97,48.25,39.51,45.19,3.18,1154.4,0.509,0.6963,1
51.1,121.27,40.56,42.06,85.92,5.04,2852.9,0.415,0.802,1
281.32,750.0,77.72,26.86,49.2,31.21,1822.1,0.497,0.9996,1
68.36,183.87,37.91,45.92,92.37,6.23,452.6,0.298,0.9107,1
131.23,371.18,63.34,28.6,80.91,20.24,1180.2,0.395,0.9886,1
96.28,313.65,43.81,48.45,83.66,9.31,2849.6,0.382,0.9682,1
75.61,222.85,36.08,46.83,39.89,3.58,1483.4,0.41,0.8443,1
52.58,156.66,35.66,44.46,64.19,3.61,507.8,0.238,0.8149,1
17.48,50.0,30.88,23.64,89.77,0.9,2306.6,0.368,0.604,1
18.43,58.66,22.64,34.33,71.17,0.95,3006.0,0.165,0.613,1
132.74,260.18,61.27,33.22,80.39,12.95,638.4,0.308,0.9818,1
241.42,449.0,65.5,35.8,29.52,28.25,1991.9,0.462,0.9963,1
16.42,54.57,39.36,26.78,41.5,1.26,885.6,0.426,0.319,0
26.24,71.79,45.51,53.84,61.67,1.49,1314.6,0.407,0.7695,1
23.05,59.29,41.03,40.29,66.27,1.88,1565.9,0.353,0.6245,1
30.32,84.37,42.66,34.4,65.71,2.13,217.2,0.447,0.6311,1
30.05,94.15,51.9,36.69,41.79,2.94,1373.8,0.46,0.6945,1
105.39,334.58,54.51,37.84,51.71,7.83,1221.0,0.454,0.9475,1
97.78,206.02,54.27,41.46,39.1,8.68,2405.6,0.381,0.8859,1
153.54,495.48,76.08,39.38,65.53,22.85,3104.3,0.38,0.9966,1
61.6,185.63,40.53,52.77,35.65,4.85,547.3,0.54,0.6998,1
174.49,510.41,64.15,38.95,75.39,15.73,1793.3,0.253,0.9968,1
54.62,199.04,55.32,59.12,67.24,5.25,1113.1,0.429,0.8873,1
15.47,67.2,32.72,49.47,76.41,0.95,3458.8,0.406,0.6523,1
115.8,382.67,47.31,31.55,41.91,7.15,2775.1,0.479,0.9466,1
18.14,68.36,44.18,53.44,64.77,1.59,588.9,0.367,0.5911,1
63.36,197.5,41.92,28.12,52.61,3.99,1417.1,0.511,0.8337,1
8.82,24.61,28.12,48.12,45.7,0.59,566.9,0.313,0.5132,1
155.97,331.25,68.24,36.3,61.05,16.49,2797.2,0.436,0.9859,1
248.32,746.53,80.83,50.65,34.82,44.63,1807.4,0.425,0.9996,1
13.23,59.16,44.3,50.2,84.66,1.15,2336.0,0.219,0.7088,1
250.48,548.69,68.05,47.68,68.06,35.64,2097.1,0.399,0.9993,1
43.02,135.63,54.16,47.11,63.43,5.53,802.6,0.293,0.8227,1
32.59,107.68,55.23,34.37,71.1,4.14,242.9,0.344,0.7461,1
19.79,103.68,33.8,26.44,61.7,0.91,3071.7,0.356,0.6443,1
48.93,204.05,56.38,36.83,69.1,6.66,504.8,0.35,0.8708,1
17.37,84.44,42.05,30.36,75.45,1.01,2811.8,0.523,0.6257,1
38.77,99.8,39.51,44.05,63.81,2.47,831.9,0.307,0.7599,1
20.27,51.66,36.61,35.45,69.3,1.4,3014.2,0.463,0.6657,1
64.34,179.96,42.09,56.92,82.84,6.54,2159.4,0.225,0.9075,1
49.62,192.43,53.53,42.53,32.55,5.35,1517.3,0.487,0.7319,1
115.81,351.56,48.48,48.31,53.33,13.13,2372.6,0.24,0.9672,1
76.22,173.22,43.78,28.8,57.47,8.09,1103.4,0.537,0.8689,1
12.12,111.31,42.66,49.93,86.61,1.12,1581.4,0.219,0.6692,1
90.11,239.89,46.57,52.97,58.0,7.66,2918.4,0.352,0.9434,1
37.11,131.48,40.23,38.73,47.14,2.54,229.5,0.478,0.6855,1
42.47,132.38,37.84,41.61,55.48,2.5,972.1,0.458,0.7209,1
23.17,54.78,32.69,46.24,56.72,1.41,2646.3,0.347,0.5511,1
128.55,302.01,49.72,30.4,79.35,8.07,2574.2,0.214,0.9652,1
190.36,546.24,85.12,39.08,45.98,24.25,740.1,0.564,0.9968,1
50.81,166.71,49.06,36.73,68.35,4.15,3443.9,0.509,0.8092,1
250.89,540.67,69.95,29.35,90.54,40.53,2432.4,0.271,0.9992,1
40.13,92.64,26.73,35.98,69.77,1.81,1425.5,0.42,0.6644,1
18.4,93.75,39.34,25.75,54.7,1.09,1357.9,0.473,0.5138,1
39.79,104.03,37.22,22.77,41.09,3.28,1924.9,0.664,0.4687,0
46.59,110.04,52.78,28.91,80.22,5.97,319.2,0.366,0.8233,1
43.79,136.72,36.39,55.76,69.36,3.52,2558.0,0.228,0.8064,1
177.63,488.23,73.2,40.19,28.44,17.73,425.7,0.415,0.9904,1
22.82,118.57,51.8,55.99,16.87,1.91,2354.9,0.471,0.5026,1
68.03,225.28,45.66,37.51,72.57,6.16,2845.8,0.367,0.9109,1
39.94,119.22,45.83,34.56,61.73,2.66,3187.4,0.582,0.588,1
113.41,298.71,59.5,39.16,77.65,13.68,687.2,0.207,0.9736,1
91.35,282.85,62.1,37.67,31.88,8.55,2660.0,0.424,0.8948,1
205.86,505.32,64.41,27.64,96.48,25.26,3444.9,0.243,0.9983,1
33.88,76.4,29.05,42.52,58.87,2.09,423.8,0.265,0.6331,1
122.6,294.5,58.76,31.79,68.91,16.01,293.1,0.327,0.959,1
25.95,101.85,30.73,41.96,81.93,1.79,901.0,0.389,0.7482,1
37.35,88.98,41.92,42.78,83.35,3.46,876.6,0.083,0.8505,1
39.98,116.34,43.71,29.57,52.91,2.41,1254.3,0.468,0.5065,1
120.2,254.84,49.55,25.35,76.76,14.81,3247.7,0.545,0.9382,1
19.45,59.65,38.48,46.78,54.68,1.65,2454.1,0.376,0.6273,1
99.49,283.59,50.31,38.12,37.42,6.68,235.4,0.429,0.9155,1
91.63,262.23,41.89,25.15,77.2,8.09,1834.7,0.395,0.9059,1
237.28,468.75,69.53,59.67,52.14,29.88,3089.9,0.3,0.9991,1
137.73,329.94,53.02,25.13,46.57,12.83,1963.4,0.576,0.9427,1
52.08,146.13,40.0,44.05,45.53,4.33,840.9,0.387,0.7971,1
42.07,139.54,36.66,57.85,70.08,2.19,3348.1,0.215,0.8419,1
80.16,285.03,47.57,32.51,56.55,9.53,1214.2,0.401,0.9255,1
94.03,196.13,50.75,29.19,60.55,9.1,1355.3,0.653,0.8461,1
156.28,298.68,57.84,28.34,46.64,17.83,1375.8,0.522,0.9711,1
71.15,220.07,42.1,34.34,33.78,5.25,1502.6,0.658,0.7108,1
34.99,96.25,41.08,27.43,77.53,2.86,2538.9,0.553,0.6544,1
117.49,273.0,51.91,43.97,62.18,12.58,1238.0,0.384,0.9583,1
94.24,215.07,53.31,25.4,74.24,8.28,1734.6,0.45,0.902,1
6.67,27.75,39.93,39.24,73.19,0.48,1069.5,0.362,0.5822,1
25.76,87.08,32.66,60.13,91.85,1.29,1876.1,0.269,0.7502,1
57.22,190.7,40.23,47.98,56.55,5.07,3326.3,0.42,0.8797,1
25.06,91.58,41.98,41.84,37.96,2.27,1155.7,0.507,0.4442,0
70.76,256.33,65.64,34.42,62.29,10.47,2894.2,0.413,0.9414,1
102.39,187.92,44.47,42.07,18.82,9.62,922.6,0.366,0.8575,1
198.87,394.87,51.65,39.65,68.09,12.59,677.5,0.321,0.9941,1
35.3,107.98,51.43,37.36,76.98,2.63,500.7,0.344,0.7588,1
37.12,130.11,40.43,28.72,39.99,2.56,3433.5,0.57,0.5145,1
18.85,62.02,33.4,51.06,85.12,0.95,2082.4,0.33,0.7765,1
37.02,82.7,39.97,37.89,27.26,2.8,1897.1,0.356,0.4412,0
87.9,184.5,39.8,31.09,66.04,8.28,223.8,0.389,0.8365,1
79.55,238.93,55.18,35.99,61.17,9.48,1798.2,0.488,0.8586,1
83.78,225.0,53.15,37.09,94.22,6.89,2387.0,0.273,0.9628,1
231.59,665.82,91.43,48.5,54.47,36.35,1552.8,0.403,0.9995,1
72.47,225.18,44.08,45.23,33.07,4.05,625.4,0.448,0.853,1
18.88,49.88,33.61,46.39,84.93,0.77,1083.4,0.183,0.776,1
11.52,52.28,35.1,21.12,74.47,0.71,2556.6,0.437,0.5376,1
18.32,105.33,50.46,37.14,84.21,1.98,1768.6,0.196,0.7781,1
26.87,122.98,28.75,38.6,71.28,1.79,1781.7,0.474,0.5965,1
42.52,131.75,44.38,22.11,50.7,3.32,326.7,0.502,0.6017,1
77.87,140.85,51.74,33.12,35.52,5.78,1946.8,0.548,0.7153,1
45.36,171.73,47.82,46.09,57.64,3.34,1601.6,0.238,0.873,1
15.99,50.84,41.91,28.98,35.39,1.19,3102.8,0.5,0.3791,0
30.3,80.96,43.02,39.85,82.86,2.66,1456.8,0.275,0.8132,1
32.04,110.02,44.84,31.76,94.5,2.74,2210.5,0.295,0.8472,1
37.98,88.88,45.85,21.27,83.52,3.99,3288.4,0.361,0.6219,1
28.99,84.29,26.72,32.57,69.05,0.95,2068.5,0.47,0.4529,0
42.43,96.82,32.4,56.95,68.72,3.42,298.3,0.29,0.7454,1
117.95,397.93,57.71,47.52,66.17,16.39,535.2,0.35,0.9815,1
251.34,557.72,77.85,55.47,60.62,27.29,3390.6,0.319,0.9993,1
54.13,155.99,30.13,38.74,33.9,2.06,2021.9,0.615,0.5356,1
42.98,106.43,45.83,27.83,47.42,3.94,824.7,0.365,0.6679,1
234.24,443.55,58.6,40.15,71.27,29.35,2073.6,0.369,0.998,1
33.25,75.36,38.69,38.0,21.24,2.34,3359.4,0.574,0.4135,0
19.81,62.9,26.76,49.18,62.11,0.83,347.9,0.39,0.6277,1
59.0,129.37,31.6,27.29,25.54,3.79,1939.4,0.39,0.591,1
76.49,191.2,43.93,38.75,93.52,6.81,649.3,0.218,0.9283,1
64.54,148.11,55.99,29.49,58.58,5.03,1674.3,0.466,0.8162,1
8.97,29.77,31.04,34.9,88.65,0.62,2360.1,0.384,0.4765,0
145.42,503.18,57.1,45.35,81.29,18.06,1715.2,0.106,0.9961,1
7.44,32.02,49.69,38.48,62.06,0.48,3377.3,0.353,0.6181,1
87.94,233.89,51.09,36.19,47.53,8.09,2129.2,0.525,0.8392,1
127.09,319.9,58.86,36.63,49.46,12.8,3379.9,0.528,0.9438,1
4.31,65.01,47.04,38.11,52.61,0.37,1237.5,0.494,0.4619,0
29.66,96.95,47.96,46.93,77.27,2.56,269.7,0.329,0.7987,1
80.46,191.35,51.61,51.32,65.29,7.81,710.1,0.388,0.9183,1
166.3,328.13,51.76,55.13,93.75,13.43,436.2,0.287,0.9943,1
24.94,110.38,45.75,47.0,69.27,2.07,2638.6,0.418,0.806,1
50.38,146.5,55.16,34.66,16.16,3.69,826.5,0.698,0.5561,1
66.94,202.73,54.7,43.85,18.38,5.24,2698.3,0.528,0.8005,1
71.96,237.72,50.74,37.62,52.79,4.8,1974.0,0.54,0.8535,1
37.32,118.86,33.66,32.97,35.41,1.81,915.4,0.502,0.4771,0
20.53,71.81,50.09,49.04,51.27,1.24,2224.4,0.378,0.7205,1
44.5,121.13,29.67,23.82,65.1,1.65,237.8,0.599,0.5476,1
44.58,155.91,32.76,51.81,57.09,3.26,1304.6,0.529,0.6964,1
152.1,341.51,41.8,38.15,76.22,9.28,2789.4,0.373,0.9835,1
118.13,351.62,54.61,42.43,56.21,12.1,2672.4,0.453,0.9746,1
73.19,147.07,48.73,43.03,53.98,6.0,2809.3,0.25,0.8782,1
35.16,120.41,31.27,51.48,61.19,1.79,2138.9,0.315,0.758,1
10.25,32.18,34.32,42.41,69.74,0.81,2091.9,0.406,0.5516,1
36.88,113.21,29.7,41.81,43.52,2.01,1544.3,0.436,0.5685,1
36.64,106.57,39.75,25.66,56.45,2.73,3330.2,0.488,0.6441,1
145.45,394.84,65.56,39.45,39.62,17.13,3333.3,0.483,0.9757,1
28.87,132.34,48.39,29.5,74.28,2.16,228.7,0.476,0.6276,1
11.03,43.35,42.75,45.35,75.13,0.98,3375.3,0.197,0.7447,1
115.33,320.19,55.72,39.3,76.97,8.11,3072.8,0.482,0.9673,1
39.72,153.48,28.54,43.62,44.36,1.78,2199.8,0.512,0.6854,1
32.73,66.81,39.25,24.06,32.7,2.65,1271.0,0.591,0.368,0
8.63,37.44,40.53,26.64,43.7,0.43,1588.5,0.521,0.3652,0
16.74,43.9,22.91,44.69,68.2,0.47,2999.1,0.252,0.5606,1
10.41,101.67,38.91,25.96,60.14,0.68,687.3,0.475,0.5691,1
12.22,39.12,26.57,25.92,43.02,0.5,2248.7,0.412,0.2641,0
13.67,50.43,33.61,21.26,30.15,0.97,961.9,0.713,0.1539,0
128.2,378.91,61.68,55.22,69.06,17.26,1448.0,0.362,0.9875,1
144.52,389.7,48.67,45.35,66.06,8.77,216.5,0.384,0.9822,1
159.95,546.09,63.03,35.63,66.34,17.82,3399.0,0.302,0.9964,1
34.49,92.04,23.77,34.15,96.3,1.99,558.4,0.204,0.7485,1
26.22,102.28,28.96,35.54,46.14,1.22,2719.5,0.38,0.5135,1
44.53,129.08,27.75,46.57,50.44,1.8,2053.3,0.383,0.7047,1
42.62,90.81,45.22,43.09,79.9,3.62,2932.5,0.431,0.7323,1
29.72,80.45,32.6,30.77,57.71,1.73,1901.7,0.512,0.6326,1
47.06,244.3,53.94,30.38,44.59,3.77,3448.5,0.545,0.748,1
39.21,108.18,52.0,27.31,46.25,3.05,2203.2,0.49,0.6334,1
30.68,76.31,45.53,43.06,32.19,2.92,2234.1,0.466,0.5694,1
20.05,88.19,25.83,46.23,60.53,0.84,3238.6,0.411,0.5145,1
11.27,71.38,49.98,33.27,62.93,1.4,1051.5,0.426,0.5852,1
30.87,84.06,37.15,22.29,70.71,1.81,1397.5,0.469,0.5325,1
20.17,56.15,24.8,26.5,64.53,0.96,2394.4,0.34,0.5039,1
22.53,86.68,41.6,56.17,88.58,1.21,665.7,0.364,0.8534,1
124.94,361.87,62.84,34.12,40.9,14.92,2871.7,0.39,0.9738,1
18.44,57.32,36.16,46.39,51.28,1.2,2153.2,0.416,0.5966,1
8.45,30.05,41.86,42.09,63.03,0.59,2691.3,0.377,0.5225,1
37.49,78.23,23.75,36.33,66.99,1.57,3467.9,0.451,0.5718,1
159.52,367.0,56.29,31.45,92.22,12.86,3423.7,0.392,0.9908,1
52.01,120.04,55.49,28.34,56.51,6.54,1677.2,0.573,0.6641,1
13.04,45.43,41.63,41.84,76.74,1.3,1127.6,0.283,0.6771,1
175.3,546.75,70.97,46.57,48.66,28.48,2293.2,0.497,0.9967,1
19.7,135.86,39.82,42.61,69.85,1.76,2547.4,0.36,0.672,1
81.97,173.85,35.4,39.73,67.04,5.55,1172.6,0.431,0.8513,1
8.26,33.19,44.18,24.08,88.68,0.6,1128.5,0.473,0.5632,1
59.81,144.59,40.02,56.23,72.61,3.41,909.4,0.311,0.8705,1
74.04,231.98,59.58,47.42,57.84,9.99,3201.1,0.249,0.9556,1
6.75,20.2,47.32,34.05,66.04,0.4,535.4,0.431,0.4487,0
14.58,40.35,51.09,57.4,64.91,1.07,1013.1,0.364,0.77,1
83.79,266.56,43.51,41.5,48.36,6.28,2260.5,0.442,0.9273,1
60.81,160.03,52.35,41.0,47.8,4.63,1743.0,0.537,0.8248,1
39.64,123.68,34.91,45.69,62.23,2.71,598.3,0.386,0.7981,1
22.33,59.62,35.1,47.9,64.89,1.68,1155.4,0.436,0.6021,1
30.74,95.78,27.62,42.95,73.73,2.02,1546.8,0.332,0.6432,1
22.04,52.86,40.36,28.62,26.17,1.31,3363.7,0.664,0.3117,0
16.1,45.57,38.09,35.25,50.55,0.96,1506.0,0.42,0.4357,0
40.88,101.27,48.39,53.29,57.26,4.22,582.2,0.356,0.7799,1
6.64,22.64,46.92,32.06,75.6,0.46,3408.8,0.3,0.525,1
83.47,269.17,57.62,36.1,67.89,8.17,1632.3,0.378,0.926,1
45.06,202.42,40.14,37.5,51.07,3.94,661.0,0.461,0.7985,1
28.39,106.76,44.76,37.66,58.23,2.15,2216.5,0.294,0.6651,1
55.41,151.62,54.04,41.78,66.26,4.16,2868.2,0.483,0.8394,1
91.64,274.92,54.88,54.25,45.09,7.8,2544.7,0.394,0.929,1
200.98,533.51,87.81,32.55,41.16,23.03,1228.1,0.555,0.9955,1
94.64,326.38,42.05,28.34,69.84,8.26,988.6,0.422,0.8919,1
58.38,176.83,52.05,31.18,77.64,3.83,3113.5,0.345,0.8255,1
281.02,750.0,76.04,51.07,57.17,41.59,839.8,0.193,0.9999,1
125.11,231.89,46.82,42.66,82.87,14.26,2697.4,0.366,0.9584,1
78.62,247.63,63.67,33.86,54.41,11.6,275.9,0.544,0.9,1
39.94,139.17,34.95,48.06,78.04,1.81,1584.6,0.305,0.8258,1
164.93,469.16,75.97,49.9,31.69,26.67,3450.3,0.343,0.9952,1
88.08,275.36,48.66,49.27,73.71,8.99,2291.8,0.397,0.937,1
76.73,222.0,54.71,52.75,55.71,6.67,1225.2,0.446,0.9142,1
31.32,105.58,41.38,32.9,52.53,1.74,2509.2,0.485,0.5523,1
22.1,58.57,30.83,45.92,31.97,1.57,1366.0,0.514,0.546,1
47.93,130.01,54.78,38.13,44.73,5.04,3298.2,0.576,0.7944,1
7.77,17.63,23.35,49.08,43.5,0.38,975.3,0.461,0.4639,0
175.31,575.66,81.0,45.07,67.43,25.49,1255.9,0.415,0.9985,1
87.24,296.63,66.5,46.64,61.82,8.64,2472.9,0.489,0.9509,1
27.15,168.3,32.09,42.94,79.28,1.34,2824.5,0.353,0.7904,1
65.36,171.94,43.76,30.5,59.71,5.42,2102.4,0.361,0.7941,1
30.38,79.98,35.07,40.08,79.72,1.6,1154.6,0.552,0.6887,1
14.53,82.93,29.95,57.98,43.05,0.75,2091.2,0.469,0.5178,1
19.02,79.32,31.3,53.87,99.53,0.77,923.2,0.292,0.766,1
31.47,104.63,56.55,24.16,41.85,4.44,389.5,0.507,0.515,1
12.57,39.91,36.66,30.04,84.01,0.92,3234.9,0.387,0.5475,1
102.79,312.35,46.43,28.77,83.44,6.63,1787.8,0.266,0.9452,1
21.1,57.94,47.72,44.99,76.07,1.38,1784.8,0.293,0.8102,1
75.41,224.75,47.5,48.13,33.02,6.55,2657.8,0.425,0.8808,1
154.81,290.61,57.44,31.71,42.94,10.96,2048.1,0.464,0.9604,1
38.68,99.08,44.98,39.16,89.0,3.02,1699.1,0.19,0.8309,1
59.61,172.2,50.94,49.03,58.53,7.37,2822.2,0.252,0.8884,1
58.87,171.25,43.99,45.2,58.72,5.88,1767.6,0.432,0.8695,1
57.81,135.12,46.05,40.01,82.65,6.41,3212.0,0.354,0.8896,1
92.5,243.41,62.24,41.2,19.77,7.74,1210.6,0.628,0.8798,1
90.38,176.73,33.33,39.21,68.56,5.07,310.9,0.306,0.8914,1
16.18,51.61,31.68,34.18,79.83,0.99,692.3,0.4,0.6663,1
39.68,82.79,48.62,40.57,54.6,4.12,2903.3,0.41,0.6474,1
151.45,325.83,52.62,43.87,44.49,13.63,3256.5,0.435,0.9571,1
128.84,278.13,36.97,50.43,51.28,7.69,447.8,0.32,0.9504,1
89.68,230.47,29.8,42.4,51.31,4.27,3198.7,0.271,0.8657,1
76.11,152.64,38.94,46.12,75.73,6.6,3314.1,0.327,0.8934,1
43.1,112.86,40.86,29.87,68.41,2.99,2689.3,0.352,0.7392,1
3.8,27.72,26.45,38.15,9.49,0.12,2711.6,0.507,0.1764,0
84.76,274.98,47.5,20.87,54.48,8.86,205.1,0.484,0.8907,1
39.22,117.68,43.56,32.73,40.72,2.41,934.9,0.55,0.5551,1
17.86,53.44,47.81,45.0,74.93,1.72,908.3,0.193,0.8222,1
53.09,133.64,35.22,59.06,55.1,2.31,2118.9,0.308,0.801,1
65.54,190.91,45.75,27.34,62.29,5.11,2367.9,0.333,0.8681,1
34.42,104.3,48.44,36.8,53.29,2.99,3175.5,0.511,0.5729,1
29.51,132.28,49.41,47.47,77.41,3.59,1810.4,0.43,0.8185,1
22.64,79.41,47.33,31.4,46.26,1.41,1853.4,0.55,0.5023,1
48.06,195.7,57.96,40.32,62.47,6.06,379.1,0.475,0.7885,1
45.56,137.81,48.52,45.21,82.29,5.42,3491.5,0.516,0.8306,1
99.34,324.82,56.25,41.86,70.67,8.72,3320.5,0.183,0.9788,1
51.15,178.04,60.52,30.86,47.53,4.62,437.5,0.505,0.7513,1
42.28,125.9,43.57,35.68,62.19,4.49,2040.4,0.405,0.8171,1
35.93,68.5,42.22,46.89,56.79,2.79,1347.8,0.41,0.6357,1
38.51,125.27,47.64,40.3,69.43,4.16,1613.5,0.324,0.8326,1
56.36,171.29,47.28,20.15,97.68,5.95,2350.5,0.396,0.8528,1
132.66,378.84,63.51,46.11,40.97,13.68,1585.1,0.485,0.9692,1
29.42,69.43,31.81,23.57,30.43,1.35,1835.4,0.622,0.3327,0
25.85,96.12,36.73,45.61,49.51,2.01,1101.1,0.286,0.6711,1
93.3,284.31,50.53,31.35,51.13,8.73,471.8,0.544,0.9074,1
117.5,332.77,59.58,55.35,61.38,12.86,2692.0,0.268,0.9835,1
218.48,435.04,69.47,35.99,82.19,28.99,1448.7,0.307,0.9983,1
37.42,103.78,43.59,34.96,77.63,2.01,3125.8,0.321,0.8149,1
71.98,181.9,57.43,29.45,19.67,4.99,3318.4,0.636,0.6004,1
64.21,127.87,36.42,34.4,44.0,3.76,491.5,0.359,0.6632,1
217.73,558.08,85.61,50.59,16.89,30.21,2458.4,0.59,0.9966,1
180.08,361.29,48.76,60.03,85.93,18.74,2906.4,0.39,0.9934,1
82.28,198.58,48.27,36.0,36.81,6.45,2335.2,0.488,0.7532,1
306.52,687.85,77.66,37.87,74.89,39.69,1284.7,0.268,0.9999,1
78.41,264.46,42.98,44.87,87.53,6.45,1138.9,0.147,0.9548,1
68.57,139.16,36.92,51.04,39.62,4.99,1725.4,0.401,0.8136,1
30.94,81.63,43.58,41.27,51.86,2.2,1054.6,0.381,0.7149,1
11.87,25.85,29.42,36.56,48.95,0.67,3155.9,0.52,0.3809,0
9.18,36.38,45.58,37.06,84.23,0.84,361.8,0.42,0.6876,1
26.36,54.97,45.35,44.07,30.16,1.84,571.8,0.369,0.5309,1
53.59,196.93,49.21,19.68,83.45,3.97,2201.5,0.406,0.8597,1
192.56,456.93,68.34,41.96,53.24,31.02,2372.5,0.348,0.9975,1
8.09,38.89,22.85,35.69,65.14,0.38,2628.9,0.425,0.4045,0
24.31,90.16,39.88,47.26,93.2,1.56,1109.4,0.055,0.8742,1
66.89,204.28,54.75,27.05,65.4,7.02,1171.6,0.329,0.8761,1
4.72,34.64,29.09,41.15,44.72,0.29,1565.1,0.404,0.3884,0
78.66,188.16,50.09,38.59,64.52,4.84,973.8,0.443,0.8377,1
63.97,203.45,48.68,42.57,51.32,7.46,1444.8,0.362,0.8686,1
17.45,80.08,36.89,25.55,55.79,1.37,2499.8,0.565,0.438,0
126.34,405.12,63.71,40.94,78.99,13.76,1845.4,0.238,0.9888,1
52.01,142.92,43.54,40.48,72.87,5.46,3389.8,0.341,0.8128,1
109.29,283.02,46.13,40.46,70.65,6.42,2112.7,0.302,0.9759,1
80.85,172.85,39.72,41.54,33.24,7.0,1284.4,0.571,0.729,1
143.64,383.1,68.96,43.52,89.35,18.66,800.0,0.405,0.9941,1
75.44,171.59,30.35,47.65,61.99,4.73,925.6,0.424,0.8524,1
36.46,71.83,39.91,33.41,75.25,2.64,253.0,0.492,0.7039,1
235.0,601.26,79.75,48.41,39.39,26.08,1659.1,0.416,0.9977,1
4.75,55.09,47.29,38.98,91.64,0.35,3368.0,0.227,0.806,1
9.01,71.05,36.7,26.23,59.68,0.6,2765.1,0.434,0.4142,0
20.47,60.51,27.72,25.18,82.78,1.36,1192.3,0.304,0.5273,1
29.54,96.1,48.0,35.15,62.32,1.83,2836.0,0.446,0.7471,1
37.47,152.05,35.25,46.93,32.72,1.77,3274.8,0.419,0.6732,1
51.98,160.54,37.62,44.43,75.0,2.74,2419.9,0.248,0.8629,1
127.95,277.75,45.71,47.06,32.54,11.82,1889.0,0.459,0.9185,1
238.5,635.11,73.55,39.42,65.96,29.4,648.4,0.219,0.9993,1
32.54,100.9,25.52,37.68,81.44,1.16,462.9,0.36,0.7511,1
380.0,730.14,97.03,29.39,29.22,50.09,922.4,0.42,0.9999,1
38.36,127.8,32.34,34.99,45.71,2.58,2389.0,0.473,0.4842,0
25.34,100.13,50.35,37.54,91.12,2.3,710.6,0.326,0.8424,1
99.89,342.91,52.1,26.83,55.02,12.15,1959.4,0.395,0.9357,1
44.31,109.14,48.71,31.93,79.62,3.72,1640.8,0.346,0.833,1
43.76,133.55,49.42,41.4,79.33,4.44,2274.2,0.338,0.8417,1
10.11,49.87,24.1,45.29,90.74,0.54,371.9,0.185,0.715,1
190.53,348.88,65.36,60.68,65.21,30.38,3434.7,0.327,0.997,1
201.48,617.57,74.74,53.6,69.47,35.09,2476.7,0.433,0.9991,1
9.86,31.18,41.29,42.57,40.49,0.9,2581.7,0.448,0.409,0
102.41,275.69,64.89,37.25,83.61,11.54,253.6,0.417,0.9569,1
34.81,95.73,33.61,42.4,80.16,2.9,462.2,0.342,0.7708,1
19.89,67.29,34.86,46.96,58.38,1.07,2469.8,0.351,0.6063,1
19.16,55.44,33.69,28.2,81.86,1.33,561.8,0.388,0.6213,1
7.97,25.13,33.12,36.99,85.13,0.36,3154.7,0.313,0.5881,1
76.99,241.78,44.33,48.99,64.44,6.78,2250.8,0.362,0.932,1
77.9,250.51,43.65,36.38,68.8,7.13,434.5,0.409,0.916,1
23.33,68.58,42.93,40.74,54.94,1.32,2225.0,0.5,0.5395,1
380.0,750.0,75.06,41.14,66.36,45.16,2849.0,0.329,1.0,1
40.36,133.73,31.21,30.74,26.43,2.56,2843.0,0.515,0.4357,0
318.23,644.69,74.5,35.85,60.36,47.01,1523.8,0.498,0.9996,1
78.98,253.07,54.09,35.16,17.8,8.84,1718.3,0.569,0.7881,1
7.28,28.04,40.99,22.8,37.19,0.41,2629.2,0.552,0.1956,0
38.73,103.9,44.8,22.61,93.53,3.24,3084.7,0.183,0.8005,1
10.48,34.68,34.07,48.67,51.41,0.86,2818.8,0.511,0.4478,0
16.96,59.7,41.57,33.5,73.12,1.72,2167.2,0.346,0.684,1
168.95,348.5,62.26,39.44,57.94,14.35,2592.2,0.433,0.9857,1
92.08,193.32,39.92,34.21,77.12,8.68,2352.8,0.33,0.8721,1
2.74,43.53,28.99,54.09,74.4,0.16,2104.6,0.337,0.6358,1
3.87,21.09,27.17,33.11,81.12,0.23,3235.0,0.438,0.6234,1
10.72,68.73,46.34,37.44,23.4,0.69,2338.1,0.456,0.4672,0
32.09,145.15,39.7,50.41,50.87,2.75,1460.6,0.506,0.7706,1
104.84,222.7,39.37,49.08,80.2,5.33,3415.4,0.169,0.9733,1
99.22,283.55,42.33,30.8,34.74,8.5,3334.0,0.523,0.8815,1
40.79,84.63,49.04,47.56,58.99,4.14,2775.8,0.285,0.7571,1
22.53,68.94,36.0,38.08,37.31,1.67,308.1,0.538,0.5107,1
147.23,414.2,53.89,38.63,77.12,10.13,2604.3,0.478,0.9888,1
260.71,750.0,88.28,28.84,48.89,39.11,298.7,0.523,0.9995,1
81.41,237.71,58.67,26.42,3.63,10.35,442.9,0.609,0.6768,1
119.69,243.89,48.74,45.05,80.69,13.04,1363.3,0.241,0.9743,1
70.27,187.21,53.13,38.94,89.81,6.5,1243.4,0.464,0.8791,1
12.22,54.98,30.97,37.61,43.36,0.53,2060.5,0.402,0.3998,0
23.95,106.17,41.3,45.1,73.25,1.83,1004.8,0.252,0.7839,1
152.55,408.09,65.01,46.26,25.3,20.28,857.3,0.442,0.9756,1
63.86,184.43,50.42,29.83,44.34,7.72,2399.7,0.465,0.7715,1
95.74,203.73,39.37,41.71,67.09,7.86,1663.1,0.312,0.8841,1
42.79,105.93,52.15,28.91,45.76,5.06,374.8,0.437,0.5579,1
15.43,49.43,39.02,45.8,69.47,0.93,1659.9,0.324,0.5315,1
24.74,73.79,41.98,42.97,46.81,2.37,2703.7,0.44,0.6248,1
128.76,325.32,55.13,55.23,82.35,14.16,420.0,0.261,0.9865,1
265.61,639.44,81.98,25.79,74.11,41.67,3222.2,0.275,0.9998,1
24.5,71.5,24.3,25.09,86.13,0.92,1772.3,0.323,0.5722,1
46.08,162.46,52.28,33.76,77.7,3.53,1889.7,0.345,0.8361,1
12.01,171.31,53.84,33.18,57.31,1.23,1188.2,0.439,0.6772,1
44.67,163.41,38.71,32.74,70.05,4.08,2335.1,0.416,0.7113,1
34.11,63.45,25.51,52.05,38.1,1.31,270.8,0.316,0.5936,1
40.74,110.73,45.52,32.82,71.41,2.9,2637.2,0.388,0.7428,1
123.1,229.88,36.21,33.47,66.31,10.84,527.2,0.558,0.9174,1
26.07,97.59,34.83,46.06,50.07,1.12,1667.3,0.356,0.6147,1
220.57,545.56,62.69,37.89,14.37,25.32,685.5,0.437,0.9947,1
127.54,407.0,63.21,46.64,85.9,15.22,759.3,0.374,0.988,1
3.34,11.28,42.53,25.58,85.69,0.3,1732.7,0.382,0.5598,1
109.74,243.63,42.16,38.74,91.29,6.72,415.6,0.256,0.961,1
165.31,467.43,81.78,23.44,46.0,26.27,694.6,0.648,0.9918,1
59.72,238.98,52.68,25.43,64.61,4.22,1994.0,0.203,0.8866,1
61.01,168.26,58.87,52.06,80.5,5.56,2497.0,0.23,0.9314,1
47.04,123.94,37.63,29.07,83.61,2.16,1386.1,0.238,0.7994,1
52.63,142.13,40.93,39.78,85.81,3.85,3057.3,0.44,0.8609,1
106.38,259.17,44.05,37.02,27.72,6.69,731.0,0.472,0.8875,1
3.91,18.26,36.0,35.48,57.69,0.19,2049.9,0.313,0.4432,0
43.51,108.0,53.99,51.72,47.36,3.87,494.7,0.248,0.8189,1
82.6,214.81,58.54,22.38,73.96,6.3,752.6,0.532,0.8688,1
7.45,32.4,46.62,43.16,34.96,0.72,3199.0,0.628,0.4884,0
52.02,153.02,38.13,55.78,41.31,2.9,3476.2,0.367,0.7866,1
84.98,217.44,42.62,40.45,83.0,7.69,3491.6,0.324,0.9526,1
114.44,368.67,56.79,53.83,46.93,14.89,2841.4,0.326,0.9819,1
26.49,83.46,46.75,24.78,58.63,2.68,858.7,0.555,0.5524,1
17.03,67.6,34.1,37.2,28.15,1.27,1144.1,0.463,0.4634,0
28.89,97.77,56.2,33.13,52.55,3.31,493.8,0.383,0.6834,1
36.47,111.7,41.31,45.14,66.51,2.54,378.4,0.312,0.7065,1
9.19,30.08,24.76,57.56,67.8,0.38,2617.6,0.339,0.5845,1
66.98,207.17,54.06,33.02,39.37,7.02,1983.3,0.561,0.7828,1
38.32,142.31,47.09,42.89,65.44,2.75,2380.0,0.26,0.8239,1
59.78,205.81,47.91,31.2,65.35,4.72,2114.3,0.414,0.8652,1
150.06,401.64,69.45,40.58,52.4,14.61,239.0,0.215,0.9873,1
99.73,296.71,66.31,38.21,44.89,14.64,1255.2,0.363,0.9241,1
62.54,159.64,62.38,56.56,32.72,8.41,2481.0,0.378,0.8414,1
27.07,77.33,51.32,41.67,74.5,2.58,3041.9,0.265,0.7926,1
81.29,158.78,42.09,35.54,67.29,5.75,709.5,0.399,0.8538,1
16.85,59.34,37.03,28.02,82.9,1.31,589.3,0.492,0.5123,1
177.9,425.98,71.81,29.54,49.66,16.74,3364.3,0.51,0.9891,1
55.98,249.5,52.99,32.08,75.45,3.74,3391.9,0.52,0.8835,1
34.33,76.56,45.28,32.86,25.3,3.28,2675.1,0.514,0.4456,0
94.14,308.99,68.65,49.44,40.3,12.38,395.3,0.397,0.9778,1
28.93,185.14,43.08,40.47,77.12,2.68,2279.8,0.4,0.7555,1
27.67,138.04,41.68,39.57,46.48,1.8,623.7,0.558,0.5593,1
19.99,74.89,34.47,28.05,71.3,0.92,2989.8,0.467,0.5809,1
18.88,63.25,37.21,49.85,94.03,1.24,1200.5,0.312,0.7824,1
6.55,24.26,33.18,44.89,90.69,0.38,1767.8,0.26,0.6535,1
69.13,249.98,55.66,25.72,47.05,8.41,816.6,0.419,0.813,1
166.58,533.59,89.09,44.44,56.87,20.16,2592.8,0.451,0.9953,1
16.74,41.01,36.32,40.04,94.5,1.48,1857.3,0.252,0.7692,1
26.13,66.14,36.94,26.48,41.57,1.23,2529.3,0.526,0.3941,0
187.28,424.32,69.14,38.08,81.5,20.81,1255.1,0.196,0.9973,1
137.14,420.18,73.71,38.67,58.15,21.37,1443.5,0.584,0.9804,1
151.69,430.28,52.07,30.08,93.04,16.85,3158.5,0.405,0.9934,1
28.8,61.23,38.92,54.43,54.16,2.17,1039.0,0.46,0.6856,1
126.87,245.67,49.75,49.41,48.56,8.16,3180.0,0.496,0.9339,1
24.44,103.82,44.54,43.3,89.72,2.52,450.0,0.291,0.8368,1
39.87,112.91,31.42,38.17,80.91,2.54,724.3,0.161,0.8227,1
55.58,118.67,50.7,37.04,59.52,6.16,2388.4,0.42,0.8172,1
18.13,54.38,24.62,42.8,47.33,0.76,3480.8,0.372,0.4625,0
4.0,15.77,29.98,40.09,88.36,0.18,3281.6,0.416,0.5029,1
129.69,309.65,50.89,25.4,54.55,14.1,1877.8,0.547,0.9181,1
34.36,142.79,49.19,39.31,71.29,3.82,1941.8,0.394,0.7702,1
7.56,26.12,39.29,47.7,35.88,0.67,2092.3,0.36,0.351,0
31.06,92.23,30.13,38.1,43.89,2.0,2814.5,0.388,0.5943,1
35.73,95.77,34.08,24.76,68.97,1.68,2017.7,0.312,0.6035,1
11.57,43.01,29.47,46.98,42.6,0.51,588.6,0.336,0.4176,0
33.02,105.92,46.38,31.31,24.43,2.83,2966.3,0.556,0.518,1
21.05,78.8,47.55,33.09,59.38,1.86,3121.6,0.368,0.6356,1
124.15,311.19,44.75,30.04,96.13,10.2,3229.4,0.353,0.9735,1
48.4,104.05,38.08,35.05,41.52,4.19,1588.0,0.544,0.6816,1
17.76,75.8,40.24,45.97,83.06,0.97,930.2,0.324,0.7804,1
102.65,286.2,58.49,39.47,79.2,13.39,594.0,0.495,0.9648,1
7.1,52.17,33.5,31.43,52.06,0.29,1931.3,0.449,0.4202,0
215.05,546.05,70.92,50.64,45.22,24.71,1115.6,0.496,0.9965,1
61.49,212.97,44.83,50.72,34.35,4.01,1610.0,0.536,0.7391,1
41.41,93.71,48.97,50.31,56.88,3.82,526.7,0.245,0.7418,1
47.68,143.26,48.87,32.5,74.83,4.38,857.5,0.424,0.7158,1
99.86,276.45,67.59,37.93,33.26,12.55,1646.8,0.635,0.8978,1
19.28,48.9,38.48,58.02,83.18,1.17,789.3,0.197,0.8624,1
122.49,381.6,52.35,46.48,67.39,12.04,943.2,0.264,0.9818,1
45.4,163.59,46.64,22.89,49.38,4.48,265.8,0.553,0.6504,1
37.91,92.79,42.27,25.57,55.52,2.74,441.1,0.504,0.5987,1
73.8,226.62,61.85,38.21,49.8,10.99,584.2,0.644,0.8624,1
146.48,308.54,38.42,52.21,73.98,7.25,2366.7,0.385,0.9788,1
112.37,352.57,70.05,39.93,52.69,19.55,695.0,0.475,0.972,1
22.41,71.45,42.44,38.97,92.15,2.08,3106.0,0.225,0.7527,1
25.55,70.91,36.12,27.63,78.82,1.82,2791.8,0.262,0.6591,1
151.32,480.49,57.54,42.96,21.62,12.75,2897.1,0.622,0.9739,1
81.22,237.78,54.85,48.29,51.43,8.98,1362.0,0.424,0.9045,1
31.61,100.99,36.7,36.3,75.04,2.6,390.4,0.362,0.704,1
150.77,344.32,65.69,46.61,60.93,15.15,452.3,0.365,0.9839,1
32.9,95.26,40.2,55.88,79.75,1.66,2476.1,0.308,0.8606,1
44.37,133.2,32.99,31.39,67.92,2.6,3246.4,0.361,0.7601,1
106.57,339.23,64.23,39.56,72.93,10.92,778.4,0.155,0.9845,1
18.23,41.36,36.82,33.9,40.58,1.06,3052.1,0.438,0.3984,0
35.58,108.97,43.25,47.21,77.97,3.3,2354.9,0.294,0.7738,1
156.08,361.52,60.81,40.88,54.52,13.22,2433.1,0.321,0.9875,1
23.23,76.45,25.36,42.36,40.63,1.21,2502.2,0.45,0.3762,0
15.61,122.26,49.6,47.39,21.06,0.99,405.4,0.675,0.5593,1
164.85,548.51,85.5,36.67,65.35,33.77,2192.6,0.393,0.9986,1
45.95,114.26,29.14,52.53,74.76,2.63,1794.9,0.165,0.8714,1
126.32,270.35,57.98,39.79,54.35,17.65,2960.7,0.435,0.9623,1
70.58,181.87,36.61,29.79,81.63,6.02,1612.8,0.396,0.8167,1
102.33,237.11,62.27,44.08,62.4,14.85,1881.4,0.368,0.9529,1
35.69,104.32,53.56,47.22,20.23,2.59,2115.6,0.385,0.5966,1
76.72,263.34,57.45,34.7,86.57,9.28,2136.2,0.396,0.9514,1
0.76,5.11,23.27,49.72,82.24,0.03,1519.9,0.466,0.5446,1
123.83,411.36,73.42,52.04,60.09,16.34,748.6,0.442,0.9923,1
27.64,83.51,39.99,33.61,18.54,1.73,1029.6,0.659,0.33,0
124.8,433.69,59.83,57.83,86.78,10.32,1560.9,0.106,0.9959,1
90.91,186.98,43.32,29.13,54.47,6.29,2245.1,0.43,0.8422,1
111.98,340.88,57.1,31.33,49.72,12.24,1699.9,0.401,0.9515,1
3.91,44.71,40.59,30.73,78.64,0.27,2812.4,0.373,0.5695,1
57.24,150.67,36.45,51.42,27.0,4.41,2097.7,0.518,0.7286,1
1.18,30.34,34.37,42.89,68.54,0.09,1330.8,0.416,0.4217,0
50.06,154.36,44.19,29.57,63.16,3.26,1840.5,0.452,0.6811,1
6.64,60.17,37.66,37.68,27.51,0.32,1385.8,0.435,0.3057,0
176.35,462.86,62.13,41.84,69.49,27.26,300.1,0.428,0.996,1
55.33,199.94,41.66,26.57,53.18,5.41,1127.5,0.533,0.758,1
155.96,487.66,61.36,50.86,76.73,14.78,1687.9,0.05,0.9959,1
50.21,92.8,45.44,47.6,20.85,3.22,1042.4,0.522,0.6195,1
95.04,289.79,43.28,39.14,67.84,10.02,2574.6,0.278,0.9477,1
165.33,431.68,73.92,56.11,77.39,18.36,3045.0,0.237,0.9969,1
18.93,57.2,31.76,37.17,77.06,0.89,1179.9,0.274,0.6806,1
69.13,143.3,48.55,57.9,29.74,4.51,279.9,0.424,0.7762,1
13.61,30.06,49.45,43.27,48.49,1.06,3089.3,0.448,0.5634,1
68.68,199.1,46.39,42.36,49.42,7.31,2105.4,0.453,0.9015,1
47.0,130.38,51.02,30.08,67.73,4.65,219.2,0.438,0.749,1
34.61,90.35,45.52,50.83,63.19,2.08,1849.7,0.353,0.8112,1
18.06,132.19,54.59,37.4,44.16,2.42,519.3,0.424,0.6857,1
8.9,30.01,17.93,29.95,93.24,0.3,2423.9,0.352,0.503,1
17.32,55.85,32.88,21.33,29.35,0.99,1961.6,0.656,0.2789,0
18.0,53.73,48.99,40.44,43.67,1.96,3213.5,0.453,0.5044,1
56.71,150.62,37.61,39.66,68.5,4.11,1503.7,0.375,0.855,1
9.73,19.14,42.81,44.78,72.86,0.98,3248.0,0.255,0.7243,1
37.95,115.73,57.04,51.23,80.54,4.57,2960.3,0.321,0.8711,1
42.78,129.75,42.32,26.36,69.85,3.74,2683.1,0.522,0.6372,1
112.27,224.83,43.78,45.16,69.67,8.06,1645.4,0.412,0.9516,1
55.42,173.0,38.13,30.84,25.94,5.25,1567.2,0.54,0.593,1
39.53,91.02,29.52,49.76,41.51,2.39,1502.4,0.5,0.6008,1
65.87,209.17,44.88,48.18,36.6,5.25,370.5,0.444,0.822,1
218.06,523.15,76.13,39.98,71.28,23.1,2199.9,0.237,0.999,1
38.63,107.76,42.0,44.51,37.47,3.12,2833.1,0.527,0.5916,1
16.15,42.81,32.94,34.63,70.74,1.1,2655.4,0.31,0.5671,1
16.29,51.75,27.66,38.37,47.21,0.76,2123.4,0.396,0.5359,1
185.7,582.47,75.93,48.28,65.27,18.1,1378.9,0.339,0.998,1
318.03,750.0,86.2,38.1,57.95,61.35,2492.8,0.449,0.9999,1
43.7,106.43,49.46,35.74,61.75,4.43,1945.3,0.477,0.7597,1
88.35,278.3,50.49,38.89,66.73,9.32,2971.2,0.246,0.9556,1
7.46,61.11,45.62,48.53,54.97,0.52,1102.1,0.411,0.5095,1
198.06,567.08,80.39,35.18,91.32,21.81,536.9,0.197,0.9985,1
62.92,249.59,41.53,30.37,83.95,4.67,210.6,0.38,0.907,1
242.52,674.51,70.36,44.56,61.8,25.83,2652.0,0.368,0.9992,1
6.4,41.55,25.28,48.44,64.61,0.36,2177.8,0.172,0.6266,1
62.27,195.68,43.61,27.41,56.67,5.14,397.7,0.649,0.7022,1
44.52,137.89,30.66,32.53,74.35,1.87,2971.8,0.229,0.8211,1
51.85,199.89,47.13,29.18,38.47,3.56,1774.7,0.538,0.709,1
44.72,145.69,36.35,35.5,87.19,3.82,1722.3,0.308,0.7811,1
190.79,506.59,67.13,37.91,65.41,25.88,2459.0,0.372,0.9972,1
0.68,33.02,27.22,45.71,34.66,0.03,2294.4,0.312,0.4466,0
22.94,57.94,38.36,42.81,73.71,1.88,987.8,0.383,0.6835,1
19.18,69.49,43.44,41.99,21.88,1.88,2327.5,0.706,0.3415,0
102.51,227.62,55.61,35.61,87.51,7.69,3032.1,0.322,0.9608,1
47.74,156.02,41.81,49.06,48.72,4.58,1492.8,0.414,0.8121,1
49.4,203.64,54.64,38.37,77.72,6.56,1156.2,0.343,0.9075,1
32.58,85.43,25.22,57.3,66.46,1.08,398.3,0.366,0.7164,1
34.03,112.32,35.81,42.34,62.0,1.98,2196.9,0.459,0.7344,1
47.57,150.1,54.15,28.54,78.44,3.65,2692.7,0.288,0.784,1
4.84,37.12,43.15,43.51,41.99,0.37,3393.2,0.363,0.3995,0
50.98,150.5,37.22,34.91,76.77,2.82,2219.5,0.305,0.8052,1
36.14,103.98,34.29,43.8,74.37,2.07,1678.1,0.342,0.8287,1
22.79,72.88,35.17,25.83,63.14,1.21,3286.1,0.538,0.5844,1
149.81,373.47,68.65,30.41,52.28,12.39,790.1,0.277,0.987,1
36.66,86.43,41.94,49.66,14.41,1.88,2537.7,0.539,0.4987,0
56.84,127.55,30.5,32.14,59.58,3.24,1280.2,0.565,0.5567,1
80.28,256.49,51.89,48.88,69.46,7.78,3042.9,0.297,0.9545,1
47.22,116.76,32.29,33.68,60.6,1.9,2659.3,0.423,0.6373,1
50.22,142.84,39.12,42.58,56.06,4.14,1300.9,0.479,0.7855,1
228.19,724.4,70.62,44.03,32.61,19.9,2756.9,0.532,0.9987,1
216.91,647.39,80.47,39.31,18.27,31.99,3138.4,0.515,0.9987,1
18.12,44.94,38.06,34.39,45.05,1.18,1032.8,0.51,0.5434,1
62.99,201.42,52.56,31.68,76.34,7.77,2086.6,0.135,0.8982,1
37.14,128.02,47.15,23.4,67.58,3.41,1584.8,0.489,0.6696,1
93.23,211.07,48.82,34.35,42.25,10.33,3255.4,0.489,0.8515,1
84.23,274.8,58.8,42.86,34.36,12.37,3408.6,0.6,0.8845,1
87.81,268.65,55.2,53.93,89.37,6.93,542.6,0.364,0.9702,1
79.75,196.72,39.74,50.34,55.4,4.06,2011.0,0.35,0.8328,1
37.33,115.23,33.47,46.28,60.07,2.76,1951.9,0.476,0.6692,1
118.4,243.13,40.0,47.05,79.43,9.57,3066.6,0.24,0.9751,1
63.23,183.19,36.64,43.19,98.71,4.69,2771.0,0.256,0.8465,1
14.67,34.62,43.15,33.13,67.13,1.02,1147.5,0.513,0.4137,0
14.18,88.61,35.16,52.1,75.6,0.66,1922.5,0.305,0.7877,1
40.65,111.46,31.3,43.35,91.77,2.72,1448.0,0.33,0.8649,1
50.68,130.71,38.5,40.46,56.87,3.72,1365.5,0.409,0.681,1
80.41,162.72,37.76,27.88,59.7,5.62,2612.2,0.41,0.8389,1
181.19,572.24,63.22,37.83,60.91,24.71,2178.0,0.392,0.9976,1
3.69,8.76,25.76,38.13,44.69,0.24,856.5,0.419,0.3536,0
62.83,179.16,59.55,50.04,85.86,8.09,2248.3,0.224,0.9425,1
12.15,57.87,24.29,40.12,41.68,0.71,1730.1,0.567,0.4305,0
176.45,358.64,52.61,36.3,46.38,15.95,1325.4,0.398,0.9806,1
37.2,108.75,47.76,57.05,76.46,4.21,419.5,0.16,0.8817,1
252.57,645.81,74.69,27.87,21.83,40.48,3264.7,0.742,0.9984,1
93.18,257.55,44.08,37.28,58.86,6.91,3043.5,0.408,0.9008,1
43.54,137.26,30.14,24.08,72.35,2.44,1201.6,0.535,0.6186,1
33.41,90.66,41.07,45.43,79.41,2.01,2035.9,0.426,0.822,1
28.61,89.87,50.0,52.7,89.8,1.87,3053.4,0.253,0.8207,1
68.16,231.78,40.65,33.7,12.86,5.01,1914.2,0.664,0.6879,1
29.89,99.18,49.98,49.77,37.27,3.72,668.0,0.39,0.6822,1
19.97,69.67,37.34,34.04,73.6,1.74,1766.5,0.298,0.6809,1
6.27,41.95,46.42,52.29,50.71,0.36,1236.2,0.393,0.5865,1
92.47,238.22,61.89,45.88,58.3,14.08,1710.8,0.539,0.9281,1
60.88,153.2,45.2,47.65,67.09,4.98,2998.4,0.202,0.8293,1
18.98,46.99,42.85,21.98,53.42,1.16,1549.1,0.565,0.309,0
29.8,91.28,33.46,55.73,12.13,2.38,2838.0,0.448,0.4723,0
39.85,91.69,25.7,45.01,78.33,2.46,967.7,0.172,0.8211,1
15.11,57.08,32.27,34.38,39.64,1.12,2159.3,0.49,0.4181,0
174.78,530.88,57.28,48.58,29.51,20.1,1606.0,0.42,0.9946,1
57.25,147.62,52.29,33.74,83.66,4.51,3411.2,0.295,0.887,1
44.71,130.0,53.74,50.41,58.65,3.64,202.5,0.351,0.825,1
29.39,82.39,28.9,27.95,90.27,2.09,1400.1,0.357,0.7383,1
18.84,88.61,38.69,44.31,83.57,1.14,2884.2,0.118,0.8055,1
130.53,379.39,56.96,39.98,51.36,13.01,1492.0,0.571,0.9778,1
14.74,61.15,37.69,27.22,81.5,1.21,917.8,0.513,0.5635,1
11.74,55.3,39.79,32.59,78.75,1.06,3015.8,0.503,0.5142,1
70.38,193.59,44.93,21.3,23.82,5.49,2152.7,0.616,0.6302,1
10.23,34.94,34.84,38.31,53.15,0.61,2036.9,0.443,0.4543,0
31.75,77.57,40.4,34.28,88.06,2.13,1522.7,0.433,0.669,1
88.15,205.13,37.51,41.41,82.74,5.64,720.1,0.458,0.9412,1
21.81,62.82,23.25,34.17,85.07,1.11,2099.5,0.455,0.5991,1
79.73,189.04,32.74,34.25,56.9,3.34,1867.4,0.444,0.8005,1
37.62,139.65,49.11,45.53,72.7,4.14,1526.9,0.35,0.8062,1
53.96,161.95,38.93,24.51,82.29,3.11,453.7,0.486,0.7247,1
12.83,25.41,44.51,51.87,58.23,0.81,2348.2,0.318,0.6281,1
231.49,571.47,64.01,49.51,58.13,20.11,2284.7,0.389,0.9989,1
81.25,250.84,52.77,43.27,67.1,6.46,2044.9,0.266,0.9507,1
118.32,238.72,40.23,41.27,86.08,10.87,633.9,0.178,0.9646,1
26.51,68.62,53.68,51.34,89.96,2.7,1199.4,0.206,0.8597,1
52.71,137.41,31.91,30.77,53.33,2.61,1750.5,0.435,0.7983,1
172.01,399.74,69.66,26.34,63.33,17.27,2623.8,0.423,0.9868,1
5.2,28.68,50.1,32.52,62.28,0.57,935.6,0.431,0.5062,1
211.66,469.66,54.34,47.27,69.31,21.36,2842.8,0.378,0.9976,1
5.89,26.14,35.63,23.52,58.59,0.28,1253.2,0.481,0.3324,0
42.3,190.04,51.03,41.01,40.98,3.64,2396.8,0.498,0.6638,1
87.34,201.17,45.56,59.81,66.35,7.08,3291.9,0.289,0.9633,1
162.92,453.48,71.37,49.66,79.77,19.3,2556.8,0.338,0.9963,1
10.39,124.25,46.0,39.52,39.25,0.74,428.6,0.394,0.6303,1
6.13,21.15,23.26,25.48,27.56,0.23,1442.2,0.658,0.1618,0
85.44,219.54,51.04,48.66,70.93,9.42,2107.9,0.362,0.9659,1
12.42,49.75,34.87,41.42,82.59,1.06,2421.7,0.253,0.7727,1
16.74,54.63,38.91,28.06,76.39,0.8,1337.9,0.416,0.5491,1
32.32,87.69,55.56,27.09,50.82,3.62,1614.8,0.435,0.6098,1
13.88,51.63,39.21,52.23,71.05,0.7,1440.8,0.413,0.6575,1
23.29,75.26,43.6,43.31,31.83,1.49,2503.4,0.337,0.5606,1
296.53,750.0,96.49,48.57,78.7,54.58,3214.8,0.243,0.9999,1
36.13,86.92,38.72,50.7,32.97,3.12,2768.2,0.5,0.5734,1
34.35,111.97,46.19,40.73,20.47,2.8,1068.4,0.569,0.3838,0
27.3,101.61,33.0,39.43,27.56,2.11,1982.3,0.598,0.4164,0
33.55,84.51,32.41,37.46,85.86,2.32,1777.8,0.221,0.7405,1
60.42,197.8,53.17,34.7,91.29,4.66,251.2,0.242,0.9112,1
10.94,47.82,49.85,37.56,87.33,1.14,3296.7,0.406,0.7248,1
43.86,133.3,31.54,46.55,90.33,2.23,1737.7,0.342,0.8388,1
44.74,113.13,46.21,41.5,23.07,4.54,3312.4,0.449,0.6832,1
35.52,122.32,31.17,51.35,81.71,1.66,2391.8,0.434,0.7738,1
59.7,150.51,46.13,37.75,60.97,3.82,2537.0,0.412,0.7683,1
19.52,76.8,44.45,41.63,53.81,1.76,1609.0,0.384,0.6475,1
19.52,85.62,40.45,42.27,63.26,1.58,3031.3,0.267,0.6287,1
46.36,112.65,36.59,41.24,82.45,3.3,811.9,0.367,0.8036,1
91.67,268.7,40.1,44.28,40.53,5.57,3365.2,0.474,0.8395,1
79.76,179.51,60.17,32.45,95.07,7.04,2233.8,0.296,0.9265,1
209.59,679.08,86.48,39.31,45.99,43.25,1296.7,0.409,0.9995,1
29.44,85.89,34.61,27.58,77.51,1.93,2639.9,0.358,0.6829,1
160.08,440.7,51.19,36.39,52.98,14.16,2659.0,0.321,0.9851,1
24.87,77.04,32.46,38.74,91.61,1.83,2756.1,0.383,0.7456,1
20.77,72.19,39.34,42.84,63.54,1.03,1168.5,0.478,0.6366,1
154.95,446.36,70.85,54.77,38.01,22.82,284.7,0.197,0.9951,1
25.59,111.33,48.42,41.46,58.55,1.72,3134.4,0.388,0.6183,1
152.47,460.62,73.6,45.55,45.33,16.76,2831.9,0.438,0.9791,1
70.89,185.97,48.2,39.17,61.13,6.94,1526.3,0.46,0.857,1
74.64,225.75,51.96,42.34,74.58,6.06,748.5,0.304,0.9216,1
214.43,666.62,83.16,25.9,51.91,39.43,1747.1,0.483,0.9989,1
15.84,103.51,43.2,32.96,23.37,1.28,1209.0,0.577,0.4584,0
29.85,105.15,49.57,35.84,61.13,2.4,840.4,0.429,0.7062,1
58.38,184.46,35.49,38.4,52.06,4.82,1804.3,0.497,0.8068,1
157.0,454.41,64.74,24.34,26.82,20.51,2938.0,0.495,0.9765,1
44.0,151.7,59.0,29.1,62.55,4.54,2119.6,0.345,0.7909,1
33.81,99.44,43.37,33.61,89.09,2.62,1808.5,0.303,0.8237,1
42.92,131.43,47.02,56.52,64.08,3.13,3480.4,0.182,0.8869,1
73.95,217.28,56.72,35.08,59.28,5.63,2709.0,0.632,0.8855,1
39.94,119.97,54.41,38.61,74.11,3.46,635.3,0.282,0.8327,1
94.71,301.52,51.11,31.14,72.48,7.47,1575.6,0.479,0.9257,1
109.23,288.33,49.88,41.73,56.2,8.92,1734.4,0.526,0.9392,1
35.26,72.82,36.66,33.72,63.02,2.34,2214.8,0.442,0.6591,1
83.82,166.23,30.05,31.5,38.51,3.23,2449.8,0.452,0.7559,1
36.82,128.92,53.91,39.41,79.32,2.66,1274.3,0.351,0.8118,1
185.49,582.15,79.83,20.2,67.66,31.81,1412.4,0.363,0.9971,1
24.39,61.86,46.98,20.6,21.65,1.65,541.5,0.508,0.3416,0
120.5,359.45,67.15,31.88,85.53,13.27,494.8,0.515,0.9717,1
20.35,101.86,41.08,23.68,86.73,1.69,2701.3,0.261,0.6413,1
62.07,189.61,56.82,27.75,63.25,8.71,3256.0,0.305,0.8655,1
97.89,239.35,57.2,35.27,80.03,7.69,849.5,0.413,0.9401,1
52.59,148.81,36.02,47.56,52.05,4.14,3246.2,0.34,0.7881,1
20.37,57.28,39.25,40.74,28.63,1.47,1334.3,0.603,0.3523,0
12.3,31.21,33.28,39.31,85.15,0.54,3106.5,0.05,0.7062,1
133.4,290.28,47.93,34.07,82.75,9.08,286.0,0.345,0.9725,1
62.0,191.08,33.88,53.51,43.37,4.42,498.9,0.28,0.856,1
87.17,207.06,50.49,36.69,54.22,10.31,1634.6,0.275,0.8959,1
23.88,51.85,38.82,26.75,77.83,1.13,2998.3,0.289,0.6955,1
208.81,494.16,55.98,41.89,57.77,17.41,1682.4,0.271,0.9957,1
18.91,74.58,37.96,28.01,61.53,1.2,2970.3,0.428,0.4994,0
2.12,6.01,38.65,35.43,72.79,0.2,1324.5,0.334,0.6464,1
74.69,215.84,43.52,39.19,77.01,6.66,637.1,0.392,0.8643,1
66.68,235.03,65.84,50.48,72.62,7.33,3254.0,0.148,0.9641,1
72.12,136.02,47.09,38.87,91.42,4.97,452.5,0.336,0.9012,1
16.21,56.31,43.63,44.27,81.92,1.06,2533.5,0.383,0.6885,1
31.86,75.61,24.37,59.25,73.78,0.98,3113.9,0.347,0.8226,1
39.17,98.47,53.83,28.76,60.21,5.26,595.9,0.509,0.6118,1
99.62,248.28,59.7,33.55,91.76,14.73,1913.1,0.354,0.9759,1
10.75,21.03,38.47,36.63,71.62,0.5,374.3,0.324,0.5784,1
94.0,222.34,62.63,37.27,78.72,9.14,1714.4,0.44,0.9473,1
30.66,132.78,41.32,37.02,51.12,1.55,2798.3,0.524,0.577,1
91.14,251.93,40.99,52.12,74.72,5.95,1203.2,0.267,0.947,1
126.36,354.92,66.87,44.62,77.21,20.04,969.7,0.222,0.9871,1
73.42,219.64,47.88,41.65,70.22,8.22,1030.5,0.278,0.9361,1
184.95,567.35,68.0,34.5,23.77,26.29,2811.1,0.43,0.9959,1
41.19,90.34,30.5,48.36,66.46,3.12,3413.3,0.268,0.7508,1
7.65,22.46,32.52,55.11,67.34,0.54,953.5,0.355,0.6219,1
49.39,155.1,42.27,48.26,37.87,3.16,426.6,0.511,0.7703,1
7.04,30.11,46.85,19.17,72.2,0.75,615.5,0.422,0.4043,0
164.94,531.01,77.74,42.41,88.32,23.85,2273.2,0.254,0.9982,1
139.73,425.71,56.4,24.71,43.35,14.62,2431.2,0.477,0.9747,1
11.31,76.31,41.79,33.06,84.89,1.08,1682.7,0.268,0.7429,1
10.16,82.81,37.5,25.24,75.11,0.72,461.8,0.34,0.6163,1
35.11,87.64,41.67,41.55,85.57,2.38,3262.7,0.423,0.73,1
28.93,98.7,39.77,43.81,29.96,2.77,3268.9,0.438,0.5982,1
69.95,199.86,57.98,28.04,64.03,5.25,1498.8,0.439,0.8149,1
102.17,265.65,61.78,36.38,66.41,12.97,2909.2,0.178,0.9759,1
30.83,96.24,46.59,38.04,86.5,3.19,3165.3,0.247,0.7423,1
7.93,33.3,44.5,36.02,86.89,0.45,1876.6,0.249,0.6958,1
221.43,420.26,69.43,28.32,51.31,23.13,2184.9,0.537,0.9924,1
45.0,181.45,35.37,37.2,55.01,2.37,2619.2,0.508,0.7312,1
53.75,113.49,39.58,45.79,76.02,5.01,3141.3,0.396,0.7698,1
30.67,91.56,47.72,25.9,70.86,2.99,494.1,0.314,0.6251,1
36.38,79.2,50.44,26.4,58.42,2.72,374.8,0.577,0.6008,1
188.03,606.29,68.79,35.67,57.99,30.82,2427.7,0.38,0.9981,1
49.01,184.45,47.04,54.16,75.5,3.5,357.3,0.196,0.9289,1
45.52,93.65,31.48,43.29,61.48,2.95,544.6,0.404,0.7057,1
55.55,154.42,52.54,43.58,53.34,5.22,1593.9,0.512,0.6523,1
153.72,323.56,66.76,35.85,53.89,13.62,801.4,0.464,0.9807,1
25.16,191.79,46.62,41.29,43.55,2.56,3166.2,0.33,0.7764,1
124.71,322.04,59.78,20.99,56.78,12.12,1294.2,0.558,0.9613,1
125.25,266.28,63.26,42.4,51.68,13.22,2105.9,0.525,0.9556,1
16.68,69.28,41.02,52.43,62.53,1.01,232.5,0.228,0.615,1
13.95,45.48,21.63,41.77,38.63,0.68,1894.3,0.467,0.3409,0
14.3,62.47,41.22,50.45,85.87,0.83,2873.1,0.24,0.8105,1
18.23,52.77,27.93,44.93,36.69,0.76,3395.6,0.464,0.4469,0
21.57,65.37,38.66,28.3,65.58,1.44,2439.9,0.337,0.6517,1
43.99,139.22,38.26,51.85,79.26,2.34,868.7,0.189,0.9037,1
30.76,103.45,23.49,25.65,66.71,0.97,1398.0,0.494,0.4572,0
97.77,272.94,47.52,39.82,45.2,8.73,717.7,0.508,0.8897,1
15.86,47.06,36.93,29.18,54.6,1.43,1314.8,0.515,0.3675,0
123.38,373.86,72.19,21.21,33.54,19.97,2052.3,0.661,0.9495,1
50.68,186.02,43.84,37.27,54.51,3.18,1808.3,0.382,0.7187,1
14.39,53.58,45.64,34.11,58.74,1.29,3083.2,0.572,0.4756,0
5.68,19.73,32.92,38.7,56.08,0.42,873.0,0.322,0.4872,0
13.09,39.08,48.04,40.87,56.98,0.87,1631.1,0.462,0.658,1
5.64,21.63,44.18,24.2,72.09,0.33,2285.9,0.477,0.4486,0
30.91,85.91,29.39,28.4,36.94,2.14,3437.6,0.537,0.3528,0
46.41,135.51,50.42,40.41,73.23,3.55,905.6,0.444,0.748,1
113.55,330.37,57.96,35.38,21.13,12.16,2949.2,0.648,0.9223,1
173.25,425.93,68.77,45.09,82.14,17.53,2238.6,0.349,0.9965,1
14.11,37.18,38.01,42.84,44.18,0.68,641.8,0.401,0.4599,0
218.87,443.57,58.1,49.23,94.6,23.74,2787.0,0.397,0.9979,1
21.78,54.72,46.7,43.98,70.25,1.8,777.2,0.3,0.6671,1
64.69,175.28,40.83,37.45,63.4,5.66,2509.2,0.409,0.8506,1
6.18,14.2,42.28,43.42,64.5,0.61,994.0,0.449,0.5175,1
239.88,727.12,85.09,33.57,69.21,28.25,1745.5,0.361,0.9996,1
36.24,131.36,51.69,34.42,53.28,2.67,2784.8,0.443,0.7191,1
19.28,115.32,41.45,47.07,32.66,1.95,2293.1,0.3,0.6226,1
15.23,59.8,47.65,37.82,63.71,1.27,2643.1,0.445,0.6805,1
37.99,143.06,53.43,47.41,70.37,4.95,2851.2,0.442,0.8737,1
31.9,166.31,44.57,48.31,33.05,2.33,314.7,0.487,0.6876,1
21.32,93.57,40.45,49.74,64.98,1.42,1785.9,0.322,0.7852,1
6.16,83.29,34.04,52.62,75.12,0.44,3452.6,0.328,0.7156,1
29.73,103.11,45.63,37.47,56.79,1.8,2824.5,0.545,0.7245,1
141.05,406.86,75.63,34.75,41.74,18.53,1407.2,0.509,0.9833,1
30.76,92.56,38.03,41.0,42.96,1.98,1140.6,0.577,0.4141,0
9.67,28.04,39.15,36.07,63.34,0.47,2525.9,0.433,0.5486,1
8.93,188.84,56.17,41.48,75.98,0.81,652.7,0.33,0.833,1
260.05,736.62,91.33,44.37,76.64,40.81,3112.9,0.387,0.9999,1
49.69,168.93,50.42,43.86,57.42,3.2,470.2,0.431,0.7656,1
79.0,214.44,37.42,36.16,90.34,3.63,2045.0,0.298,0.9254,1
11.36,33.47,45.01,30.12,61.37,1.01,2994.6,0.51,0.5653,1
85.13,186.64,33.6,37.46,53.61,4.2,2575.9,0.443,0.8287,1
180.32,405.79,60.35,29.2,54.29,18.19,1802.3,0.51,0.985,1
44.93,142.62,35.13,51.23,32.61,2.06,957.3,0.346,0.6255,1
7.24,22.52,51.88,35.45,78.54,0.5,2181.2,0.41,0.5647,1
247.09,750.0,80.73,29.66,78.81,27.94,3388.8,0.452,0.9996,1
46.22,115.21,40.21,22.73,69.12,2.3,514.7,0.517,0.674,1
101.33,249.02,60.5,42.66,59.79,13.43,304.1,0.437,0.9374,1
25.96,57.88,33.86,42.42,67.39,2.09,1584.6,0.385,0.6046,1
21.92,69.81,47.33,35.31,90.66,1.95,2151.0,0.206,0.7642,1
153.31,467.01,71.0,25.94,78.85,24.61,1381.6,0.446,0.9917,1
31.5,93.56,33.4,36.99,17.99,1.45,2568.5,0.594,0.4243,0
20.56,49.81,34.22,34.55,29.16,1.25,1925.4,0.551,0.3631,0
43.29,141.21,31.71,43.53,56.69,1.9,1345.5,0.29,0.7123,1
193.73,466.69,52.46,41.6,77.05,25.34,2820.6,0.326,0.9967,1
33.02,129.03,41.92,35.91,66.67,1.77,528.0,0.366,0.7689,1
321.09,612.23,85.7,31.85,63.08,48.9,332.2,0.401,0.9998,1
20.14,42.01,26.31,58.45,45.05,0.71,387.5,0.277,0.4927,0
18.64,66.03,19.89,37.99,54.14,0.48,2887.0,0.535,0.4739,0
68.9,182.23,61.8,43.86,63.65,9.18,2833.8,0.396,0.9093,1
165.19,314.93,53.49,29.12,51.3,11.52,2941.6,0.545,0.9618,1
26.35,69.87,41.84,38.69,9.78,1.36,1136.3,0.576,0.3635,0
74.1,164.47,58.56,22.92,31.95,10.56,1822.1,0.586,0.7384,1
26.63,80.91,49.83,39.15,44.61,1.91,1255.1,0.381,0.6358,1
67.4,192.42,51.72,55.84,72.93,8.01,2138.2,0.263,0.9493,1
147.43,310.21,62.22,36.39,63.47,22.37,2989.4,0.429,0.983,1
76.21,265.23,63.61,23.86,33.7,10.56,265.7,0.508,0.9046,1
14.09,55.97,39.54,23.22,77.76,0.74,2080.2,0.491,0.5416,1
27.61,116.89,42.38,36.48,88.77,1.66,863.5,0.39,0.7653,1
51.48,166.41,43.42,29.87,62.0,3.2,3071.1,0.472,0.7051,1
51.34,165.7,42.16,22.53,73.28,4.44,3358.1,0.312,0.8157,1
68.22,181.67,43.52,45.96,93.92,4.26,2932.7,0.313,0.9236,1
68.94,244.13,45.19,38.09,49.14,3.86,311.2,0.512,0.8484,1
30.88,90.66,39.56,33.95,76.01,2.19,1199.1,0.24,0.7289,1
17.06,48.08,38.71,51.73,40.25,1.3,958.2,0.479,0.5095,1
13.35,43.11,45.36,28.11,53.18,1.09,2926.7,0.487,0.3398,0
16.99,44.85,43.49,55.18,41.02,1.36,259.7,0.45,0.5925,1
7.85,46.58,38.8,34.62,91.0,0.55,3245.1,0.566,0.6003,1
16.12,57.38,26.85,51.14,21.03,0.67,2138.7,0.389,0.352,0
151.03,356.84,46.23,41.52,44.0,17.05,2655.5,0.434,0.98,1
74.73,215.25,39.21,48.47,24.13,6.71,1703.8,0.505,0.7196,1
34.82,178.11,56.95,57.89,17.98,3.21,2533.3,0.387,0.7663,1
24.02,105.45,41.2,33.93,51.26,1.24,1303.7,0.632,0.5532,1
42.1,96.48,51.41,55.59,72.61,5.01,2378.6,0.126,0.8801,1
13.06,28.86,28.01,36.51,62.73,0.79,1621.5,0.512,0.6197,1
102.64,316.67,55.55,36.42,52.13,7.44,3275.3,0.399,0.9714,1
42.31,107.06,50.86,35.31,77.26,4.54,3270.6,0.343,0.7602,1
70.39,227.71,59.41,39.99,83.16,7.48,2082.0,0.384,0.9254,1
17.13,72.27,42.27,29.65,86.07,0.99,2752.1,0.435,0.6619,1
34.39,77.64,44.7,40.29,72.99,3.29,2649.6,0.447,0.6802,1
17.32,40.93,52.59,40.0,57.25,1.51,2531.2,0.458,0.6185,1
59.34,120.99,55.09,46.14,29.44,7.79,3414.5,0.497,0.8467,1
15.68,125.39,34.62,48.75,93.01,0.68,3096.7,0.153,0.8443,1
137.84,444.41,61.72,37.69,75.55,20.58,2659.6,0.399,0.9925,1
98.87,283.83,43.14,34.31,82.79,5.61,460.8,0.256,0.9376,1
35.59,73.14,50.37,33.11,64.82,2.24,1371.7,0.519,0.5966,1
15.01,42.49,47.93,31.09,82.64,1.41,1333.0,0.361,0.5194,1
22.05,73.87,36.24,25.12,28.72,1.59,1890.2,0.598,0.3023,0
53.51,171.91,48.37,35.36,79.92,3.77,3027.5,0.346,0.8961,1
18.89,68.53,44.75,33.42,67.73,1.98,2417.3,0.351,0.5647,1
42.59,102.65,45.91,56.04,69.57,4.38,2746.1,0.394,0.8438,1
185.06,620.54,84.42,40.39,76.29,24.49,337.6,0.315,0.9988,1
10.96,32.21,34.47,35.48,59.42,0.67,376.7,0.322,0.5145,1
61.1,175.58,57.57,40.95,79.32,7.8,3264.0,0.229,0.9519,1
211.97,573.24,67.35,29.07,43.3,32.6,891.5,0.448,0.9977,1
140.97,419.49,71.35,37.77,54.48,22.48,2822.1,0.282,0.9897,1
225.63,634.94,74.4,42.13,25.43,25.99,2009.2,0.527,0.9976,1
11.3,29.59,39.73,38.77,47.57,0.99,1354.0,0.454,0.4035,0
253.96,606.77,69.21,36.8,55.87,35.55,2719.7,0.241,0.9996,1
309.95,750.0,88.16,59.45,88.8,51.48,3384.1,0.255,1.0,1
14.91,104.18,53.69,50.76,41.96,1.96,1054.2,0.365,0.7245,1
23.79,67.85,40.46,42.06,37.64,1.9,1362.5,0.427,0.4878,0
30.4,123.57,37.0,40.68,61.92,2.62,1167.9,0.251,0.7482,1
68.95,201.94,56.52,41.99,29.65,8.49,2327.3,0.608,0.7951,1
63.31,217.56,47.58,31.31,30.88,3.79,2590.1,0.571,0.6468,1
151.94,425.53,71.03,36.65,80.48,16.7,1778.6,0.354,0.991,1
77.33,271.9,54.24,23.89,60.43,8.35,908.1,0.384,0.8562,1
39.98,97.87,54.14,38.47,84.53,3.83,1260.2,0.347,0.8233,1
35.24,106.97,49.52,40.03,37.26,4.26,2666.2,0.559,0.5146,1
24.23,104.71,28.63,32.16,58.9,1.36,3116.1,0.486,0.6509,1
30.03,81.39,45.65,55.84,63.98,3.3,1876.3,0.234,0.8517,1
82.45,278.72,51.67,52.22,60.78,6.25,1020.7,0.428,0.9291,1
38.22,115.33,36.13,44.87,75.82,3.27,2396.7,0.326,0.7365,1
35.6,99.63,44.93,39.8,54.65,3.04,2310.1,0.519,0.6651,1
15.89,64.73,40.04,50.28,94.96,0.94,3200.5,0.06,0.839,1
95.62,244.11,45.68,28.72,73.74,7.46,1140.5,0.239,0.9262,1
35.9,93.29,26.99,47.13,68.6,2.38,2897.3,0.294,0.7691,1
51.34,134.64,53.87,28.48,36.4,6.77,2413.1,0.508,0.6003,1
11.12,36.31,45.56,47.26,14.02,0.62,2971.9,0.589,0.3449,0
251.4,713.09,78.26,33.58,72.4,31.47,539.7,0.459,0.9995,1
188.66,385.56,60.56,50.61,72.64,27.07,2929.8,0.435,0.9943,1
44.31,158.83,38.96,54.31,48.18,2.14,1774.3,0.365,0.811,1
7.8,36.29,20.47,29.44,65.37,0.39,2756.0,0.44,0.4013,0
45.05,122.7,52.19,38.18,75.66,4.01,1002.7,0.318,0.8767,1
43.6,108.76,50.21,57.52,21.7,2.95,1347.3,0.493,0.5736,1
5.07,11.97,39.2,38.64,63.7,0.32,1568.6,0.425,0.3992,0
117.66,381.28,57.06,50.0,62.29,15.11,2015.7,0.31,0.9884,1
22.22,42.21,42.3,41.16,41.42,2.35,1884.3,0.47,0.4585,0
98.13,251.47,40.61,36.17,71.61,5.48,980.6,0.293,0.9345,1
48.16,106.17,38.81,33.86,69.21,3.79,3182.1,0.29,0.7713,1
149.1,472.73,73.4,31.37,20.25,26.3,3316.6,0.615,0.9787,1
32.15,84.38,26.9,46.14,35.86,2.05,982.8,0.457,0.5089,1
55.05,154.34,37.34,36.44,68.78,3.49,1490.1,0.328,0.8138,1
127.62,294.59,55.61,39.28,55.91,16.5,2855.4,0.483,0.9553,1
28.82,70.6,41.98,38.85,43.24,1.75,2782.8,0.373,0.5568,1
53.17,141.97,30.86,40.87,51.93,3.32,3413.1,0.442,0.761,1
24.09,91.57,34.41,50.09,73.23,1.64,3326.3,0.339,0.7311,1
42.0,135.06,44.97,57.49,38.03,4.19,3087.6,0.471,0.6804,1
140.06,295.92,56.26,36.94,60.18,11.8,2135.7,0.437,0.972,1
209.84,584.87,80.57,48.5,63.27,34.11,1315.0,0.38,0.9992,1
45.22,161.25,36.52,46.23,65.5,3.29,1924.2,0.566,0.7534,1
218.16,576.58,64.64,40.78,62.34,18.47,2744.9,0.46,0.996,1
10.39,51.47,45.45,55.19,88.68,0.77,544.4,0.174,0.8102,1
32.43,95.93,31.05,31.28,61.33,1.48,2520.4,0.442,0.7119,1
12.29,32.91,32.04,27.81,63.12,0.98,3157.0,0.524,0.4525,0
10.59,90.67,42.2,49.58,77.69,1.11,894.5,0.248,0.727,1
184.9,357.25,49.02,37.66,50.67,13.85,2876.9,0.5,0.9696,1
43.57,157.59,44.45,49.29,81.22,4.36,3139.7,0.137,0.8814,1
17.27,119.87,48.78,51.37,61.94,1.91,421.3,0.369,0.7815,1
15.31,42.38,33.76,25.41,52.31,1.25,3361.4,0.491,0.3579,0
21.48,47.75,34.67,50.91,40.09,1.02,1857.3,0.378,0.6041,1
156.1,475.74,67.32,37.86,70.82,21.73,1711.0,0.276,0.9936,1
90.24,268.92,71.68,39.26,38.49,9.49,2188.5,0.542,0.8919,1
91.41,317.47,51.03,42.14,66.08,9.59,905.2,0.421,0.944,1
107.4,264.33,40.24,53.18,68.65,10.09,2390.0,0.29,0.9678,1
140.23,337.74,45.57,22.1,44.24,8.34,2869.2,0.521,0.9264,1
44.93,151.99,44.0,38.5,50.97,4.01,1263.7,0.438,0.7083,1
4.75,43.6,37.99,43.84,72.04,0.34,1043.2,0.252,0.6777,1
66.53,219.69,52.9,44.89,76.16,5.03,3219.6,0.458,0.9355,1
177.78,508.09,73.0,43.98,83.41,19.58,1742.9,0.321,0.9966,1
5.77,35.03,42.51,28.88,67.63,0.46,2275.2,0.29,0.5844,1
81.17,281.28,49.1,34.23,88.63,9.24,3022.6,0.552,0.9366,1
43.25,144.66,45.66,35.77,77.26,4.1,2566.1,0.369,0.8529,1
156.35,492.54,64.04,47.63,55.16,12.37,1261.8,0.455,0.9924,1
124.64,360.48,65.61,33.66,71.51,11.15,267.5,0.41,0.9823,1
30.45,94.53,53.56,31.62,60.71,3.83,1747.4,0.458,0.5976,1
39.83,106.73,50.51,55.3,83.42,4.12,1019.9,0.185,0.8648,1
33.55,122.49,50.43,20.79,70.91,2.07,1584.5,0.658,0.5864,1
192.6,488.58,74.33,60.48,28.36,28.27,1712.7,0.36,0.995,1
62.62,222.26,50.16,43.53,79.12,4.46,3056.9,0.272,0.9028,1
31.72,125.29,55.31,48.54,76.1,4.2,2730.3,0.277,0.8852,1
77.53,148.51,55.11,34.1,40.36,5.81,846.6,0.48,0.7079,1
75.74,194.88,38.31,21.55,54.67,3.77,1242.6,0.5,0.6934,1
39.33,151.25,38.3,45.36,45.83,3.07,2126.0,0.425,0.7046,1
61.96,136.48,42.0,48.77,74.91,5.8,2066.0,0.25,0.8873,1
7.07,53.84,25.69,45.45,66.69,0.28,2000.8,0.378,0.4641,0
65.91,191.97,46.44,29.21,62.6,4.87,3342.5,0.524,0.7787,1
56.21,115.88,34.54,45.86,57.73,3.23,2485.9,0.29,0.7842,1
26.85,128.36,29.15,46.38,52.82,1.72,520.4,0.569,0.6432,1
168.69,341.04,59.92,43.01,70.49,15.57,3303.6,0.182,0.9889,1
19.68,46.09,30.14,46.28,28.73,0.78,1728.6,0.464,0.3344,0
116.35,403.06,74.24,49.24,29.92,13.84,2115.9,0.419,0.9683,1
83.52,338.59,67.64,41.8,59.94,13.88,2904.3,0.429,0.9623,1
5.45,19.38,40.41,26.83,24.1,0.39,903.8,0.58,0.2061,0
10.23,64.63,45.57,38.74,70.11,0.9,1889.3,0.295,0.6474,1
62.3,117.82,45.85,26.27,93.19,6.26,3036.0,0.393,0.8286,1
120.56,376.66,60.67,36.94,28.95,14.09,2630.9,0.573,0.9468,1
12.22,36.2,25.24,36.93,72.95,0.63,1356.8,0.379,0.5123,1
131.15,274.37,45.75,25.62,85.4,14.07,2144.4,0.353,0.9682,1
86.53,254.85,59.13,35.52,69.03,8.62,226.5,0.538,0.9409,1
47.07,176.01,43.83,27.88,62.34,2.77,356.1,0.653,0.6977,1
27.46,126.35,35.4,47.77,76.79,1.29,574.4,0.221,0.8245,1
3.11,10.99,24.21,54.57,27.46,0.17,2491.7,0.559,0.254,0
36.44,124.39,27.89,25.98,72.73,2.08,2246.3,0.522,0.6905,1
8.01,38.95,24.6,55.12,31.48,0.38,3223.2,0.502,0.4229,0
39.51,88.3,46.63,39.55,55.15,4.44,2538.2,0.281,0.7961,1
49.23,176.14,51.21,34.24,55.67,5.08,1588.0,0.454,0.7727,1
38.69,131.94,40.08,26.22,49.08,1.96,3060.9,0.641,0.5181,1
63.47,182.7,36.9,39.04,41.91,4.24,341.1,0.365,0.7114,1
17.57,90.86,29.8,47.27,63.31,0.77,233.4,0.393,0.686,1
66.07,179.34,42.73,44.41,37.68,5.67,1026.0,0.396,0.7396,1
19.62,75.46,22.11,24.65,47.89,0.63,621.1,0.643,0.3317,0
291.92,705.36,86.55,26.01,26.08,51.5,1091.8,0.73,0.9996,1
18.69,112.55,53.14,36.83,64.82,2.33,1208.5,0.471,0.6712,1
30.18,81.01,29.65,34.12,64.52,1.16,1703.0,0.416,0.582,1
10.1,54.15,40.85,32.3,30.02,0.63,2215.0,0.53,0.4567,0
27.27,87.83,41.85,33.73,39.72,2.37,1363.2,0.488,0.3599,0
196.61,535.31,84.77,47.59,59.32,35.41,3391.9,0.35,0.9986,1
86.4,277.85,61.09,53.36,52.99,10.36,1987.5,0.351,0.9403,1
60.61,202.63,48.32,36.88,95.51,4.04,3091.6,0.38,0.9236,1
180.03,573.78,76.96,52.04,69.72,21.0,2847.7,0.254,0.9989,1
158.13,527.17,65.12,34.82,74.56,24.5,358.7,0.456,0.994,1
25.97,64.95,50.22,38.49,58.23,2.95,1755.7,0.669,0.6051,1
7.33,24.1,35.44,32.1,67.43,0.63,2861.4,0.441,0.4829,0
6.88,23.78,38.07,42.52,43.72,0.45,3191.9,0.503,0.4594,0
13.54,36.36,32.09,57.29,15.85,0.77,2288.4,0.326,0.3993,0
68.37,205.2,39.66,41.54,85.38,4.17,3275.7,0.345,0.9305,1
36.91,139.57,49.55,35.74,94.2,3.44,2388.9,0.29,0.881,1
70.72,215.19,54.13,42.72,89.3,8.72,887.9,0.394,0.9405,1
131.1,316.64,49.03,28.4,81.58,9.78,2043.1,0.519,0.9624,1
79.12,257.78,57.89,51.16,14.22,6.33,2694.8,0.527,0.8723,1
115.91,295.73,51.76,39.09,71.9,13.05,2399.2,0.311,0.9736,1
16.11,107.49,30.08,37.89,14.69,1.02,475.1,0.508,0.3366,0
22.29,68.21,32.68,41.09,67.7,1.66,982.1,0.228,0.5607,1
272.48,750.0,96.54,42.09,82.02,57.26,2469.7,0.284,0.9999,1
1.06,39.58,36.64,25.95,72.01,0.07,1943.4,0.388,0.5305,1
22.02,66.24,35.55,43.69,78.74,1.1,301.8,0.434,0.636,1
7.83,26.59,45.25,32.59,40.1,0.75,2636.6,0.626,0.2765,0
35.32,117.37,45.97,44.62,24.74,3.8,462.1,0.668,0.5328,1
231.02,491.17,52.52,48.31,19.62,16.97,809.9,0.438,0.9941,1
93.41,283.7,41.91,47.61,51.41,7.34,3184.8,0.338,0.9218,1
40.74,112.55,37.93,40.26,42.12,2.51,1239.7,0.382,0.5184,1
37.88,88.33,32.53,39.49,70.41,2.31,313.1,0.513,0.6452,1
25.01,81.2,45.2,29.21,70.47,1.4,257.5,0.487,0.5389,1
14.47,38.67,42.14,46.6,43.86,1.01,3287.3,0.567,0.3937,0
192.3,505.6,63.94,33.45,37.87,22.49,1429.3,0.546,0.9935,1
43.57,119.25,37.85,38.95,71.43,2.3,2249.9,0.479,0.6675,1
8.64,32.02,26.89,33.82,33.7,0.4,1565.9,0.498,0.3321,0
23.72,62.22,29.46,28.85,80.81,1.0,904.3,0.401,0.6188,1
20.29,73.52,34.09,42.22,37.36,1.02,3096.4,0.411,0.4927,0
58.79,132.34,54.18,24.91,77.38,7.87,3333.9,0.429,0.8551,1
185.82,540.99,74.51,45.71,76.86,27.45,3459.9,0.264,0.9989,1
72.69,158.48,52.78,34.72,49.04,6.55,336.5,0.528,0.7221,1
12.76,56.93,40.3,18.34,64.31,0.97,366.2,0.502,0.4145,0
54.49,153.36,48.01,39.28,83.17,4.44,3031.3,0.364,0.8663,1
168.45,531.14,79.86,24.42,72.12,26.67,781.3,0.543,0.9966,1
39.14,108.69,33.84,33.59,56.82,1.59,2053.5,0.455,0.4995,0
18.74,87.15,51.04,44.41,72.58,1.44,2113.5,0.319,0.7515,1
132.32,296.49,46.27,25.43,33.02,15.22,2384.4,0.488,0.9176,1
183.89,562.25,91.14,48.97,64.84,22.56,324.0,0.304,0.9989,1
40.55,82.8,48.02,19.83,54.88,2.54,1218.5,0.446,0.5617,1
5.37,57.66,48.96,32.74,30.09,0.48,1896.7,0.642,0.3517,0
31.38,94.0,50.14,45.46,84.54,2.48,775.5,0.304,0.8767,1
23.92,54.83,37.05,34.68,71.91,1.68,3315.3,0.484,0.5663,1
53.08,149.74,51.8,27.47,52.66,6.73,2935.1,0.498,0.7266,1
12.69,50.7,33.08,35.8,72.66,0.57,660.1,0.456,0.5741,1
21.3,65.49,41.8,33.43,80.59,1.58,2413.9,0.382,0.606,1
55.99,181.45,49.79,49.11,18.07,6.1,1553.6,0.487,0.6598,1
43.32,197.24,36.18,34.61,56.09,2.21,1227.9,0.534,0.7359,1
9.3,30.49,27.65,47.07,90.13,0.55,1160.2,0.252,0.69,1
62.14,143.21,49.18,51.31,82.4,5.26,2386.8,0.286,0.9419,1
32.12,78.17,27.49,37.54,27.58,1.77,3181.7,0.616,0.3718,0
21.45,46.41,32.38,52.25,87.09,1.31,2959.7,0.097,0.8084,1
73.27,187.18,42.17,36.22,64.01,5.52,1351.6,0.406,0.814,1
22.11,66.64,44.45,55.84,44.25,1.79,2535.5,0.532,0.5686,1
49.57,148.79,51.0,26.86,26.86,3.52,1940.4,0.706,0.6205,1
88.09,266.79,50.69,43.82,61.95,7.88,1653.2,0.432,0.9111,1
49.46,110.38,40.95,38.88,56.77,4.41,1179.2,0.367,0.7663,1
54.0,139.3,50.38,36.47,37.6,6.44,468.0,0.588,0.7454,1
38.11,90.85,35.14,42.31,49.12,2.7,835.0,0.363,0.64,1
1.0,26.04,47.64,44.32,52.32,0.11,2069.1,0.453,0.4245,0
41.37,120.21,24.15,19.96,55.12,1.86,2604.6,0.592,0.534,1
223.74,622.96,90.69,30.12,69.95,30.05,321.3,0.562,0.9992,1
38.45,108.86,41.19,44.59,28.77,3.39,1451.2,0.541,0.5704,1
8.56,112.69,44.07,43.23,27.44,0.8,747.2,0.538,0.5017,1
83.33,175.28,40.81,56.01,63.2,4.11,2187.0,0.299,0.8965,1
9.13,31.81,41.93,46.11,87.34,0.7,3053.4,0.211,0.6952,1
79.13,251.43,50.42,54.79,83.89,9.65,3268.0,0.179,0.9684,1
126.21,338.17,48.04,44.28,58.71,15.03,3121.2,0.385,0.9734,1
20.93,64.88,46.16,34.2,56.74,1.73,3078.8,0.528,0.4569,0
22.66,74.33,45.74,27.63,64.22,2.22,2183.1,0.299,0.5763,1
20.93,60.9,28.19,46.82,79.18,0.72,1001.8,0.358,0.6107,1
18.43,48.6,29.77,42.61,58.5,0.85,2665.0,0.508,0.5629,1
52.33,122.46,32.22,24.51,90.67,3.61,2590.9,0.371,0.7881,1
162.37,469.83,70.67,35.8,52.01,23.51,750.0,0.19,0.9949,1
31.16,91.5,33.61,55.25,24.41,2.16,842.9,0.406,0.3896,0
28.39,105.08,43.31,39.03,65.02,2.59,560.8,0.364,0.6458,1
15.14,73.02,27.69,37.51,74.21,0.74,1845.7,0.343,0.6299,1
96.66,187.59,38.73,38.07,74.3,9.06,1261.2,0.25,0.9436,1
98.28,196.14,50.71,31.56,50.28,8.35,3170.4,0.448,0.8795,1
61.61,213.83,62.88,36.01,90.63,9.19,320.9,0.423,0.9417,1
10.52,32.18,51.23,36.04,84.02,0.69,1269.5,0.18,0.7344,1
24.78,114.87,44.85,24.79,38.26,2.56,3090.9,0.536,0.4929,0
50.37,168.41,31.49,46.33,29.37,2.53,3496.7,0.455,0.669,1
265.18,501.85,61.22,37.14,57.94,33.41,2586.0,0.45,0.9981,1
106.98,305.85,59.06,48.3,16.49,8.03,3172.2,0.582,0.9249,1
18.17,54.41,34.0,49.43,90.1,0.81,253.2,0.246,0.7883,1
17.98,67.66,31.76,31.66,64.22,0.73,2746.8,0.563,0.5067,1
47.22,183.75,56.5,42.98,25.83,4.88,1723.4,0.448,0.7543,1
75.51,153.5,32.69,38.39,70.88,4.3,2478.4,0.516,0.7907,1
63.75,138.42,50.32,50.75,47.35,5.18,1618.9,0.374,0.8685,1
25.23,65.48,27.84,31.78,74.33,1.25,2078.7,0.309,0.4994,0
153.8,467.06,61.97,43.55,77.26,15.32,1058.0,0.215,0.9948,1
38.43,99.04,36.23,41.65,67.69,3.25,2094.5,0.422,0.7729,1
117.87,330.14,49.06,34.12,73.96,11.17,1159.7,0.324,0.9693,1
97.15,286.18,64.55,28.96,76.93,10.05,1124.8,0.431,0.9517,1
24.24,79.12,43.88,42.82,56.25,1.9,1279.5,0.46,0.5848,1
45.37,128.32,49.32,45.39,92.71,5.21,862.5,0.191,0.9351,1
20.65,44.8,43.74,34.67,78.14,1.56,935.1,0.417,0.6935,1
20.33,51.43,44.53,42.63,65.8,1.59,3274.0,0.263,0.7769,1
27.47,120.79,50.5,36.65,79.79,2.27,1699.7,0.274,0.7903,1
230.7,532.67,71.46,44.6,78.64,25.36,2226.7,0.37,0.9985,1
236.17,506.7,78.91,31.24,38.56,33.79,2086.8,0.571,0.9943,1
14.65,43.65,40.12,51.23,37.0,1.27,1075.8,0.421,0.587,1
213.59,655.81,88.51,33.9,35.05,31.73,200.6,0.476,0.9986,1
33.53,136.23,34.58,35.99,37.19,1.73,544.3,0.504,0.5537,1
1.03,10.5,26.62,25.15,69.49,0.06,2941.6,0.483,0.2946,0
141.74,328.5,66.13,27.91,97.0,21.1,560.9,0.298,0.9913,1
42.79,150.27,39.18,39.39,58.05,2.06,882.3,0.348,0.754,1
255.3,744.5,81.5,33.35,60.15,42.08,3212.3,0.43,0.9997,1
56.48,131.74,39.44,48.82,73.95,5.28,2865.8,0.419,0.7755,1
123.44,278.91,42.36,21.6,74.42,6.88,375.8,0.372,0.953,1
17.57,68.58,40.79,36.26,54.22,1.7,2323.4,0.482,0.516,1
15.87,116.91,46.61,35.23,51.79,1.0,1901.8,0.573,0.5438,1
23.32,72.43,30.9,22.12,63.23,1.8,1404.2,0.442,0.4768,0
65.15,210.77,44.56,28.46,46.44,5.42,1842.0,0.626,0.7696,1
108.94,310.68,57.18,37.08,52.34,13.39,698.5,0.23,0.9621,1
27.94,65.79,39.77,38.86,56.37,1.42,3350.8,0.347,0.6385,1
51.06,118.12,50.13,36.86,85.88,3.41,765.9,0.406,0.7778,1
55.24,108.49,29.6,39.74,63.81,4.01,814.1,0.283,0.755,1
112.64,259.06,39.03,41.32,44.03,10.92,1417.2,0.516,0.9142,1
18.34,54.84,30.39,20.96,67.03,0.87,901.6,0.503,0.4014,0
25.3,73.55,47.15,38.21,70.47,1.96,1232.4,0.461,0.7383,1
73.01,208.22,48.32,55.79,72.64,4.28,331.5,0.168,0.9355,1
231.54,431.85,63.97,39.46,58.9,36.18,2227.1,0.462,0.9978,1
48.86,133.13,38.75,43.55,35.05,4.53,995.7,0.444,0.6706,1
32.38,145.49,42.83,34.57,58.09,1.87,3404.2,0.519,0.7006,1
23.08,93.36,54.27,46.55,71.79,2.1,576.9,0.276,0.8333,1
268.11,750.0,98.0,46.51,71.19,64.55,455.2,0.295,1.0,1
10.06,50.56,46.65,39.52,47.54,0.64,774.9,0.528,0.4155,0
4.19,20.7,33.2,56.97,52.36,0.33,1990.1,0.361,0.5637,1
45.88,145.82,42.18,28.51,37.18,2.83,2666.7,0.588,0.606,1
9.06,32.04,41.94,21.86,37.43,0.49,2044.9,0.6,0.2676,0
38.73,93.65,45.27,46.42,80.72,2.43,3039.2,0.392,0.7978,1
54.21,173.84,43.46,47.73,87.06,5.0,2158.8,0.232,0.9311,1
3.97,15.7,26.62,28.29,25.7,0.15,657.3,0.505,0.1829,0
261.05,552.78,57.81,33.29,57.38,18.18,812.7,0.378,0.9978,1
116.7,259.05,45.41,21.93,71.55,11.7,1380.1,0.302,0.9423,1
32.15,71.14,46.87,34.07,81.62,3.09,3236.1,0.369,0.765,1
108.79,216.33,40.44,46.52,22.91,10.3,1718.1,0.46,0.8576,1
84.79,263.04,61.55,39.44,67.57,10.18,3084.7,0.365,0.9618,1
102.51,281.32,49.84,35.5,74.33,6.43,446.4,0.234,0.905,1
37.12,109.74,28.7,36.09,35.82,1.31,2466.2,0.513,0.4658,0
42.19,123.74,48.71,19.09,75.22,4.56,1741.8,0.426,0.6743,1
229.36,750.0,86.11,34.24,70.15,46.55,771.2,0.467,0.9997,1
18.17,55.13,36.16,42.68,62.77,1.47,469.2,0.386,0.6069,1
244.12,527.55,60.08,56.78,34.2,24.73,1240.5,0.38,0.9986,1
93.99,251.07,47.22,49.29,86.5,9.15,2908.0,0.309,0.9475,1
15.16,35.56,36.65,22.56,84.53,0.72,2314.0,0.381,0.5586,1
20.19,54.09,37.62,51.65,32.99,1.62,1724.9,0.478,0.5559,1
123.09,338.01,62.54,46.87,35.35,11.74,2990.1,0.501,0.9668,1
8.32,55.62,33.72,46.77,63.43,0.68,797.4,0.334,0.5503,1
186.35,576.71,61.8,38.08,78.33,18.87,1120.7,0.325,0.9979,1
116.86,388.85,64.4,36.71,37.75,12.35,2028.4,0.605,0.9579,1
51.25,140.84,53.9,34.33,56.04,4.34,2145.8,0.434,0.7561,1
67.76,232.19,60.79,25.6,62.89,8.34,1259.1,0.382,0.9042,1
20.18,55.75,30.4,32.17,80.95,0.81,1864.2,0.393,0.7006,1
25.21,106.75,54.28,32.73,50.07,1.74,595.9,0.559,0.5554,1
74.37,172.44,46.09,38.66,74.72,7.22,236.5,0.349,0.8966,1
87.18,292.31,60.71,45.67,69.05,12.86,3186.8,0.297,0.9548,1
204.44,447.79,75.4,38.43,56.08,33.4,1657.0,0.476,0.9964,1
324.52,750.0,91.77,25.13,89.82,45.41,962.5,0.404,0.9999,1
16.37,54.78,41.51,55.32,67.51,1.14,1288.4,0.273,0.7849,1
10.67,31.26,25.74,54.22,36.15,0.4,1908.3,0.441,0.5175,1
15.92,30.74,28.77,46.94,80.0,0.96,3323.3,0.282,0.6189,1
132.77,398.67,71.18,58.97,61.97,14.26,2579.2,0.481,0.9888,1
25.7,102.15,31.26,40.07,61.08,1.56,3329.0,0.432,0.5855,1
9.83,37.18,20.27,55.73,23.48,0.46,569.8,0.539,0.3524,0
2.77,41.92,30.5,26.16,70.66,0.16,788.3,0.419,0.4729,0
11.54,46.75,34.27,35.94,89.66,0.78,1398.0,0.423,0.5904,1
96.93,259.1,53.25,32.08,58.45,12.69,1006.2,0.444,0.915,1
196.29,530.88,76.7,31.13,48.52,24.32,3358.2,0.531,0.9968,1
130.58,412.67,70.94,29.13,66.13,20.72,764.9,0.505,0.9834,1
37.35,156.22,29.12,42.03,97.83,2.28,760.8,0.288,0.8259,1
104.57,249.78,42.29,46.8,77.3,5.96,1809.2,0.27,0.9616,1
25.75,60.07,34.12,40.9,64.23,2.18,2499.8,0.336,0.589,1
29.14,91.08,25.12,29.37,44.67,1.53,1451.6,0.431,0.4358,0
27.68,82.13,50.95,47.88,42.36,1.72,344.3,0.231,0.6894,1
17.99,70.82,49.83,42.39,74.74,1.92,2727.3,0.414,0.6813,1
37.99,106.78,38.06,36.48,33.46,1.99,3320.0,0.484,0.6015,1
102.9,227.37,37.28,43.45,28.29,6.07,2874.6,0.558,0.8608,1
47.44,172.55,51.37,33.12,27.62,4.03,2972.3,0.472,0.683,1
158.43,505.0,69.22,35.43,43.45,17.58,2998.1,0.478,0.9891,1
59.05,173.26,49.66,52.67,69.21,6.36,2706.4,0.307,0.8909,1
13.31,54.56,42.97,33.99,50.37,1.25,2857.9,0.428,0.5246,1
120.06,362.99,73.08,38.34,58.99,16.56,453.0,0.494,0.9783,1
107.02,274.64,48.54,51.23,24.62,10.06,380.2,0.536,0.929,1
346.47,750.0,81.97,44.43,91.42,45.66,448.3,0.254,1.0,1
57.09,133.6,33.8,25.4,92.66,2.37,2152.0,0.447,0.7881,1
172.24,352.03,61.78,29.39,53.03,17.63,996.1,0.557,0.9777,1
19.36,73.24,26.67,20.63,65.95,0.63,293.0,0.566,0.4089,0
23.64,110.22,40.16,42.26,69.85,2.21,452.7,0.471,0.7019,1
41.11,115.28,45.3,37.85,86.11,3.79,426.1,0.389,0.8228,1
63.66,226.74,50.24,28.87,80.51,7.91,2270.8,0.47,0.8723,1
106.77,297.8,51.94,55.34,55.13,7.97,671.4,0.328,0.9529,1
57.08,193.85,52.07,39.71,49.61,6.11,2991.0,0.419,0.796,1
20.16,60.61,45.5,32.59,38.64,1.32,3475.8,0.515,0.5074,1
17.87,43.02,23.68,39.04,63.41,0.86,1655.9,0.385,0.5086,1
14.97,34.17,35.78,43.61,55.33,0.98,1974.2,0.433,0.4925,0
90.88,203.27,48.71,26.19,61.13,9.14,1057.7,0.473,0.883,1
11.13,30.06,25.05,33.55,26.08,0.6,2363.3,0.542,0.238,0
28.18,69.58,33.77,47.72,49.42,1.79,3219.5,0.542,0.5552,1
24.24,80.24,48.63,38.11,44.48,2.17,796.6,0.575,0.4885,0
67.75,179.24,50.22,40.12,78.55,4.39,3345.5,0.453,0.8991,1
78.6,197.75,40.18,37.52,67.31,5.28,930.5,0.324,0.8628,1
17.03,52.31,49.38,24.22,42.24,1.34,1077.6,0.551,0.2957,0
100.77,318.4,59.88,30.08,44.8,12.15,3208.2,0.538,0.9448,1
8.69,28.77,35.96,37.8,67.09,0.49,2158.1,0.414,0.4909,0
334.83,750.0,88.07,31.57,59.75,44.29,304.6,0.335,0.9999,1
21.77,78.23,29.57,24.63,59.86,1.48,2849.7,0.498,0.453,0
30.65,125.07,34.24,49.15,64.42,2.39,2318.8,0.294,0.6858,1
25.52,61.65,25.99,57.54,78.26,1.08,2652.1,0.3,0.7789,1
19.84,67.97,34.27,47.22,57.05,0.89,733.8,0.356,0.5514,1
98.98,242.36,66.67,49.57,43.68,12.19,3080.7,0.288,0.9434,1
57.22,179.6,42.21,32.59,71.42,4.32,2783.4,0.437,0.8066,1
8.91,56.77,32.9,55.55,58.41,0.68,3359.5,0.258,0.6114,1
7.39,27.39,37.12,31.16,73.98,0.52,1549.0,0.513,0.4568,0
37.22,121.07,48.35,54.84,85.09,4.36,1910.6,0.18,0.9101,1
125.86,243.31,41.18,59.66,55.76,9.48,2515.7,0.216,0.9744,1
14.2,45.53,41.31,44.55,55.18,1.21,544.5,0.392,0.6605,1
200.45,466.19,66.3,57.54,15.32,24.24,894.2,0.512,0.9924,1
49.94,154.38,36.33,40.68,41.17,2.93,1151.2,0.248,0.723,1
56.96,137.26,39.6,33.11,45.17,2.79,3318.9,0.575,0.6025,1
17.59,55.44,27.11,37.61,63.45,1.06,204.5,0.318,0.5039,1
24.62,75.11,47.38,41.28,88.96,2.77,3480.1,0.416,0.7323,1
151.97,389.91,75.56,26.02,30.96,24.73,1505.4,0.473,0.9615,1
94.92,216.43,53.88,42.03,64.46,7.95,2339.4,0.3,0.9509,1
153.35,424.21,62.93,57.54,55.17,21.83,1555.4,0.295,0.9902,1
13.42,133.76,30.49,30.93,34.18,0.82,2787.4,0.67,0.4573,0
22.67,72.27,42.46,47.2,73.59,2.01,3336.9,0.483,0.6889,1
116.6,302.52,46.95,52.14,82.07,7.04,1677.7,0.203,0.9748,1
38.95,128.56,37.67,54.29,70.09,2.87,794.7,0.188,0.7736,1
38.71,94.79,29.45,55.51,71.76,2.2,932.9,0.429,0.7806,1
12.56,43.55,30.31,39.52,66.58,0.78,1077.1,0.23,0.4852,0
30.04,94.9,30.16,57.1,54.8,2.0,931.1,0.262,0.6927,1
38.54,115.66,24.9,45.99,80.34,1.66,243.7,0.329,0.813,1
26.79,91.59,35.64,29.93,38.82,1.34,3044.3,0.491,0.4375,0
7.67,22.16,31.99,38.5,47.25,0.59,2447.1,0.371,0.3854,0
61.83,175.18,43.16,44.75,9.89,5.9,1902.0,0.402,0.6909,1
135.99,438.98,58.17,32.75,59.58,15.05,684.9,0.367,0.9877,1
261.39,584.17,60.65,42.52,63.77,26.33,334.4,0.4,0.9989,1
120.48,376.68,52.21,43.24,60.26,15.59,1469.3,0.391,0.9787,1
57.95,171.66,48.94,29.97,56.71,3.75,217.6,0.368,0.8173,1
59.33,201.88,28.82,40.57,49.86,4.13,388.5,0.461,0.7408,1
30.09,58.53,48.14,46.47,46.33,2.5,442.3,0.455,0.5815,1
296.28,710.55,94.25,39.0,67.11,37.03,2892.1,0.224,0.9999,1
80.5,290.92,62.2,21.26,49.43,8.48,2596.4,0.498,0.8801,1
2.54,39.08,47.41,20.82,32.04,0.26,1221.3,0.435,0.3585,0
25.41,70.46,48.13,35.73,56.92,2.14,1202.8,0.567,0.5289,1
34.03,125.72,50.73,53.17,49.01,3.18,1336.4,0.422,0.7361,1
230.93,699.2,93.06,32.19,68.13,48.8,2066.3,0.398,0.9997,1
63.02,153.33,33.84,42.35,87.31,4.27,3038.5,0.171,0.8657,1
45.27,114.39,48.46,31.98,50.06,4.54,1774.3,0.406,0.6669,1
58.6,144.16,47.36,34.82,81.76,3.89,690.0,0.338,0.8808,1
306.34,750.0,77.04,49.33,26.22,36.06,723.2,0.574,0.9996,1
13.67,70.62,40.61,45.08,41.82,0.96,388.1,0.475,0.5389,1
10.95,45.26,43.43,27.16,48.43,0.64,2643.2,0.524,0.379,0
7.37,16.6,35.1,37.42,64.37,0.4,1517.5,0.401,0.4408,0
110.09,337.72,56.72,23.07,68.07,14.26,3229.5,0.499,0.9475,1
20.06,51.56,33.41,38.59,49.88,0.82,1223.2,0.559,0.4267,0
47.43,126.26,49.2,43.12,92.44,2.95,2834.4,0.126,0.8968,1
14.9,79.08,29.11,28.21,78.28,0.91,1834.2,0.432,0.5506,1
36.77,78.0,43.88,33.94,53.22,2.75,3000.6,0.469,0.6123,1
59.03,152.17,40.18,36.71,57.56,5.23,2052.2,0.444,0.8294,1
80.07,286.58,50.95,52.78,65.31,9.84,834.9,0.374,0.93,1
74.47,162.89,53.07,59.33,50.57,6.11,2843.7,0.392,0.8653,1
66.57,155.64,40.6,24.29,17.94,3.37,218.6,0.639,0.5534,1
92.2,261.39,65.45,46.11,59.48,10.82,1864.3,0.354,0.9638,1
152.3,474.65,84.58,36.09,17.09,31.61,846.2,0.591,0.9877,1
53.77,141.5,35.34,36.58,92.77,3.63,1315.5,0.284,0.8379,1
12.54,97.85,50.09,45.89,72.59,1.06,1550.0,0.354,0.6284,1
68.14,137.68,44.66,52.72,46.89,5.84,2047.9,0.428,0.8325,1
16.35,154.63,34.8,54.8,88.83,0.81,1370.0,0.149,0.8936,1
27.6,63.22,35.36,40.87,92.25,2.12,2327.8,0.359,0.8072,1
13.78,42.89,41.08,35.73,41.09,1.18,818.6,0.54,0.3745,0
24.41,82.41,36.26,47.02,74.82,1.89,2806.7,0.173,0.7795,1
73.07,221.25,45.42,32.86,78.1,5.29,2186.1,0.226,0.914,1
7.43,48.47,30.07,40.54,59.07,0.5,1360.9,0.468,0.3918,0
65.65,187.36,56.99,35.76,22.06,8.83,1955.2,0.432,0.775,1
20.52,67.45,28.85,42.96,58.91,1.45,1533.1,0.336,0.4733,0
22.8,51.7,35.77,32.54,63.06,1.66,3087.2,0.38,0.535,1
7.2,20.24,40.16,30.98,77.24,0.48,2003.0,0.385,0.5769,1
12.87,52.78,37.43,52.71,38.87,0.82,2802.4,0.46,0.5754,1
44.42,137.32,32.2,27.47,44.67,2.77,2823.3,0.606,0.524,1
38.7,134.45,45.7,39.16,25.69,3.45,2622.0,0.48,0.702,1
65.99,143.66,36.22,31.94,73.17,5.33,2677.6,0.461,0.7759,1
11.37,36.28,43.87,23.85,83.33,0.65,940.9,0.448,0.4491,0
235.98,458.67,65.14,23.63,70.92,29.77,3074.4,0.451,0.9975,1
24.4,75.56,45.79,30.42,27.54,1.85,2535.8,0.588,0.3999,0
48.9,131.81,41.22,50.14,40.87,4.6,378.1,0.394,0.6858,1
2.61,29.95,30.26,33.77,58.19,0.13,2337.2,0.426,0.4026,0
212.63,603.4,78.37,54.77,81.03,30.13,1790.7,0.298,0.9994,1
56.69,166.96,52.08,40.98,94.74,4.42,669.9,0.181,0.9473,1
28.36,131.13,53.13,37.6,40.58,2.39,1761.2,0.401,0.6984,1
14.27,66.94,38.61,40.94,67.66,1.06,3243.7,0.408,0.5717,1
42.13,112.51,57.21,39.41,74.87,4.23,3090.9,0.424,0.8131,1
30.16,76.9,40.25,46.04,30.24,1.77,485.0,0.505,0.4829,0
62.44,156.5,38.21,33.77,37.73,4.33,1653.7,0.476,0.7531,1
5.2,28.61,38.69,35.63,86.13,0.28,1881.5,0.331,0.5749,1
31.72,87.64,52.03,51.42,22.93,3.87,2480.6,0.355,0.5856,1
10.07,49.52,30.16,54.48,27.67,0.73,2729.8,0.46,0.3621,0
29.5,115.91,31.51,51.35,91.36,1.39,2934.0,0.174,0.8677,1
37.96,124.61,53.87,37.21,62.05,2.59,2168.0,0.31,0.7841,1
248.89,726.35,92.05,46.77,29.9,55.1,3111.3,0.579,0.9996,1
20.99,88.25,26.5,38.48,46.65,0.89,2036.5,0.461,0.4451,0
114.72,254.04,55.5,38.97,67.4,9.2,276.2,0.305,0.9745,1
70.49,164.31,36.85,31.42,76.67,6.22,1713.5,0.327,0.8882,1
149.26,384.61,51.19,41.22,82.17,17.94,731.9,0.331,0.9906,1
52.3,166.75,43.37,30.8,32.77,2.88,2094.5,0.434,0.699,1
58.9,158.23,35.14,35.08,60.61,3.04,2446.6,0.525,0.7211,1
14.6,49.74,38.1,49.63,42.01,1.26,2447.4,0.235,0.582,1
13.62,49.49,25.22,31.5,31.2,0.53,1818.4,0.516,0.3554,0
161.56,501.03,71.46,25.91,56.52,23.89,2565.8,0.48,0.9919,1
12.86,30.01,39.24,25.79,65.33,0.63,577.3,0.427,0.3826,0
20.44,96.92,36.03,54.09,46.1,1.69,3327.6,0.436,0.5897,1
157.08,485.07,51.19,39.18,41.04,14.06,2982.6,0.495,0.9857,1
7.05,63.22,46.19,36.98,50.03,0.59,3021.6,0.418,0.5498,1
64.14,211.16,47.69,47.87,84.36,6.88,309.1,0.223,0.9569,1
31.57,107.39,37.48,48.83,55.77,2.12,956.8,0.318,0.6751,1
49.82,128.46,38.22,35.1,38.62,2.54,527.6,0.539,0.6279,1
25.79,53.6,28.27,44.01,79.98,1.35,3055.8,0.256,0.6538,1
121.43,381.09,66.09,46.45,54.74,14.4,2674.7,0.58,0.9704,1
42.54,109.91,43.75,42.9,8.27,3.32,517.3,0.592,0.4919,0
105.41,293.7,63.57,29.55,53.3,9.72,1526.9,0.482,0.9139,1
10.46,39.43,52.11,50.55,70.67,0.77,1889.3,0.304,0.697,1
39.74,105.83,30.7,39.94,88.41,2.7,2559.9,0.222,0.8019,1
68.18,213.06,59.42,33.77,96.73,8.12,1168.3,0.371,0.9262,1
26.73,84.64,50.16,37.34,96.21,1.62,1158.4,0.198,0.8539,1
99.11,332.3,66.18,23.75,54.81,14.99,1954.4,0.631,0.9262,1
173.15,570.75,74.24,28.61,55.94,17.45,1934.4,0.549,0.9937,1
30.78,98.3,33.76,46.27,99.68,2.24,570.1,0.289,0.8032,1
39.37,122.88,29.98,18.1,31.54,1.56,2551.8,0.668,0.4746,0
37.44,128.19,27.17,37.15,55.3,2.5,789.1,0.455,0.5943,1
150.4,392.61,70.36,39.54,34.12,25.09,3004.5,0.499,0.9803,1
56.65,138.23,55.4,24.93,24.5,4.51,2751.5,0.568,0.5907,1
3.4,19.77,43.43,56.67,74.2,0.18,3437.0,0.253,0.6966,1
39.53,114.7,43.4,32.11,47.23,2.19,764.6,0.435,0.5632,1
26.43,63.58,35.13,34.36,90.2,2.09,3316.9,0.342,0.5491,1
25.84,77.42,38.0,34.35,48.96,1.28,2617.8,0.61,0.5162,1
5.7,46.71,40.65,32.24,44.65,0.51,3108.0,0.529,0.3283,0
124.98,376.95,52.37,19.14,81.31,14.83,313.1,0.339,0.9774,1
161.95,461.06,70.19,45.09,78.72,18.18,1259.0,0.413,0.9955,1
96.94,238.76,45.09,56.08,34.48,9.42,297.3,0.312,0.9265,1
13.32,28.19,32.78,32.05,70.55,0.99,800.4,0.504,0.4577,0
7.28,18.69,36.74,43.14,81.02,0.59,3118.1,0.338,0.6592,1
204.67,591.21,75.07,45.49,72.88,22.26,1555.7,0.349,0.9983,1
108.62,347.8,65.3,49.35,46.46,12.65,2416.0,0.489,0.9627,1
19.95,64.46,42.0,37.29,75.31,1.08,1796.9,0.481,0.5453,1
7.8,27.58,23.2,34.33,76.2,0.34,1763.0,0.351,0.448,0
82.86,204.5,61.87,34.92,57.08,9.1,2344.3,0.29,0.8881,1
87.77,207.68,54.36,44.58,58.09,11.32,1634.8,0.444,0.9241,1
20.52,45.0,43.71,48.09,86.85,1.1,268.3,0.19,0.6798,1
82.95,181.24,54.29,30.64,53.17,8.51,2841.7,0.407,0.862,1
56.69,168.31,34.31,36.07,22.62,4.19,1102.4,0.568,0.6782,1
64.1,210.27,55.85,51.82,39.93,6.46,2415.6,0.373,0.8951,1
31.2,78.13,45.49,47.71,73.7,2.14,2371.9,0.26,0.7291,1
202.22,616.78,71.78,58.0,61.24,28.93,677.2,0.275,0.9992,1
59.15,170.18,34.85,45.89,16.04,5.12,743.3,0.612,0.6823,1
9.7,89.46,55.26,36.6,59.75,0.67,1677.8,0.378,0.6215,1
118.5,317.41,44.8,41.21,48.08,7.72,1327.9,0.436,0.9608,1
129.49,287.42,69.04,43.08,29.17,16.43,1102.2,0.585,0.952,1
22.63,82.57,27.25,26.31,63.6,1.22,1220.6,0.437,0.5411,1
165.79,400.4,68.54,40.07,87.36,22.86,1039.7,0.23,0.9952,1
180.17,438.77,66.06,44.48,67.47,15.21,565.5,0.33,0.9952,1
55.57,158.2,54.55,30.13,40.54,4.12,489.9,0.353,0.7242,1
20.86,71.08,41.47,46.78,54.82,2.1,3104.1,0.393,0.6406,1
112.14,357.49,44.49,41.03,36.91,6.47,2889.1,0.442,0.9455,1
29.59,89.13,36.87,54.9,72.49,1.9,1831.1,0.195,0.7652,1
245.05,549.0,63.87,24.11,92.04,30.53,1255.4,0.556,0.9986,1
23.48,78.37,45.84,33.28,56.16,1.73,2466.1,0.364,0.7164,1
49.26,122.81,38.9,41.49,71.45,2.94,560.2,0.437,0.8216,1
28.91,68.7,35.61,34.15,72.65,1.62,535.2,0.439,0.6537,1
35.15,159.7,56.95,44.63,86.97,3.14,665.8,0.254,0.8974,1
87.18,194.11,39.92,46.05,69.12,5.89,2483.9,0.38,0.9266,1
22.28,76.32,47.93,27.5,85.59,1.44,2911.1,0.349,0.6633,1
60.78,145.42,40.16,39.34,29.66,5.64,1969.7,0.47,0.7175,1
216.09,404.98,58.82,39.23,76.39,27.8,756.6,0.324,0.996,1
29.8,107.59,51.09,36.03,77.29,1.89,1311.4,0.423,0.7196,1
24.4,69.94,49.78,53.58,49.71,2.66,2915.7,0.389,0.6672,1
33.2,109.8,41.43,48.5,52.37,3.13,1891.6,0.405,0.7805,1
9.12,26.58,32.78,44.12,82.31,0.72,1688.7,0.167,0.7491,1
21.14,132.98,44.07,44.63,83.14,1.86,2375.0,0.33,0.8213,1
172.65,582.72,83.37,38.16,54.22,33.23,1370.6,0.34,0.9977,1
5.7,29.28,30.7,52.87,33.21,0.38,214.2,0.338,0.4141,0
105.26,321.74,44.59,44.04,72.49,5.79,3304.5,0.333,0.9729,1
39.48,95.03,40.39,45.08,40.51,3.59,2544.9,0.572,0.6005,1
45.84,103.71,37.74,49.91,74.87,3.38,3361.5,0.34,0.8373,1
260.34,750.0,80.9,33.53,86.3,43.09,3005.1,0.242,0.9999,1
36.5,106.97,41.59,47.73,70.23,3.57,1434.0,0.506,0.8384,1
192.36,437.64,53.96,31.11,54.04,12.6,1449.4,0.384,0.9874,1
16.71,71.03,26.63,35.43,76.09,0.6,675.9,0.456,0.5868,1
194.26,477.51,70.1,35.19,31.69,26.5,2864.1,0.631,0.9888,1
20.33,42.4,30.12,57.24,79.33,1.06,2245.0,0.264,0.7217,1
7.0,44.71,21.7,49.69,82.02,0.26,1044.1,0.176,0.6901,1
27.11,114.71,52.61,44.24,64.77,2.29,3368.1,0.374,0.7919,1
283.04,567.53,72.26,45.02,51.24,46.31,2733.8,0.398,0.9994,1
59.43,178.02,42.83,40.5,90.71,3.4,3112.6,0.142,0.9279,1
54.55,110.33,52.02,54.53,50.39,5.37,774.3,0.333,0.7856,1
5.88,31.95,29.2,38.94,31.65,0.31,2155.5,0.396,0.3211,0
343.05,750.0,97.65,36.3,76.82,64.21,3469.8,0.36,1.0,1
28.16,114.55,38.0,29.98,77.74,1.35,1353.2,0.448,0.5805,1
21.53,59.07,37.18,46.97,56.11,1.66,1531.1,0.363,0.5976,1
8.82,32.56,39.98,45.25,54.87,0.43,1972.4,0.486,0.5255,1
15.03,91.68,35.94,36.39,57.8,1.02,347.0,0.464,0.5409,1
88.98,319.41,63.85,22.71,74.04,8.78,945.3,0.367,0.9447,1
4.9,15.15,25.87,48.96,87.85,0.2,1265.5,0.207,0.7128,1
62.43,125.88,45.4,21.17,46.36,6.12,230.6,0.64,0.5317,1
16.78,43.43,51.11,44.31,52.01,2.13,1241.9,0.388,0.535,1
116.42,322.88,57.05,56.4,35.6,12.07,1999.5,0.619,0.9404,1
206.29,639.44,75.49,37.63,92.67,32.24,263.6,0.212,0.9996,1
41.23,79.81,34.74,32.38,64.8,2.18,1955.0,0.513,0.5788,1
153.53,411.61,56.32,44.35,50.31,16.6,2839.2,0.271,0.9911,1
206.91,642.34,72.86,48.1,49.96,20.05,682.0,0.139,0.9991,1
153.85,352.37,47.84,40.11,37.52,16.97,3372.6,0.512,0.9735,1
64.13,180.45,47.76,56.1,88.18,5.49,1569.5,0.05,0.9446,1
51.0,140.85,46.48,24.74,59.33,3.96,1646.5,0.585,0.6305,1
61.83,252.74,63.33,39.13,46.33,7.31,1898.8,0.552,0.9273,1
71.62,217.2,45.65,44.76,82.32,7.8,1497.5,0.243,0.9548,1
6.89,26.3,23.07,49.96,49.16,0.35,2352.8,0.346,0.5715,1
35.59,83.86,29.58,30.56,72.5,1.47,787.1,0.228,0.5688,1
70.62,209.81,50.42,47.47,39.32,7.83,3237.3,0.302,0.8753,1
170.9,399.62,59.83,40.27,56.41,17.49,3065.4,0.317,0.9924,1
102.89,221.27,53.55,36.68,58.5,9.44,2327.7,0.323,0.9443,1
35.86,109.53,32.58,28.77,59.0,2.55,2804.9,0.474,0.646,1
20.57,59.02,45.6,50.07,48.67,1.69,2538.1,0.512,0.6295,1
24.11,59.67,32.48,29.76,81.97,1.01,1765.5,0.347,0.6478,1
12.97,116.95,28.0,34.51,62.5,0.55,713.4,0.415,0.5997,1
96.97,274.91,54.35,33.98,56.66,12.45,1269.9,0.461,0.942,1
74.34,219.1,54.98,50.35,53.17,8.05,3118.8,0.281,0.9167,1
380.0,750.0,87.76,43.41,87.72,65.0,2397.3,0.3,1.0,1
18.22,43.37,27.3,47.35,74.99,0.79,3055.5,0.26,0.7149,1
4.74,15.2,23.97,32.85,39.24,0.24,3096.9,0.639,0.2429,0
257.3,637.37,71.74,42.1,71.26,40.99,1940.0,0.315,0.9997,1
5.15,11.24,37.72,40.73,46.12,0.28,1640.5,0.469,0.3852,0
19.5,75.64,45.85,48.71,90.54,1.1,1616.7,0.239,0.7773,1
60.37,170.86,46.14,52.04,61.14,5.64,1665.3,0.306,0.8932,1
19.91,79.18,49.07,21.27,75.28,1.91,3322.4,0.477,0.6689,1
45.28,113.17,29.47,43.45,58.77,1.67,696.0,0.351,0.6839,1
10.12,34.29,40.98,24.75,25.6,0.72,700.9,0.578,0.2958,0
65.15,174.06,35.36,40.17,55.75,4.45,1477.9,0.386,0.8484,1
20.06,77.94,37.6,33.91,71.14,1.11,2846.2,0.566,0.5959,1
57.41,143.6,44.0,34.43,75.25,3.35,3012.4,0.366,0.8018,1
65.49,157.84,47.54,35.62,84.52,6.98,2924.1,0.398,0.889,1
21.18,84.95,32.86,42.0,38.0,1.67,2120.6,0.407,0.4463,0
8.94,28.86,27.1,35.15,52.85,0.43,3030.5,0.423,0.347,0
127.12,256.25,59.63,45.2,98.39,10.42,836.2,0.332,0.9859,1
111.17,328.38,66.2,36.87,31.11,12.86,2175.5,0.534,0.9452,1
126.85,275.91,49.67,25.76,72.86,9.85,1284.2,0.577,0.9197,1
149.58,325.47,58.27,46.89,88.03,16.02,1101.2,0.23,0.9876,1
186.81,519.69,61.16,33.86,78.87,13.84,528.8,0.521,0.9968,1
7.8,47.03,39.11,37.51,57.75,0.71,1403.8,0.416,0.5178,1
199.11,366.15,60.42,43.77,43.39,15.34,315.2,0.427,0.9876,1
28.42,79.17,31.39,35.1,68.6,1.57,1362.8,0.431,0.5817,1
64.87,192.61,43.79,25.06,56.32,5.85,1766.9,0.47,0.7944,1
60.52,161.88,53.49,36.14,51.33,6.62,1380.7,0.519,0.7947,1
53.01,96.31,36.24,54.34,32.23,3.05,2745.0,0.41,0.6821,1
176.57,473.86,74.0,42.55,68.87,24.17,1126.5,0.31,0.9947,1
20.12,44.3,29.07,43.37,73.89,1.08,447.1,0.332,0.7204,1
18.6,58.62,38.84,42.29,42.82,0.99,857.2,0.262,0.6416,1
53.05,186.64,31.53,31.23,77.91,2.82,2906.2,0.333,0.8259,1
13.27,42.33,30.45,37.19,77.42,0.55,2298.5,0.395,0.6403,1
62.56,195.59,37.62,45.78,78.81,3.0,2105.0,0.412,0.9266,1
65.2,127.48,50.85,27.45,49.61,4.22,1977.2,0.564,0.6667,1
62.54,149.53,36.94,33.64,46.88,4.08,2671.9,0.491,0.6982,1
27.41,108.5,40.53,33.59,72.75,2.39,847.8,0.392,0.6974,1
0.88,7.62,28.84,37.5,93.7,0.06,892.1,0.277,0.522,1
64.57,162.64,29.74,57.45,56.72,3.73,629.7,0.318,0.8122,1
63.86,178.58,36.84,25.71,70.08,3.74,1319.8,0.486,0.7918,1
144.8,348.22,48.72,39.46,87.48,10.36,1103.8,0.25,0.9879,1
45.15,147.09,54.63,30.56,86.13,5.19,3220.1,0.356,0.9016,1
70.19,235.22,46.29,56.44,26.57,4.12,241.0,0.51,0.8473,1
143.01,368.78,52.79,27.99,34.0,11.63,1764.7,0.61,0.9654,1
139.28,415.64,53.92,36.85,44.98,15.73,2611.2,0.495,0.9627,1
37.93,85.75,27.78,45.36,13.13,1.87,3191.8,0.454,0.4005,0
168.47,398.75,59.77,44.34,62.65,18.63,3387.9,0.451,0.991,1
32.78,101.46,35.35,37.29,39.89,2.86,428.7,0.321,0.6596,1
3.02,23.74,31.36,35.46,80.65,0.16,843.8,0.3,0.5352,1
85.86,214.73,56.94,36.71,61.4,9.65,3496.8,0.436,0.9249,1
117.95,235.48,41.64,33.25,27.71,12.27,1234.5,0.608,0.8875,1
41.15,162.48,56.85,31.44,94.62,4.89,383.4,0.289,0.9148,1
19.39,72.91,35.74,38.64,64.55,1.3,3281.2,0.429,0.7109,1
31.29,113.18,51.71,33.37,23.42,2.62,1531.2,0.473,0.4269,0
143.33,357.8,65.06,33.9,81.16,23.03,1160.4,0.392,0.9879,1
127.61,375.92,57.06,42.96,91.49,11.52,697.0,0.367,0.9932,1
9.41,30.75,50.12,56.24,62.84,0.64,1603.2,0.305,0.6349,1
27.91,91.6,29.08,41.54,33.49,1.95,1413.7,0.6,0.4143,0
186.78,426.93,63.5,26.23,89.52,19.15,3249.6,0.398,0.9944,1
221.25,737.21,92.27,26.16,38.0,40.13,899.1,0.602,0.9994,1
15.3,46.76,30.32,54.84,61.24,0.95,485.3,0.343,0.5668,1
41.95,89.04,50.84,34.17,45.4,3.28,1112.3,0.308,0.5943,1
86.85,226.76,57.3,27.0,50.19,8.71,2002.0,0.592,0.8256,1
18.29,65.91,41.57,41.42,74.16,1.07,1281.9,0.394,0.7378,1
131.6,336.74,59.78,42.06,88.61,18.49,1230.4,0.306,0.99,1
14.65,54.47,38.51,42.73,90.94,1.11,1513.3,0.189,0.6279,1
48.68,218.13,52.72,33.34,66.51,6.05,3079.2,0.408,0.8571,1
35.63,132.71,56.06,21.65,54.45,3.06,2387.0,0.484,0.6144,1
119.21,369.89,62.76,55.92,77.55,15.14,1939.7,0.108,0.9932,1
107.17,337.15,61.98,32.86,51.36,9.85,1529.7,0.634,0.9402,1
147.01,341.95,65.86,43.5,57.03,15.26,432.2,0.494,0.9824,1
12.6,54.57,35.5,44.4,33.32,0.75,3118.9,0.404,0.4471,0
147.23,493.51,80.19,41.71,73.3,22.6,623.7,0.293,0.9954,1
156.1,324.79,45.95,34.59,82.18,13.79,815.4,0.371,0.9838,1
106.23,241.04,45.46,33.45,70.88,7.05,1685.5,0.462,0.9125,1
41.18,106.65,43.1,41.39,43.07,2.24,662.7,0.438,0.6551,1
7.94,26.76,22.72,50.11,32.81,0.4,2312.3,0.469,0.478,0
156.87,392.01,71.77,54.5,75.46,21.21,1831.3,0.222,0.995,1
13.1,34.09,41.63,27.65,45.89,0.88,1842.7,0.446,0.3824,0
190.14,423.42,54.22,29.67,73.98,13.08,3391.3,0.365,0.9914,1
19.11,92.33,32.12,54.36,77.56,0.82,2423.4,0.228,0.7371,1
221.96,533.28,75.29,45.32,52.63,29.26,2615.7,0.282,0.9988,1
143.07,280.41,49.54,50.88,77.8,12.96,2211.0,0.292,0.9847,1
24.56,83.45,52.18,31.35,90.96,2.17,1056.4,0.452,0.7839,1
53.96,188.22,34.93,41.13,76.4,3.65,407.9,0.255,0.7945,1
57.73,173.05,55.63,44.23,82.69,7.25,2051.1,0.264,0.9369,1
23.86,142.65,47.99,43.62,69.19,2.38,1673.5,0.296,0.8006,1
165.35,305.22,47.73,36.95,77.73,18.37,606.3,0.268,0.9879,1
233.46,438.56,61.89,21.68,90.37,28.9,3036.4,0.154,0.9979,1
79.36,264.76,68.89,41.01,56.95,7.31,1839.3,0.347,0.9272,1
38.76,127.3,38.31,32.92,69.75,2.07,1697.6,0.35,0.7471,1
36.13,115.2,32.93,37.91,68.13,2.03,1577.3,0.464,0.6534,1
40.26,122.94,27.89,55.31,50.4,1.76,2634.6,0.355,0.7249,1
42.2,136.24,41.29,36.74,36.29,3.57,370.8,0.566,0.6098,1
29.35,95.14,27.06,48.99,42.01,1.6,910.5,0.416,0.581,1
164.42,345.21,55.61,30.88,55.96,16.47,3177.7,0.435,0.9753,1
37.29,98.38,48.3,43.4,86.03,3.67,332.6,0.444,0.8446,1
102.72,284.28,60.07,57.07,48.39,14.71,2215.5,0.322,0.9582,1
197.48,421.62,51.81,27.47,51.55,18.82,996.4,0.496,0.9828,1
380.0,750.0,80.47,20.71,51.37,50.5,1983.6,0.485,0.9998,1
10.9,31.16,24.57,37.53,73.31,0.49,1952.7,0.328,0.3988,0
35.97,108.76,54.22,27.03,91.73,2.71,2365.7,0.447,0.7672,1
9.69,48.62,27.82,45.7,21.87,0.36,766.8,0.504,0.3142,0
19.25,70.32,29.77,52.5,86.15,0.99,2314.7,0.171,0.6582,1
16.51,46.42,48.47,37.54,69.16,1.92,2779.4,0.402,0.6288,1
59.71,161.56,42.89,33.09,75.07,5.95,779.9,0.467,0.8493,1
26.59,69.49,37.08,37.55,76.69,2.05,2805.1,0.303,0.6661,1
22.05,70.94,53.1,44.91,75.15,2.5,601.8,0.271,0.7691,1
12.55,40.31,37.09,20.82,20.94,1.08,1067.2,0.575,0.2356,0
101.43,386.05,57.89,41.18,52.32,14.04,1394.0,0.4,0.9648,1
53.21,114.25,49.1,41.79,57.09,5.38,1227.4,0.438,0.7692,1
21.66,89.07,43.61,42.44,22.26,1.61,2621.5,0.517,0.4897,0
48.48,131.67,41.74,32.59,14.6,2.82,1087.4,0.605,0.468,0
90.21,340.25,72.16,44.62,72.06,7.87,2677.4,0.447,0.9732,1
10.38,27.11,49.66,26.97,34.62,1.05,388.5,0.561,0.3272,0
25.85,68.77,40.65,31.24,60.74,1.8,1251.3,0.504,0.5774,1
81.95,217.45,47.18,50.62,59.1,5.04,3212.1,0.306,0.8865,1
20.08,64.64,26.78,45.39,62.73,0.84,1472.3,0.405,0.5996,1
79.91,213.56,53.38,21.48,94.78,7.72,1752.0,0.402,0.9222,1
142.61,346.83,55.28,32.78,41.59,17.49,2684.4,0.476,0.9675,1
168.15,371.4,57.5,31.74,79.02,15.56,377.6,0.402,0.992,1
29.19,80.0,45.73,33.44,87.64,2.74,2512.0,0.219,0.7338,1
27.51,66.69,38.57,32.76,52.82,1.33,412.6,0.499,0.4997,0
18.72,41.49,30.2,25.42,88.97,1.39,2023.5,0.271,0.7027,1
182.11,494.05,62.78,38.1,65.06,28.16,2218.0,0.498,0.9965,1
47.78,160.67,32.9,45.2,48.04,2.97,677.3,0.399,0.7017,1
4.6,14.8,25.73,41.62,85.83,0.24,3008.1,0.246,0.5815,1
62.39,186.78,37.79,43.41,36.42,5.17,2077.5,0.522,0.7133,1
234.38,567.19,85.88,26.45,29.81,49.55,710.7,0.6,0.9975,1
20.24,71.11,47.27,54.84,39.96,1.83,3040.9,0.393,0.5578,1
158.08,488.32,83.96,48.94,72.89,28.96,2921.8,0.099,0.9981,1
19.92,53.61,32.41,47.65,65.59,0.94,2413.3,0.423,0.5628,1
101.2,261.02,38.34,48.33,53.81,5.43,1538.1,0.387,0.942,1
118.7,323.95,46.93,53.57,74.45,11.84,1830.8,0.24,0.9817,1
56.49,178.02,40.03,40.06,35.58,5.43,2521.3,0.404,0.7343,1
8.96,38.01,37.77,31.28,68.69,0.66,1191.2,0.516,0.5039,1
110.2,352.34,49.55,41.88,43.52,10.35,2164.9,0.476,0.9499,1
158.29,318.65,51.68,45.52,57.19,15.89,2252.7,0.514,0.9812,1
48.2,109.11,48.38,45.36,45.98,5.47,932.9,0.524,0.7069,1
121.85,329.24,52.64,39.52,57.53,14.37,624.5,0.428,0.9599,1
65.74,202.79,51.6,25.76,69.47,7.61,743.8,0.476,0.8134,1
72.09,273.53,52.05,36.07,4.17,5.02,269.8,0.487,0.6368,1
20.5,98.69,49.44,52.85,65.68,2.22,2678.6,0.374,0.783,1
89.67,232.36,58.56,41.05,79.68,11.55,2871.2,0.343,0.9346,1
11.18,88.55,37.14,39.92,79.87,0.57,2838.7,0.333,0.6542,1
4.92,20.34,37.45,33.38,62.1,0.33,3269.0,0.391,0.4802,0
49.58,143.95,41.82,36.01,53.68,2.75,479.7,0.499,0.6218,1
102.94,330.16,63.58,51.49,89.89,11.23,3271.3,0.202,0.9881,1
30.23,79.69,51.69,43.23,59.88,3.18,1856.1,0.298,0.6928,1
19.52,60.81,27.15,47.02,64.23,0.79,1498.1,0.273,0.666,1
19.62,41.72,29.93,38.0,41.36,0.81,668.1,0.377,0.4522,0
93.55,224.17,47.34,42.24,80.76,8.99,1794.7,0.397,0.9303,1
74.35,153.15,46.96,32.78,70.59,7.94,2449.6,0.367,0.8959,1
25.57,99.7,53.09,44.36,31.55,1.9,493.5,0.466,0.6898,1
80.58,250.03,43.67,37.4,83.6,8.36,3426.7,0.444,0.9173,1
53.15,161.35,38.82,37.73,86.55,4.45,3225.3,0.246,0.8774,1
64.16,230.43,47.68,42.76,65.75,6.37,3127.9,0.277,0.9176,1
64.73,179.82,44.33,53.8,41.49,3.89,1551.6,0.406,0.8777,1
66.35,195.88,37.43,25.51,81.87,5.98,3024.7,0.358,0.792,1
169.47,502.65,60.63,48.4,75.85,18.65,613.9,0.387,0.997,1
29.66,75.53,25.35,34.04,20.02,1.43,3205.5,0.551,0.2902,0
52.97,134.22,48.28,37.76,65.62,4.77,3020.4,0.333,0.8004,1
52.9,189.82,49.52,22.39,39.8,4.95,2137.6,0.502,0.6798,1
49.26,132.4,35.47,34.28,88.34,3.97,2385.7,0.4,0.8321,1
99.04,326.52,62.67,39.08,50.57,8.25,1357.4,0.411,0.9608,1
34.99,117.5,45.05,25.03,51.98,2.88,3331.2,0.532,0.5034,1
137.76,429.83,49.69,38.82,20.21,13.68,420.3,0.473,0.967,1
52.37,125.22,47.65,53.23,63.29,3.38,3140.3,0.242,0.88,1
26.14,110.08,30.91,27.63,77.72,1.58,1062.8,0.332,0.6049,1
9.16,79.25,51.96,46.23,71.13,0.89,2856.8,0.274,0.6965,1
37.18,115.5,54.89,36.99,30.71,3.04,363.1,0.558,0.5703,1
57.32,184.33,42.3,42.92,31.36,3.72,1006.1,0.365,0.7142,1
63.4,264.09,60.8,33.13,63.7,5.06,852.7,0.33,0.9033,1
129.78,374.4,53.62,29.85,80.21,14.73,3428.3,0.433,0.9796,1
185.94,341.66,65.8,29.88,67.29,17.04,892.3,0.462,0.9885,1
28.16,120.47,42.26,25.88,46.26,2.65,1424.6,0.562,0.5742,1
41.4,145.98,43.43,30.78,76.49,4.24,1183.6,0.296,0.7649,1
177.98,418.45,70.44,43.17,52.96,18.97,3453.5,0.405,0.9919,1
23.74,46.3,31.91,50.82,72.62,1.17,2232.4,0.173,0.7546,1
27.31,64.36,33.74,47.99,23.29,1.25,1387.1,0.368,0.6231,1
54.24,161.63,29.57,43.77,84.11,3.05,3196.1,0.271,0.865,1
69.36,200.54,49.76,27.86,55.84,8.47,2533.9,0.496,0.8296,1
69.78,192.27,51.39,33.95,77.22,5.44,2521.5,0.455,0.8871,1
166.96,490.47,80.22,34.51,77.58,18.85,1805.1,0.335,0.9961,1
20.77,50.81,40.3,32.83,49.33,1.66,1842.8,0.511,0.4292,0
40.6,94.21,47.99,39.37,64.03,4.51,2611.4,0.316,0.7927,1
49.04,121.82,36.93,39.85,94.83,4.22,233.4,0.396,0.907,1
22.12,126.18,48.87,35.72,61.88,1.78,1643.0,0.475,0.723,1
81.14,209.94,35.76,35.64,57.94,6.45,3438.1,0.37,0.8621,1
123.85,357.63,53.27,48.54,87.22,13.0,2357.3,0.233,0.9881,1
23.61,83.45,43.4,47.08,71.02,2.21,1450.2,0.346,0.7554,1
138.22,295.48,47.34,34.46,63.0,13.61,761.4,0.376,0.9665,1
107.84,308.63,55.44,52.46,39.47,8.17,1383.7,0.321,0.9537,1
12.59,55.56,37.43,54.94,70.4,0.78,1783.7,0.314,0.6472,1
181.24,426.51,69.85,34.96,49.69,27.75,2281.3,0.461,0.9932,1
55.7,144.77,43.09,35.66,89.71,5.25,3444.3,0.277,0.9162,1
59.35,132.11,37.55,39.15,56.64,3.03,1837.3,0.432,0.7654,1
90.44,213.76,58.86,54.11,51.06,9.59,1399.9,0.237,0.9283,1
142.22,287.93,55.52,50.57,76.48,18.4,1037.5,0.322,0.984,1
52.43,195.09,58.02,27.5,81.31,6.78,2728.0,0.407,0.921,1
8.79,22.94,28.93,36.59,77.97,0.5,1730.6,0.285,0.5105,1
199.8,546.18,69.68,40.28,79.32,20.44,2593.0,0.187,0.9989,1
9.41,36.11,35.6,39.09,78.1,0.54,1136.1,0.385,0.5407,1
39.67,102.73,38.48,31.06,20.84,3.13,1425.3,0.513,0.4094,0
4.68,23.99,34.65,49.79,48.16,0.36,3353.9,0.435,0.5466,1
35.41,100.86,36.89,43.53,72.56,2.61,970.3,0.411,0.7614,1
188.62,398.5,63.04,48.92,35.89,20.38,1251.4,0.591,0.9886,1
43.39,116.3,38.83,49.79,78.19,3.28,1879.0,0.143,0.8424,1
18.78,34.77,41.33,45.7,80.36,0.94,1935.2,0.361,0.7528,1
27.37,102.36,40.57,37.66,38.67,2.39,419.6,0.414,0.5249,1
48.13,138.49,36.84,41.72,43.29,4.07,3405.9,0.493,0.6198,1
47.25,119.18,33.88,29.88,45.58,2.02,1198.7,0.516,0.599,1
95.43,284.21,48.81,43.44,81.12,8.01,377.2,0.438,0.9507,1
45.63,166.93,35.99,30.56,44.52,3.78,1041.2,0.533,0.618,1
89.75,220.88,53.03,44.02,41.36,9.41,1518.7,0.543,0.9155,1
112.02,317.09,61.12,32.21,73.42,12.52,964.1,0.394,0.9523,1
23.74,65.22,31.04,28.17,64.95,0.97,711.4,0.371,0.5232,1
98.77,292.19,61.33,30.06,62.06,13.07,1873.2,0.633,0.9387,1
65.23,148.79,36.3,19.32,59.73,4.96,2828.2,0.531,0.6608,1
3.29,96.26,49.45,44.77,72.2,0.32,2526.0,0.304,0.6419,1
19.64,66.11,30.53,45.19,54.07,0.77,1603.9,0.347,0.5349,1
133.85,317.49,52.09,39.37,50.39,14.19,608.8,0.514,0.9685,1
42.7,152.82,46.74,29.92,40.0,2.53,3351.1,0.349,0.6947,1
22.22,90.15,40.8,26.57,84.5,2.06,1311.2,0.276,0.6506,1
56.26,166.02,48.47,22.1,47.89,6.35,540.3,0.524,0.7768,1
76.8,159.62,52.54,30.08,14.28,7.63,1310.4,0.432,0.6994,1
51.63,128.32,49.08,51.26,56.42,5.84,2500.3,0.29,0.8753,1
92.59,310.49,68.98,32.58,41.36,10.99,1028.5,0.5,0.918,1
106.92,222.46,43.92,35.66,86.57,7.41,803.7,0.408,0.9634,1
76.55,167.48,31.06,27.63,78.65,4.35,1069.9,0.478,0.7749,1
49.39,105.63,52.04,31.99,52.18,4.95,2020.7,0.517,0.738,1
19.84,49.96,30.65,39.47,40.34,1.34,3086.1,0.335,0.3559,0
75.9,239.45,43.13,41.65,91.03,6.49,635.9,0.196,0.9648,1
112.96,348.35,47.49,32.69,44.81,12.41,674.4,0.468,0.946,1
35.7,121.14,45.32,25.13,84.29,3.91,1614.0,0.483,0.7143,1
52.74,165.91,46.74,36.55,83.02,4.63,613.8,0.397,0.852,1
19.36,72.6,27.56,32.36,36.45,1.14,3431.2,0.529,0.3748,0
112.65,253.76,42.25,31.9,71.18,8.69,3099.5,0.236,0.917,1
82.81,278.0,49.66,55.49,64.89,9.78,413.7,0.368,0.9488,1
79.96,170.05,36.07,41.87,66.6,3.58,3192.7,0.323,0.8956,1
4.57,46.31,23.09,40.37,67.58,0.23,1138.7,0.314,0.6002,1
59.43,135.98,42.36,37.13,79.91,4.65,1265.7,0.409,0.7969,1
67.1,175.87,35.85,37.43,77.26,3.08,1316.9,0.295,0.9019,1
18.56,57.52,23.71,39.98,39.77,0.95,431.0,0.485,0.3249,0
14.51,54.1,38.84,44.1,49.69,0.96,2769.4,0.428,0.5694,1
14.88,51.62,45.0,44.26,90.49,1.26,802.3,0.425,0.7391,1
91.35,250.89,41.13,30.29,85.51,7.99,886.5,0.324,0.9276,1
94.52,278.1,48.44,39.02,86.91,6.99,2736.4,0.378,0.9712,1
159.05,500.33,68.03,37.04,19.03,17.04,398.6,0.458,0.9839,1
89.17,265.83,44.03,50.31,71.1,6.53,1308.7,0.324,0.9655,1
44.13,182.32,56.7,42.27,88.16,5.44,2051.6,0.265,0.9173,1
45.74,162.91,56.4,39.78,59.84,6.39,582.1,0.414,0.8102,1
20.8,59.62,27.16,28.08,87.58,0.94,1603.8,0.387,0.6579,1
45.97,142.19,44.05,41.59,60.8,4.04,1367.4,0.486,0.7153,1
196.8,440.33,69.43,28.16,35.45,22.15,1261.6,0.551,0.99,1
200.89,410.47,72.28,35.23,57.64,33.97,1092.4,0.359,0.9968,1
6.18,20.44,38.02,29.21,31.7,0.57,1319.1,0.419,0.2537,0
14.2,48.88,22.76,43.97,47.97,0.47,1493.3,0.374,0.4939,0
19.89,52.25,42.78,31.47,39.14,1.74,623.0,0.594,0.441,0
32.86,110.1,48.36,36.57,79.51,3.78,885.7,0.398,0.815,1
6.88,31.16,42.22,51.5,19.69,0.53,3204.6,0.449,0.4138,0
191.04,446.97,74.42,31.41,66.99,23.26,3316.9,0.372,0.9963,1
26.49,176.0,48.67,39.2,88.51,3.06,3475.7,0.296,0.885,1
136.32,380.96,61.63,37.21,71.49,12.9,1779.6,0.278,0.9856,1
12.09,72.46,39.4,21.99,86.46,0.7,647.3,0.427,0.5395,1
105.51,265.71,47.87,47.21,85.13,11.84,2456.4,0.308,0.9727,1
71.88,174.28,34.71,25.79,86.79,5.05,3291.5,0.5,0.8302,1
96.22,203.03,56.02,38.44,95.62,7.76,302.3,0.354,0.9559,1
62.97,150.79,29.57,40.46,34.1,3.79,272.7,0.315,0.7646,1
16.57,35.74,25.88,42.19,47.73,1.0,2221.4,0.518,0.4028,0
7.95,82.04,39.24,43.87,81.25,0.41,330.2,0.334,0.6587,1
14.41,36.5,43.99,32.93,45.56,0.97,1492.2,0.468,0.5144,1
52.96,121.07,39.79,20.96,60.69,4.18,1445.5,0.505,0.6688,1
174.04,477.13,55.0,44.91,83.05,12.92,526.6,0.318,0.9954,1
59.6,231.04,59.21,39.86,89.88,8.39,2661.4,0.358,0.9178,1
24.52,81.49,43.16,48.84,56.84,2.09,559.3,0.328,0.7571,1
153.97,449.65,63.98,48.27,83.17,19.31,1103.8,0.352,0.9947,1
14.09,50.73,38.6,49.14,83.81,0.69,2599.9,0.493,0.618,1
31.65,109.56,37.06,38.68,63.78,2.05,2240.0,0.311,0.7872,1
16.01,57.14,40.32,35.13,88.88,0.94,1759.6,0.276,0.7519,1
172.26,385.13,56.56,47.16,44.34,21.93,361.5,0.413,0.9886,1
3.98,19.46,18.89,37.93,39.53,0.12,2718.1,0.365,0.3362,0
24.16,65.36,33.31,30.71,51.98,1.39,2923.7,0.46,0.4988,0
25.18,76.03,33.9,49.62,66.2,1.73,537.2,0.408,0.6661,1
8.75,82.29,41.11,50.86,69.33,0.77,3454.5,0.311,0.7473,1
37.86,137.08,44.76,38.26,57.37,3.77,1346.4,0.314,0.8171,1
53.2,184.0,59.96,26.16,69.95,4.55,1600.4,0.51,0.8466,1
154.45,348.11,61.69,36.47,94.16,14.69,1567.8,0.329,0.9908,1
32.24,103.75,33.15,47.6,57.56,1.41,2288.7,0.417,0.6875,1
49.07,155.13,47.53,51.82,68.12,5.39,2091.5,0.365,0.8408,1
84.43,261.68,51.66,31.38,61.5,7.02,2050.7,0.51,0.9099,1
41.98,159.64,57.08,25.68,95.78,3.27,2778.4,0.351,0.7894,1
120.83,264.11,60.01,50.62,42.14,11.64,3262.3,0.433,0.9554,1
7.14,15.87,28.5,36.51,85.52,0.26,2911.8,0.37,0.497,0
7.56,20.94,18.88,40.0,46.06,0.33,2579.1,0.477,0.3027,0
54.52,173.11,46.07,56.19,49.58,3.95,366.8,0.343,0.8508,1
190.46,475.19,62.49,25.65,35.96,19.7,1020.0,0.577,0.9844,1
20.75,57.64,29.43,42.73,82.07,1.48,546.0,0.193,0.6984,1
51.83,122.72,51.65,26.08,70.02,3.87,3020.6,0.491,0.6379,1
33.61,103.79,35.28,36.18,62.75,1.74,2352.0,0.419,0.6416,1
25.08,74.91,28.06,47.61,81.82,1.36,310.8,0.245,0.8547,1
49.22,116.82,33.91,37.53,55.82,4.11,2586.7,0.297,0.7644,1
20.16,63.86,37.63,60.28,74.64,1.8,1312.3,0.261,0.779,1
100.26,234.58,49.36,40.42,88.48,9.75,1993.2,0.211,0.9633,1
37.33,105.12,38.18,34.81,53.92,3.22,2113.2,0.36,0.5648,1
36.0,97.16,41.66,31.92,49.95,2.75,735.6,0.305,0.6476,1
65.05,210.78,33.93,35.56,69.35,3.9,1516.1,0.495,0.8517,1
12.2,47.74,48.93,36.11,87.13,1.03,1607.3,0.217,0.7797,1
12.3,66.83,32.66,25.78,72.65,0.72,2229.1,0.542,0.3895,0
25.58,68.07,43.75,36.03,65.73,2.37,3135.8,0.51,0.6703,1
15.88,40.74,45.81,38.21,55.83,1.65,2230.3,0.394,0.6075,1
27.45,89.61,34.88,44.89,84.33,1.87,2456.1,0.275,0.661,1
21.0,70.58,36.9,42.96,76.73,1.81,2393.2,0.339,0.6217,1
30.02,65.99,38.16,44.46,63.71,2.33,478.7,0.306,0.6153,1
56.15,133.01,58.92,20.71,71.89,7.42,1189.2,0.44,0.8235,1
13.9,39.38,34.75,31.84,68.52,1.01,1525.8,0.347,0.5281,1
147.06,450.94,62.47,43.1,30.32,20.27,1666.6,0.412,0.9849,1
129.77,281.78,57.51,38.66,67.61,9.14,2978.6,0.533,0.9725,1
69.13,217.73,44.78,20.16,72.35,7.21,1933.9,0.492,0.806,1
82.65,171.14,38.49,47.63,87.62,7.48,2891.3,0.32,0.933,1
67.13,189.79,52.86,46.51,74.39,8.14,3191.5,0.291,0.8983,1
104.16,315.25,46.53,40.16,66.59,10.42,2496.7,0.324,0.9672,1
9.68,35.89,34.63,25.65,44.48,0.75,573.8,0.437,0.3507,0
33.88,104.16,39.86,46.3,60.23,1.94,863.1,0.404,0.7395,1
12.5,42.03,49.28,41.03,18.35,0.78,2932.7,0.484,0.4247,0
88.21,188.52,61.41,46.83,34.18,8.54,2060.5,0.511,0.8764,1
26.86,83.59,48.64,45.81,25.52,2.32,1902.5,0.443,0.5173,1
100.16,189.8,52.14,47.58,71.81,8.1,3397.1,0.383,0.9582,1
74.53,175.14,52.87,39.44,66.11,9.19,1414.1,0.433,0.9177,1
43.82,114.2,42.17,29.11,77.87,4.53,335.1,0.567,0.7207,1
27.27,92.63,35.19,43.37,32.95,2.11,1042.0,0.423,0.5185,1
341.45,746.62,82.74,41.98,60.45,51.41,1139.6,0.356,1.0,1
164.6,367.71,76.18,45.5,55.58,17.42,1891.0,0.382,0.9917,1
56.54,140.1,38.23,30.23,78.74,5.04,223.7,0.478,0.8087,1
49.92,126.65,42.62,31.1,56.19,4.88,3461.3,0.465,0.7351,1
91.69,206.2,41.17,51.24,45.16,5.33,404.3,0.296,0.8976,1
174.87,491.06,71.66,45.75,81.45,15.83,966.3,0.409,0.9956,1
57.83,185.32,62.52,52.16,87.68,8.56,2419.1,0.154,0.9327,1
31.33,86.19,45.8,46.04,59.41,3.26,3426.0,0.372,0.6772,1
52.73,187.12,59.35,41.37,24.22,7.56,1889.1,0.452,0.8025,1
21.39,91.05,37.2,42.89,74.29,1.33,1327.9,0.279,0.7594,1
11.15,71.86,21.32,51.18,49.86,0.49,736.2,0.298,0.5922,1
44.26,135.36,39.43,40.91,27.06,4.06,3181.1,0.574,0.5322,1
19.7,73.96,32.2,42.3,40.48,1.04,365.3,0.448,0.5807,1
171.32,540.83,67.37,29.73,81.76,20.97,430.9,0.345,0.9982,1
24.73,55.85,39.81,38.43,53.41,1.86,410.5,0.522,0.4441,0
43.21,145.84,33.3,44.69,70.42,1.78,1739.3,0.428,0.7653,1
94.31,266.15,58.12,33.44,28.47,12.48,3272.9,0.533,0.8495,1
26.89,76.38,49.15,31.34,63.96,3.21,2034.1,0.388,0.6146,1
29.74,90.13,37.21,34.62,60.36,1.93,1370.4,0.362,0.5857,1
26.21,95.74,40.31,32.58,41.65,2.11,987.1,0.52,0.3735,0
139.3,364.92,58.44,31.75,50.29,15.5,1897.8,0.356,0.9831,1
25.91,77.5,34.42,37.34,64.6,1.47,1657.0,0.378,0.6363,1
36.47,113.96,48.46,52.13,55.59,2.31,508.4,0.231,0.8033,1
68.52,207.82,44.06,39.18,56.83,5.66,220.8,0.372,0.8731,1
59.35,165.91,42.37,30.86,40.41,3.82,2163.6,0.649,0.4536,0
71.65,223.53,45.77,26.23,21.68,6.72,3032.7,0.584,0.6567,1
22.17,96.53,52.37,44.09,76.83,2.2,2209.2,0.427,0.7564,1
39.43,102.97,41.1,36.35,61.91,3.19,1277.0,0.39,0.7594,1
145.22,386.52,69.12,48.28,61.48,19.9,705.6,0.43,0.9902,1
67.07,191.2,33.8,43.04,69.66,5.33,2638.9,0.247,0.9212,1
45.07,153.24,29.07,47.33,49.44,1.82,2517.1,0.338,0.8077,1
145.81,446.66,57.87,33.47,51.77,18.97,2994.8,0.561,0.9773,1
90.73,228.23,60.15,43.98,32.79,13.32,3443.5,0.459,0.8942,1
17.33,44.64,35.03,33.24,63.39,1.3,570.0,0.356,0.56,1
267.11,631.84,76.15,53.98,15.79,28.08,1073.1,0.521,0.9986,1
88.88,172.49,38.82,42.4,39.27,7.95,1334.5,0.449,0.7996,1
107.33,298.99,48.11,34.9,38.68,11.51,1974.4,0.559,0.9067,1
136.83,481.39,74.62,33.4,49.05,23.7,375.7,0.369,0.9901,1
126.75,394.31,58.47,30.96,30.5,13.58,1110.0,0.525,0.9426,1
174.7,481.14,72.02,44.04,51.44,28.51,2820.7,0.408,0.9952,1
20.39,152.46,41.74,31.87,32.34,1.19,359.6,0.638,0.4916,0
21.2,151.45,39.35,41.33,53.13,1.63,2899.0,0.465,0.6597,1
61.26,161.76,35.96,33.26,59.74,4.22,809.3,0.353,0.736,1
125.88,250.2,53.99,43.11,49.39,16.08,1206.8,0.464,0.9674,1
132.45,381.0,50.31,48.02,66.33,15.47,2569.6,0.116,0.9946,1
3.01,25.35,29.53,46.69,52.91,0.19,2723.2,0.297,0.5538,1
78.81,221.34,40.72,46.11,77.55,4.58,895.7,0.366,0.923,1
8.02,27.93,43.2,30.85,64.18,0.78,1537.7,0.479,0.4393,0
77.89,248.57,37.22,26.82,34.09,5.79,998.2,0.491,0.7583,1
94.43,257.67,61.17,44.17,67.8,13.06,1893.9,0.26,0.9636,1
7.55,42.64,24.87,36.0,45.76,0.45,2352.9,0.53,0.3471,0
52.36,194.78,60.86,37.51,61.23,5.69,1091.2,0.468,0.8609,1
26.17,96.52,45.84,23.24,56.01,2.6,1725.1,0.526,0.5583,1
32.78,127.59,44.13,33.11,60.27,3.57,1968.1,0.432,0.7717,1
26.51,75.75,26.56,23.44,48.04,1.04,1582.6,0.462,0.4377,0
107.84,339.32,48.81,50.7,60.71,12.11,1895.9,0.382,0.9669,1
53.19,123.67,44.31,32.64,83.43,3.26,675.2,0.285,0.7971,1
31.35,112.94,46.19,40.38,74.2,1.77,333.6,0.284,0.7939,1
97.94,306.19,53.99,23.86,69.77,12.17,408.5,0.377,0.9413,1
127.89,331.13,46.59,43.24,42.19,14.59,3410.3,0.51,0.9693,1
22.72,113.06,35.97,34.86,32.13,1.01,444.0,0.563,0.4903,0
14.48,54.38,34.86,51.62,39.44,1.16,1473.9,0.322,0.4918,0
34.81,111.69,31.47,51.13,41.7,2.31,2812.4,0.321,0.6607,1
2.86,27.41,49.7,34.92,77.31,0.3,3007.0,0.534,0.4926,0
12.49,46.03,43.92,51.77,73.19,0.99,1086.0,0.416,0.7669,1
40.93,98.86,35.26,59.99,85.03,2.51,2312.0,0.121,0.8556,1
24.4,74.75,44.62,48.42,22.09,1.83,2589.1,0.537,0.4055,0
0.13,20.49,35.52,49.2,66.48,0.01,3222.5,0.132,0.5908,1
276.78,750.0,77.59,32.8,75.32,51.93,3134.1,0.326,0.9998,1
21.15,48.56,37.6,40.86,77.75,1.8,1635.9,0.199,0.6398,1
120.27,335.81,52.38,25.69,85.22,10.13,1986.4,0.311,0.9752,1
44.61,127.74,35.99,27.14,51.64,3.47,2843.0,0.505,0.6016,1
137.08,284.79,63.68,60.92,8.35,17.92,2175.8,0.506,0.9736,1
162.78,438.0,67.15,34.95,38.91,25.14,1375.0,0.434,0.9933,1
31.04,121.46,31.21,45.69,56.45,1.28,3336.3,0.473,0.6736,1
13.91,39.55,44.36,47.71,41.15,1.3,3492.5,0.415,0.5726,1
45.57,95.9,51.16,49.76,23.51,3.54,3279.0,0.557,0.6025,1
7.69,47.13,29.74,60.42,87.72,0.35,1340.8,0.124,0.8156,1
48.75,155.35,49.82,32.58,73.65,5.14,999.7,0.223,0.8484,1
8.88,42.99,44.97,23.96,58.34,0.94,1827.3,0.544,0.3784,0
23.74,68.43,44.26,37.02,50.78,1.97,2789.8,0.329,0.5588,1
276.02,662.07,86.0,28.7,64.7,42.85,1091.5,0.71,0.9995,1
14.63,55.2,46.76,22.44,67.67,1.55,1541.8,0.296,0.5505,1
79.79,271.17,44.83,35.81,80.07,4.41,699.7,0.459,0.9399,1
8.11,32.95,23.12,46.89,55.19,0.4,2515.3,0.512,0.4437,0
34.34,90.72,29.94,40.6,50.35,1.31,2633.4,0.493,0.4979,0
27.94,83.71,27.24,34.59,87.11,1.16,1835.4,0.374,0.7587,1
79.74,343.03,53.7,42.89,69.7,8.85,2633.4,0.307,0.9639,1
26.22,78.44,48.44,32.29,67.86,2.15,2326.6,0.456,0.693,1
134.79,379.56,72.05,21.56,65.92,15.38,3267.1,0.472,0.9607,1
82.55,156.81,40.25,46.23,67.78,6.17,2135.7,0.213,0.8745,1
40.07,125.02,51.79,42.07,56.2,4.78,1377.7,0.295,0.6558,1
85.49,291.93,55.08,46.16,57.19,8.26,2607.8,0.336,0.9379,1
226.65,677.87,72.88,23.85,58.84,31.27,387.3,0.52,0.9989,1
37.38,93.17,49.52,48.89,28.04,2.6,1771.9,0.648,0.5766,1
12.36,57.08,35.24,41.96,85.04,0.77,3387.6,0.277,0.7068,1
80.27,179.79,35.66,40.53,24.34,3.5,2527.2,0.454,0.8025,1
4.08,32.83,46.64,42.09,79.89,0.44,3495.4,0.337,0.6693,1
56.01,166.68,55.24,50.04,61.67,4.54,1496.4,0.379,0.8741,1
50.7,147.21,43.05,41.11,74.95,5.23,1496.6,0.34,0.7928,1
47.65,163.81,55.51,40.96,21.72,4.4,396.5,0.573,0.7159,1
5.19,33.02,40.55,58.86,78.67,0.48,1390.3,0.328,0.8111,1
102.22,273.41,45.46,45.97,51.66,7.93,666.0,0.295,0.9094,1
26.42,83.12,28.2,37.73,65.06,1.04,1505.2,0.383,0.6248,1
21.59,84.52,30.58,44.42,40.45,1.22,206.2,0.538,0.4609,0
4.29,29.74,30.01,36.51,47.51,0.2,1646.2,0.355,0.3245,0
25.06,77.55,48.89,32.19,64.12,1.98,3299.2,0.402,0.5889,1
13.38,38.22,45.18,41.37,78.32,0.97,2715.8,0.262,0.6568,1
40.87,163.04,28.24,53.29,46.96,1.9,995.8,0.477,0.6938,1
132.86,384.35,69.42,53.35,45.0,17.04,1091.2,0.276,0.9853,1
57.28,150.62,33.71,35.35,91.46,2.64,1220.4,0.373,0.8471,1
82.39,262.59,58.93,39.67,47.69,7.45,505.9,0.513,0.8839,1
104.92,339.94,48.08,31.65,60.51,10.2,3473.4,0.526,0.9514,1
104.39,313.69,48.56,59.85,63.2,11.06,2403.9,0.276,0.9689,1
47.78,111.93,42.33,57.53,84.62,3.07,2636.9,0.196,0.888,1
11.99,47.68,42.11,42.76,88.1,0.78,2492.6,0.308,0.8155,1
69.25,190.28,37.84,47.63,90.99,4.77,1734.7,0.384,0.9082,1
44.36,171.13,54.01,44.65,73.06,5.93,2893.9,0.312,0.8518,1
30.81,108.99,52.05,41.27,59.45,3.07,984.6,0.33,0.6822,1
171.96,505.29,57.06,24.85,78.84,22.15,1480.9,0.5,0.991,1
19.48,58.55,38.0,38.0,74.26,1.77,1275.3,0.281,0.6105,1
73.43,219.75,41.61,43.47,53.28,6.2,3343.7,0.478,0.8311,1
4.21,12.4,26.8,43.55,84.67,0.21,328.8,0.324,0.6525,1
33.68,100.78,50.47,36.12,67.93,3.73,448.8,0.459,0.5413,1
69.76,231.11,45.5,54.15,26.98,5.12,3355.2,0.309,0.8352,1
47.31,163.16,53.77,30.14,47.48,6.27,2469.2,0.427,0.8039,1
29.86,82.91,38.27,39.03,67.05,2.08,2298.5,0.333,0.6367,1
45.54,117.9,36.8,43.93,81.51,4.03,2903.7,0.294,0.8408,1
70.46,150.41,55.46,44.12,71.36,8.55,3225.6,0.338,0.9165,1
71.92,152.25,39.68,42.74,86.62,4.21,3157.3,0.277,0.8347,1
85.87,257.78,61.83,33.56,50.34,7.9,3136.4,0.44,0.9389,1
199.13,526.58,70.6,29.72,61.87,23.27,2967.9,0.301,0.994,1
43.0,138.31,38.52,42.39,79.19,2.79,597.3,0.373,0.7338,1
159.63,508.56,65.42,41.43,66.59,12.73,2296.5,0.285,0.9942,1
37.4,102.64,30.8,30.56,52.04,2.66,1820.6,0.525,0.5297,1
39.54,125.23,49.25,44.35,34.8,2.95,2775.7,0.322,0.7587,1
2.7,12.11,34.2,38.01,29.55,0.21,3352.0,0.535,0.3291,0
7.47,30.58,27.35,43.27,58.21,0.37,1402.8,0.394,0.4348,0
11.41,51.21,46.48,48.9,74.24,1.04,2690.8,0.308,0.7455,1
15.75,100.97,49.35,30.22,58.85,1.47,900.0,0.368,0.688,1
167.54,368.25,70.41,22.1,95.53,28.64,1590.8,0.476,0.9947,1
5.99,25.78,36.51,46.73,27.23,0.38,2586.3,0.475,0.3782,0
2.79,8.31,43.32,41.7,62.8,0.21,487.4,0.279,0.5205,1
6.44,18.29,37.85,44.19,39.38,0.49,3044.6,0.53,0.3797,0
67.64,156.51,43.98,48.93,30.95,5.05,3226.3,0.374,0.8749,1
3.86,22.48,38.84,47.57,95.21,0.3,3077.7,0.221,0.7237,1
12.08,34.94,40.08,55.58,86.19,0.94,202.5,0.32,0.7124,1
212.28,448.93,69.46,39.86,61.35,32.55,2851.4,0.403,0.9969,1
64.97,205.48,59.42,38.76,77.95,9.6,3160.0,0.231,0.9476,1
44.85,91.35,41.91,36.81,41.55,4.64,3446.6,0.366,0.6593,1
16.89,49.64,33.18,29.63,38.84,0.76,310.7,0.454,0.442,0
20.64,109.09,40.6,40.76,20.49,1.5,2060.6,0.539,0.4042,0
77.59,238.77,37.79,33.61,73.96,5.13,3110.4,0.397,0.8494,1
31.66,84.61,28.47,52.88,82.22,1.31,2612.5,0.407,0.7961,1
137.56,432.33,58.62,41.02,48.08,17.47,3019.3,0.321,0.9867,1
154.26,483.4,79.95,41.26,27.76,30.33,2504.7,0.579,0.9886,1
21.59,80.04,45.04,35.67,77.83,1.36,279.8,0.446,0.745,1
145.26,354.59,49.61,24.76,75.38,11.2,3098.1,0.522,0.9749,1
225.07,536.6,72.87,23.29,72.73,37.91,2238.5,0.34,0.9979,1
9.06,32.79,22.89,37.3,45.17,0.33,1016.6,0.435,0.3553,0
48.8,194.71,41.82,26.63,58.0,3.62,2443.4,0.48,0.6957,1
245.08,460.66,73.71,41.62,91.64,39.07,1897.5,0.256,0.9994,1
21.68,61.64,31.75,50.79,51.71,0.94,2567.4,0.394,0.5688,1
7.46,25.51,42.55,50.88,89.86,0.6,1760.3,0.241,0.6982,1
24.36,69.94,29.63,43.03,63.83,0.97,538.2,0.471,0.6123,1
5.2,25.14,30.88,31.63,68.56,0.26,3210.0,0.481,0.5196,1
51.77,126.75,39.52,49.97,70.8,3.09,2453.5,0.195,0.8592,1
88.48,222.44,58.26,51.03,90.09,11.08,2555.9,0.256,0.9716,1
40.19,116.26,39.66,31.16,66.56,2.23,2733.0,0.319,0.6624,1
58.51,291.32,51.96,45.35,38.58,6.26,1890.6,0.315,0.8758,1
56.05,179.4,38.7,33.88,18.29,4.23,2555.7,0.565,0.6288,1
39.88,160.14,38.68,47.56,78.03,3.21,898.5,0.207,0.8696,1
46.03,149.17,55.68,60.29,43.77,6.0,1746.9,0.459,0.8485,1
30.58,62.86,41.83,23.14,78.53,2.42,2482.4,0.395,0.5269,1
42.06,131.74,36.18,51.59,38.83,3.25,2856.3,0.532,0.7369,1
39.19,96.4,45.23,42.04,40.1,3.98,3394.6,0.488,0.6563,1
377.25,750.0,85.53,56.7,74.2,65.0,3040.5,0.256,1.0,1
178.81,458.69,70.07,38.23,80.1,20.23,337.1,0.314,0.9964,1
88.78,225.31,42.25,49.31,51.21,9.19,783.3,0.276,0.9354,1
27.56,90.16,44.5,25.41,80.82,1.57,2442.2,0.255,0.767,1
22.02,53.7,45.21,35.18,37.09,1.68,470.9,0.474,0.5775,1
59.96,171.72,55.25,25.68,28.19,7.51,3484.6,0.599,0.7368,1
29.02,78.44,29.04,56.9,72.11,1.39,1754.9,0.341,0.7701,1
131.45,409.66,64.49,48.1,55.71,16.19,2465.3,0.46,0.9866,1
14.76,51.24,33.72,49.52,56.14,0.68,357.8,0.247,0.5675,1
27.73,87.67,47.32,53.91,64.45,3.04,1620.5,0.347,0.705,1
20.4,61.22,32.03,26.65,47.3,1.58,990.7,0.476,0.2806,0
60.24,123.74,32.11,36.42,41.48,4.79,546.0,0.628,0.5535,1
47.55,133.51,49.9,25.91,80.49,3.09,2419.6,0.581,0.7332,1
38.3,118.41,30.72,31.62,72.4,1.72,3423.5,0.494,0.5395,1
121.9,378.57,63.26,32.21,67.93,14.22,1206.8,0.363,0.9732,1
66.39,159.7,35.85,38.32,91.23,3.7,3264.3,0.154,0.9135,1
17.53,54.78,39.15,33.37,47.52,1.4,210.3,0.394,0.439,0
74.76,148.87,41.97,27.43,78.98,7.21,2387.5,0.396,0.8579,1
47.47,102.62,45.06,30.14,80.17,2.92,1951.3,0.427,0.7648,1
17.6,46.47,29.72,29.38,65.19,0.63,1418.0,0.402,0.5003,1
11.98,49.76,41.75,56.67,87.15,1.25,1577.8,0.254,0.7933,1
34.92,74.08,37.44,46.06,47.01,2.33,2182.4,0.48,0.62,1
30.61,74.28,30.75,56.17,59.87,1.21,2041.5,0.414,0.6914,1
22.13,76.39,30.02,37.67,82.48,1.31,1877.0,0.246,0.6602,1
153.55,341.18,65.54,33.65,40.08,21.93,3443.9,0.501,0.9748,1
166.49,488.03,49.93,47.41,62.81,18.63,2736.4,0.382,0.9955,1
73.24,160.85,53.13,34.94,53.67,7.55,789.0,0.385,0.8468,1
171.22,521.74,85.79,34.23,74.39,30.6,3227.4,0.398,0.9981,1
62.95,153.15,33.63,32.3,35.14,3.85,1825.0,0.611,0.6841,1
12.7,61.36,45.53,28.68,85.7,1.16,246.4,0.485,0.6303,1
9.21,37.83,30.12,33.02,88.38,0.68,2793.7,0.118,0.7008,1
131.64,323.09,46.91,35.68,35.91,15.34,1364.3,0.527,0.9467,1
32.51,78.17,42.95,43.45,52.6,2.81,3496.3,0.431,0.6382,1
121.8,270.28,60.5,25.42,43.07,14.44,1994.7,0.593,0.9254,1
12.32,83.87,25.74,31.61,73.87,0.52,1092.2,0.455,0.5598,1
60.1,163.1,42.63,47.8,80.34,4.15,2681.5,0.27,0.9094,1
92.85,230.09,46.16,29.37,56.95,10.29,1117.8,0.447,0.8411,1
70.23,190.23,37.94,35.36,95.69,5.5,281.6,0.338,0.8898,1
4.56,30.85,37.72,50.05,45.1,0.31,518.2,0.317,0.437,0
22.54,62.07,39.25,29.68,52.58,1.83,2368.8,0.461,0.5213,1
25.27,74.81,32.41,26.53,61.41,1.11,906.5,0.459,0.5523,1
51.92,99.38,46.93,38.67,58.1,5.91,984.7,0.368,0.788,1
300.92,750.0,71.43,34.31,29.88,40.39,691.5,0.43,0.9996,1
40.18,99.6,39.03,40.53,40.71,2.56,1046.1,0.475,0.6508,1
79.73,154.47,32.49,47.61,48.3,3.15,2707.7,0.448,0.7772,1
38.83,127.18,39.11,28.99,80.86,3.16,1895.4,0.452,0.7416,1
28.35,76.62,47.72,40.96,40.4,3.33,912.8,0.486,0.6101,1
87.91,287.44,58.03,39.15,57.23,9.82,1016.9,0.4,0.9419,1
6.55,66.29,27.1,29.26,79.58,0.29,1448.2,0.403,0.5688,1
34.98,82.57,49.21,42.07,43.01,3.0,3487.9,0.379,0.6434,1
159.84,407.05,59.18,33.52,37.89,18.34,774.0,0.56,0.9808,1
133.1,476.64,61.2,38.74,59.37,17.07,2849.5,0.22,0.9892,1
56.42,176.54,41.38,26.51,24.86,3.36,3056.7,0.544,0.5286,1
19.6,129.29,32.31,38.11,74.8,1.53,3352.5,0.384,0.7022,1
6.69,32.4,46.06,34.42,72.37,0.54,2195.8,0.33,0.5001,1
183.67,573.97,73.51,48.3,55.57,27.16,530.3,0.355,0.9986,1
69.18,186.5,44.11,25.08,33.2,7.28,276.5,0.558,0.6909,1
141.8,468.11,59.18,37.19,79.21,16.38,1661.6,0.287,0.9939,1
150.54,397.32,72.72,38.09,55.85,22.86,1357.4,0.355,0.9893,1
22.07,54.49,45.76,44.96,62.69,2.04,3045.4,0.412,0.6812,1
64.77,185.93,57.67,40.8,90.87,5.69,2170.2,0.351,0.9386,1
11.21,28.99,31.55,43.25,48.49,0.87,2982.6,0.39,0.4619,0
65.39,152.66,45.5,46.66,54.32,5.4,2082.6,0.325,0.8279,1
24.07,89.47,32.62,49.94,57.55,1.04,950.4,0.358,0.599,1
47.43,127.99,28.76,34.62,37.76,3.41,858.6,0.406,0.6569,1
47.51,146.81,40.39,39.91,82.34,3.92,1504.5,0.237,0.8058,1
15.61,38.34,46.03,49.01,74.93,1.43,296.7,0.244,0.7096,1
129.34,300.65,46.81,58.66,81.59,14.48,1841.1,0.338,0.9806,1
94.73,277.5,54.38,51.2,82.59,9.81,1099.6,0.212,0.9727,1
1.99,7.43,44.7,36.08,62.5,0.15,350.7,0.456,0.4515,0
37.37,135.31,37.83,31.11,85.96,2.02,1766.1,0.257,0.7954,1
28.14,100.57,38.25,38.78,68.18,2.43,2315.3,0.35,0.7083,1
58.35,152.84,44.07,45.48,48.69,4.19,532.4,0.466,0.7463,1
25.07,64.25,45.09,38.85,48.23,2.12,2208.3,0.456,0.603,1
32.03,68.82,43.82,38.64,87.31,2.61,3311.7,0.277,0.7248,1
45.56,105.02,44.43,48.93,56.89,4.38,1442.6,0.35,0.7441,1
53.43,170.31,47.81,35.83,87.65,5.34,3439.7,0.474,0.8624,1
13.06,86.35,41.68,49.83,55.62,0.95,2780.4,0.491,0.7372,1
43.18,167.86,43.93,36.92,75.14,3.33,231.7,0.328,0.8471,1
178.57,463.97,61.07,35.0,75.48,16.92,3319.1,0.349,0.992,1
22.45,80.28,43.96,37.99,88.98,1.62,1883.0,0.352,0.7691,1
35.32,119.15,51.39,46.16,70.67,3.86,2181.9,0.419,0.8,1
38.94,118.69,42.06,28.53,72.03,3.16,2210.4,0.587,0.6388,1
275.55,511.89,85.49,31.15,64.05,29.83,1490.8,0.299,0.999,1
34.59,93.5,29.33,54.84,52.22,1.89,1665.6,0.359,0.701,1
172.54,402.6,58.98,30.43,56.27,24.85,1911.9,0.391,0.9883,1
61.36,152.24,33.15,40.63,77.85,2.73,3386.5,0.403,0.8533,1
210.21,503.66,65.52,40.92,90.85,18.41,920.9,0.3,0.9977,1
33.98,161.79,53.82,38.78,83.43,3.78,3218.2,0.383,0.8079,1
14.0,58.12,46.79,42.63,77.3,1.6,3420.3,0.39,0.6993,1
62.45,206.81,37.09,32.22,84.13,2.86,1602.0,0.425,0.8691,1
127.2,366.43,71.34,40.27,70.76,14.95,1015.7,0.366,0.9887,1
26.45,93.34,47.5,36.1,85.12,1.62,1724.1,0.376,0.7128,1
21.25,99.09,54.79,43.1,45.97,1.8,535.2,0.324,0.6269,1
47.92,145.17,47.56,29.15,70.99,4.38,2910.7,0.308,0.7295,1
96.16,204.47,47.16,40.71,65.94,8.05,1238.6,0.451,0.9151,1
52.17,127.61,33.63,30.77,74.31,2.93,1204.0,0.394,0.6877,1
14.91,34.41,26.91,33.66,44.11,0.59,2422.2,0.472,0.3994,0
14.9,41.77,26.3,31.87,73.33,0.79,2052.3,0.359,0.5854,1
21.49,48.74,42.95,30.68,76.09,1.8,2133.1,0.365,0.705,1
21.12,71.54,43.49,48.43,35.38,1.89,1798.9,0.431,0.4887,0
32.39,106.7,35.31,33.86,61.17,2.55,1687.2,0.352,0.6924,1
41.16,137.03,48.23,53.23,58.45,4.26,1241.9,0.37,0.8859,1
279.85,750.0,75.61,56.36,90.14,51.72,1133.2,0.208,0.9999,1
110.66,281.21,64.31,40.72,51.71,10.11,3479.8,0.442,0.9571,1
16.57,46.68,30.53,29.22,52.96,1.23,1529.7,0.511,0.3629,0
181.08,556.47,82.32,36.15,70.03,21.22,1873.0,0.232,0.9975,1
40.33,130.85,49.56,47.39,84.79,4.59,1510.5,0.36,0.8567,1
119.42,259.15,58.08,35.98,66.4,15.43,2596.7,0.323,0.9649,1
30.26,94.72,45.02,26.75,24.25,2.81,773.6,0.501,0.4347,0
35.46,117.15,32.22,40.37,69.14,2.42,371.8,0.574,0.6927,1
8.66,47.5,32.01,49.21,80.68,0.58,3414.3,0.32,0.7301,1
15.76,56.76,47.96,47.32,84.21,1.43,1967.5,0.337,0.7565,1
71.9,176.98,48.93,30.41,81.94,4.37,2017.1,0.331,0.8599,1
18.37,71.71,44.6,43.41,76.36,1.6,1740.7,0.287,0.737,1
119.43,221.93,56.68,31.93,79.75,11.55,364.6,0.312,0.9486,1
15.79,46.07,46.0,31.86,52.87,1.13,2433.0,0.476,0.647,1
131.54,419.24,74.74,50.47,59.08,18.06,2067.3,0.183,0.9907,1
30.31,82.69,41.5,32.82,62.81,2.9,670.6,0.407,0.7045,1
21.57,50.81,41.94,33.22,50.72,1.77,1927.7,0.489,0.5199,1
75.79,271.32,59.24,18.76,8.56,11.02,970.9,0.765,0.6579,1
8.8,62.33,24.28,50.31,46.19,0.37,2312.2,0.283,0.6217,1
34.62,145.73,57.15,47.2,74.04,2.81,2404.1,0.408,0.8259,1
152.82,380.11,52.87,42.16,77.02,13.0,1178.9,0.348,0.9865,1
43.27,134.6,48.0,45.76,38.0,2.88,510.5,0.326,0.6996,1
55.63,199.6,56.19,29.57,91.61,6.53,2833.1,0.357,0.9245,1
58.38,167.23,54.47,38.08,52.0,4.48,2300.3,0.484,0.7988,1
51.03,124.3,37.04,35.58,31.37,3.54,2193.8,0.593,0.6439,1
15.92,77.42,31.42,27.08,92.78,1.2,2173.5,0.346,0.6545,1
21.86,90.7,35.71,38.71,83.61,1.38,2573.5,0.391,0.7872,1
43.11,88.52,39.26,52.85,28.01,2.92,953.7,0.392,0.6222,1
39.07,120.64,43.23,23.94,38.46,2.47,1542.3,0.593,0.5337,1
145.98,288.6,63.18,34.02,37.88,20.11,931.0,0.514,0.9539,1
10.18,74.84,44.95,31.51,51.93,0.73,434.8,0.414,0.4655,0
96.1,258.25,39.41,32.48,74.89,9.42,3192.1,0.358,0.9413,1
128.56,296.5,47.67,52.17,73.32,8.68,353.9,0.429,0.9776,1
27.03,110.99,38.01,38.3,68.76,1.24,352.1,0.337,0.7284,1
182.7,445.5,46.89,38.26,46.63,16.29,1262.7,0.504,0.9852,1
79.69,228.7,48.33,46.1,73.64,4.97,1251.9,0.335,0.942,1
45.55,121.79,31.39,29.66,53.76,2.4,331.1,0.497,0.5989,1
49.66,145.26,43.74,38.73,61.56,3.88,2732.3,0.506,0.7392,1
40.76,109.07,28.7,37.45,88.5,1.78,587.3,0.401,0.7773,1
70.3,154.04,36.51,41.37,56.58,6.34,491.8,0.37,0.8124,1
123.21,387.51,66.19,61.32,48.21,13.44,488.3,0.418,0.9861,1
173.88,401.8,68.16,46.4,43.64,16.45,2326.2,0.42,0.987,1
8.16,35.73,38.08,36.71,70.13,0.39,758.4,0.509,0.4872,0
27.57,76.66,36.67,48.51,34.15,1.62,2108.8,0.505,0.5536,1
28.89,83.71,38.99,30.26,84.65,2.55,863.0,0.405,0.6158,1
57.47,115.55,25.73,23.18,71.86,2.25,2960.6,0.565,0.6259,1
3.17,12.25,25.93,31.41,79.17,0.16,817.3,0.569,0.324,0
3.43,46.69,40.52,35.31,66.3,0.35,1618.3,0.464,0.538,1
89.02,215.88,49.83,39.27,36.73,7.3,2023.0,0.471,0.8713,1
20.37,73.98,24.95,41.84,86.39,1.02,3104.6,0.267,0.6018,1
14.34,52.01,45.63,52.28,30.39,1.3,909.9,0.536,0.4612,0
25.87,95.14,45.39,39.25,56.52,2.32,2247.5,0.32,0.6301,1
15.18,39.51,41.47,39.05,56.78,1.54,302.9,0.349,0.6142,1
201.05,521.48,70.66,24.65,55.44,31.56,2758.5,0.565,0.9929,1
28.62,84.89,28.12,23.54,49.5,0.98,1939.4,0.423,0.3283,0
79.23,204.78,50.35,40.23,48.9,4.93,3318.7,0.349,0.9042,1
35.45,73.54,35.36,37.64,69.47,1.57,2758.7,0.418,0.6794,1
56.53,174.28,49.85,48.97,29.83,4.72,1522.6,0.502,0.8002,1
61.18,181.27,52.68,29.89,64.69,5.71,1572.1,0.434,0.8377,1
27.45,137.88,47.92,22.69,57.28,2.96,221.4,0.437,0.6892,1
36.16,111.31,34.14,37.88,22.51,2.5,2965.7,0.586,0.3664,0
34.95,92.76,40.6,32.46,30.29,3.55,2857.9,0.547,0.382,0
97.71,286.87,44.51,24.61,33.88,9.71,2076.2,0.543,0.8587,1
19.2,69.72,47.6,44.95,59.49,2.13,1438.9,0.313,0.657,1
29.4,92.61,35.87,27.91,57.35,1.51,2856.3,0.505,0.5523,1
140.93,449.77,64.55,41.66,74.51,18.5,2213.9,0.333,0.9937,1
24.74,99.12,27.18,33.73,59.62,0.94,826.4,0.475,0.6321,1
6.57,31.64,30.92,30.36,66.81,0.42,999.6,0.519,0.4509,0
28.69,127.78,45.57,36.28,38.81,2.94,2198.7,0.6,0.5566,1
148.37,379.35,68.95,47.52,68.82,16.27,2437.6,0.427,0.9921,1
61.87,169.94,39.02,36.58,73.49,3.42,573.8,0.335,0.8128,1
26.1,49.74,35.06,45.78,69.46,1.38,2971.0,0.256,0.5685,1
53.1,149.24,32.06,28.51,22.63,3.84,1861.2,0.559,0.5001,1
99.88,243.92,67.79,46.51,58.22,12.94,859.5,0.381,0.9746,1
16.18,48.3,39.99,32.44,73.56,1.23,2066.0,0.493,0.5938,1
21.75,72.55,21.18,43.54,40.51,0.9,3091.7,0.444,0.3741,0
16.02,68.42,27.51,40.59,61.83,0.81,381.8,0.479,0.5377,1
54.46,145.74,38.55,53.35,33.81,4.88,929.2,0.431,0.8363,1
71.59,215.49,41.71,36.46,85.62,5.55,2058.7,0.353,0.9105,1
183.6,445.18,67.27,25.63,44.43,24.39,206.1,0.656,0.9857,1
34.03,85.11,29.56,22.11,44.2,2.49,793.3,0.663,0.312,0
95.14,285.6,49.89,48.48,41.38,8.51,981.2,0.324,0.9324,1
139.15,393.46,56.46,39.6,33.95,11.34,3117.5,0.506,0.9538,1
60.22,178.92,52.19,46.59,74.48,6.07,1929.9,0.319,0.8945,1
21.71,107.36,37.58,32.36,61.23,1.73,2286.2,0.32,0.7425,1
20.0,90.49,40.96,35.43,92.57,1.12,210.1,0.365,0.6742,1
246.76,750.0,98.0,23.15,48.63,34.11,1476.2,0.521,0.9995,1
39.19,95.26,28.43,55.62,22.21,1.37,1675.7,0.527,0.6486,1
37.33,117.57,27.36,43.27,80.3,2.21,2968.3,0.241,0.8076,1
11.68,51.4,53.83,53.6,46.95,0.92,842.4,0.427,0.6799,1
7.04,63.17,26.06,33.29,50.21,0.44,415.4,0.356,0.3844,0
23.13,60.32,44.22,41.74,82.45,1.91,2922.0,0.338,0.6896,1
70.76,189.2,40.14,43.57,74.14,6.93,899.8,0.285,0.9069,1
33.89,156.2,42.12,34.72,86.55,2.42,2479.7,0.299,0.7966,1
29.39,68.99,37.43,49.34,28.26,2.69,502.1,0.526,0.4674,0
49.02,213.44,59.71,54.53,91.23,7.23,2419.3,0.05,0.9649,1
23.29,72.53,42.31,50.97,26.71,1.35,1596.7,0.511,0.5897,1
43.89,139.15,39.41,45.4,76.23,2.36,3262.5,0.203,0.8455,1
16.2,70.41,47.04,33.63,31.08,1.33,861.4,0.541,0.4563,0
33.46,93.77,36.33,33.74,69.51,2.11,421.5,0.259,0.7916,1
74.44,236.63,42.63,55.78,41.86,6.49,1960.6,0.35,0.8303,1
111.38,275.43,41.97,21.01,54.01,6.29,3228.1,0.528,0.8867,1
34.27,103.1,28.99,44.68,75.51,2.17,871.7,0.295,0.6684,1
85.78,254.23,56.04,44.39,73.28,7.17,2955.0,0.409,0.9385,1
124.92,236.48,65.19,42.04,81.42,11.37,1319.9,0.093,0.9857,1
2.17,8.37,33.52,58.77,34.01,0.16,526.7,0.463,0.4912,0
229.05,744.68,92.97,34.57,64.21,27.78,2146.4,0.501,0.9994,1
27.98,95.23,48.86,35.3,54.64,2.91,1922.4,0.475,0.5773,1
32.15,139.38,49.95,26.33,55.37,2.16,2966.7,0.335,0.6835,1
22.07,74.31,31.97,37.74,67.75,1.53,539.7,0.321,0.7359,1
16.1,65.07,42.37,33.16,34.23,1.52,2329.3,0.547,0.427,0
62.24,269.6,46.77,35.38,37.84,5.71,2247.4,0.45,0.8676,1
22.7,64.88,36.44,48.78,31.49,1.37,3483.3,0.397,0.5435,1
101.39,295.87,44.1,53.75,63.4,6.74,1282.6,0.403,0.9359,1
49.08,118.35,26.81,30.78,74.25,2.96,347.2,0.376,0.75,1
61.97,163.7,34.01,36.11,62.79,2.82,1557.0,0.425,0.7522,1
14.27,37.86,48.54,53.32,87.22,1.71,1732.6,0.109,0.8007,1
35.48,113.83,28.25,25.38,24.43,2.22,1417.5,0.55,0.286,0
10.94,31.44,37.17,27.02,58.81,0.85,2280.5,0.493,0.3587,0
23.68,84.67,49.96,29.97,83.0,2.94,1077.3,0.361,0.7125,1
13.65,28.87,31.59,41.33,19.61,0.9,804.4,0.585,0.2204,0
43.89,98.05,42.16,29.51,26.36,2.47,1694.1,0.624,0.3417,0
57.55,156.83,36.77,56.19,46.5,3.43,2599.0,0.554,0.8157,1
18.04,44.31,35.57,37.83,54.4,1.26,3141.8,0.419,0.485,0
27.32,131.79,51.88,39.06,33.49,2.76,2390.2,0.437,0.6127,1
20.84,44.96,23.24,32.73,34.95,0.59,1445.3,0.588,0.3081,0
111.85,311.8,54.24,38.36,81.38,9.33,2663.9,0.389,0.9643,1
274.85,738.72,78.02,43.11,68.34,46.26,823.2,0.329,0.9999,1
7.72,23.29,34.8,45.79,84.36,0.55,2681.6,0.348,0.6927,1
151.2,346.26,63.06,45.88,44.17,22.57,1787.0,0.336,0.9886,1
24.44,117.21,54.36,40.89,81.27,3.25,1093.7,0.344,0.842,1
26.32,113.73,30.78,51.95,41.41,1.89,2484.5,0.394,0.6914,1
113.17,248.09,44.98,48.11,62.56,9.77,1574.2,0.319,0.9643,1
24.05,73.86,33.43,45.98,49.8,1.53,2246.2,0.359,0.595,1
26.65,85.06,46.57,25.0,81.16,2.09,2390.1,0.519,0.6068,1
65.94,171.35,37.81,20.46,73.76,5.9,1497.6,0.408,0.7351,1
63.66,185.55,45.09,31.67,49.11,6.54,3453.7,0.469,0.7475,1
12.29,63.77,42.37,43.15,49.3,1.15,1708.2,0.407,0.6084,1
188.84,408.18,54.17,37.02,71.69,22.63,3447.6,0.312,0.9925,1
53.38,144.57,38.05,36.82,67.76,4.68,976.2,0.387,0.8228,1
132.21,424.45,46.43,50.96,22.65,14.7,751.0,0.567,0.9671,1
60.77,227.24,57.51,51.5,86.51,7.92,2281.8,0.129,0.9608,1
160.8,501.28,64.89,52.21,55.23,23.58,2005.3,0.355,0.9955,1
34.98,96.44,33.66,34.62,17.03,2.42,1983.1,0.695,0.2435,0
38.35,99.73,42.26,43.94,63.44,2.91,3483.6,0.213,0.7386,1
66.34,156.34,31.76,33.46,18.29,4.04,203.5,0.524,0.561,1
20.22,79.4,38.54,30.95,35.82,1.48,1696.6,0.578,0.3889,0
4.32,74.73,32.76,30.75,80.48,0.32,1212.8,0.204,0.6524,1
20.86,64.59,23.5,35.35,74.44,0.76,1612.2,0.246,0.648,1
74.5,183.04,45.85,37.45,45.17,5.71,3295.9,0.389,0.7679,1
62.87,164.31,59.96,48.64,93.77,7.25,2868.1,0.191,0.928,1
27.72,67.16,48.6,28.27,39.55,3.34,865.5,0.498,0.5209,1
13.49,28.9,49.73,45.27,43.98,1.23,2524.0,0.453,0.4678,0
127.78,307.88,59.74,39.76,66.87,10.41,2112.8,0.294,0.9816,1
12.84,33.91,41.61,33.92,82.77,1.11,1546.7,0.279,0.6327,1
63.51,215.92,45.64,38.86,65.08,5.8,1328.5,0.4,0.9009,1
175.64,426.16,69.6,34.25,44.28,28.12,2174.8,0.568,0.9887,1
104.1,367.95,55.6,41.35,34.03,13.38,1747.8,0.458,0.9494,1
13.54,43.34,36.43,37.54,62.94,0.76,2014.1,0.523,0.5498,1
65.64,172.94,60.02,30.03,75.58,4.96,2750.8,0.389,0.8329,1
25.18,94.26,27.06,28.13,91.79,1.51,3391.1,0.352,0.642,1
28.82,78.56,37.66,40.12,44.57,2.22,1555.8,0.401,0.6819,1
142.24,474.76,76.98,51.85,16.63,15.15,1607.5,0.515,0.9829,1
63.47,119.9,46.65,35.4,30.68,7.35,2974.2,0.616,0.6255,1
19.91,60.98,25.54,45.21,32.21,1.22,628.5,0.514,0.4139,0
93.4,281.13,40.16,43.01,55.15,8.03,2842.8,0.331,0.9408,1
150.35,333.6,59.45,53.5,51.18,11.35,1490.9,0.368,0.9852,1
57.79,126.52,50.76,48.25,46.86,4.33,1570.0,0.34,0.7916,1
65.13,122.29,46.96,40.61,44.12,4.96,1178.8,0.439,0.7713,1
47.89,98.86,31.56,42.97,48.51,1.92,605.0,0.497,0.5877,1
37.65,98.81,34.15,51.64,81.14,2.93,2659.4,0.237,0.8396,1
13.04,39.51,46.17,36.75,82.19,0.78,3166.1,0.389,0.6135,1
17.54,41.89,46.36,34.96,63.8,1.19,1856.9,0.516,0.6198,1
213.22,436.8,61.42,21.08,65.42,21.15,832.9,0.483,0.9954,1
68.81,127.64,35.28,48.47,48.66,3.96,1223.4,0.354,0.7063,1
11.09,124.94,43.71,47.5,34.17,0.75,478.5,0.6,0.6389,1
36.39,118.85,29.31,27.59,33.39,2.64,2940.8,0.405,0.4714,0
59.19,129.9,44.28,40.86,44.82,6.42,1918.4,0.471,0.7867,1
12.72,31.32,25.43,38.21,93.94,0.65,3429.7,0.209,0.7204,1
96.27,219.38,48.61,28.22,35.97,6.38,2748.9,0.554,0.7315,1
39.92,100.51,43.97,57.47,64.06,3.72,2596.4,0.372,0.7922,1
49.04,147.4,45.51,31.75,69.0,5.51,1645.4,0.427,0.7127,1
25.65,55.63,38.21,25.69,95.64,2.45,1351.0,0.508,0.5511,1
40.45,89.63,34.51,41.32,91.98,2.79,1110.6,0.406,0.8438,1
4.34,56.65,32.16,45.39,87.02,0.2,3462.1,0.302,0.7248,1
47.37,148.87,41.33,23.34,49.34,4.47,961.5,0.701,0.4573,0
76.28,200.27,62.1,43.02,61.28,9.52,684.2,0.414,0.8807,1
12.19,72.47,47.89,39.78,28.48,1.04,1754.0,0.476,0.5112,1
109.53,252.32,50.44,27.53,34.26,7.71,1909.3,0.484,0.89,1
14.67,34.48,29.47,30.32,53.16,0.65,785.5,0.513,0.4047,0
1.43,3.65,35.89,40.64,74.22,0.1,1354.1,0.371,0.525,1
123.79,268.67,57.03,34.15,73.55,10.86,1165.5,0.409,0.9552,1
154.92,488.22,82.32,53.93,83.9,23.23,2646.9,0.225,0.998,1
27.98,65.11,45.36,48.16,85.45,2.7,1811.4,0.302,0.8146,1
121.27,282.22,63.65,57.83,49.33,19.17,2765.0,0.532,0.9706,1
14.72,39.86,43.18,33.12,60.24,0.8,503.6,0.458,0.5058,1
219.93,590.25,64.0,56.35,58.26,31.47,1243.0,0.418,0.9994,1
45.32,124.95,51.46,37.48,44.3,3.19,1184.4,0.555,0.6473,1
121.53,270.62,40.95,35.49,42.72,12.08,1712.6,0.375,0.9016,1
50.65,157.14,42.22,24.66,68.11,4.71,1529.9,0.477,0.7387,1
10.4,60.22,47.91,24.81,32.56,0.86,1061.4,0.539,0.3318,0
26.93,84.28,47.25,43.97,29.84,2.37,2899.1,0.39,0.5461,1
13.0,62.25,37.62,38.07,74.1,1.02,3192.2,0.203,0.6432,1
33.09,99.18,35.71,32.12,31.06,2.28,2757.8,0.658,0.3505,0
60.11,175.77,47.97,41.81,52.88,7.13,2511.7,0.501,0.8239,1
29.45,74.89,37.09,32.92,81.48,2.73,2143.5,0.293,0.7683,1
84.1,267.71,57.69,40.88,68.75,6.18,1307.9,0.342,0.9468,1
6.68,17.71,33.44,35.78,27.8,0.48,3231.0,0.556,0.2517,0
36.95,127.87,54.18,48.35,49.2,4.35,2340.5,0.425,0.738,1
39.88,115.21,45.32,48.24,16.52,4.03,3135.3,0.499,0.5773,1
88.93,279.57,50.34,38.51,88.24,10.71,1694.6,0.266,0.97,1
33.7,105.01,34.34,35.57,55.19,2.28,1559.9,0.534,0.6073,1
85.77,287.27,54.67,35.86,80.42,7.18,454.0,0.246,0.96,1
189.4,371.72,64.4,47.68,48.22,25.29,1313.4,0.311,0.9911,1
104.62,231.67,41.91,34.99,93.21,7.1,1473.3,0.329,0.9659,1
112.0,350.08,54.73,31.56,79.03,10.08,1830.9,0.374,0.9702,1
38.5,95.52,30.93,26.63,57.08,2.38,1767.9,0.422,0.6733,1
59.3,170.54,46.84,38.27,68.56,4.38,3229.1,0.222,0.8861,1
36.9,138.56,35.43,38.61,78.68,2.75,1874.1,0.391,0.6772,1
46.68,105.37,40.95,49.04,9.31,4.41,2989.5,0.427,0.4711,0
39.18,122.58,33.93,31.95,18.8,3.3,623.8,0.536,0.4735,0
10.2,38.39,37.0,36.31,72.99,0.54,2088.0,0.44,0.4914,0
12.15,26.69,36.39,47.78,51.29,0.79,1975.1,0.371,0.5019,1
18.42,58.1,36.92,48.35,31.06,1.47,714.3,0.339,0.4865,0
43.54,96.32,38.67,36.4,55.0,3.28,1008.9,0.367,0.4871,0
54.94,139.27,42.48,38.1,55.83,3.0,1851.1,0.557,0.7341,1
45.52,176.46,32.79,34.34,64.13,2.47,1920.1,0.391,0.7709,1
77.16,184.38,39.43,53.56,38.47,6.79,3170.2,0.378,0.9078,1
278.4,750.0,75.62,28.22,34.51,38.75,742.8,0.609,0.9993,1
5.16,54.9,24.34,53.64,94.47,0.26,1205.6,0.176,0.7423,1
155.89,353.64,48.2,43.73,81.02,15.28,992.2,0.521,0.9851,1
17.51,45.72,31.59,39.76,83.54,1.34,2782.6,0.345,0.7839,1
32.41,95.42,37.61,23.36,80.55,2.82,912.5,0.461,0.6502,1
148.76,420.62,61.47,38.47,59.74,15.06,3165.9,0.319,0.9869,1
32.78,98.96,47.35,36.94,51.37,2.87,3270.8,0.411,0.6547,1
56.71,197.27,49.5,29.91,45.76,5.11,569.5,0.536,0.7304,1
89.7,212.95,48.37,42.95,60.2,6.78,915.7,0.398,0.904,1
70.82,200.41,36.18,56.48,67.33,5.14,1468.3,0.257,0.9013,1
39.1,105.38,41.48,40.5,86.93,2.5,3061.4,0.353,0.839,1
8.6,26.19,40.94,44.64,41.68,0.5,602.3,0.515,0.4005,0
28.54,103.61,29.91,25.76,16.98,1.15,1336.9,0.765,0.245,0
27.86,115.2,43.62,37.17,25.1,1.91,2514.3,0.46,0.5133,1
80.29,230.38,47.32,28.12,30.43,6.9,2586.3,0.757,0.7217,1
35.26,109.03,37.2,41.78,24.12,1.77,1376.1,0.652,0.5476,1
47.11,150.41,45.38,53.94,80.65,4.44,3378.5,0.417,0.868,1
2.44,17.21,20.32,43.1,75.88,0.12,1363.1,0.306,0.5259,1
69.3,217.54,53.29,26.22,48.7,6.48,2224.6,0.545,0.7651,1
65.25,167.52,32.62,35.67,93.0,4.97,2230.7,0.372,0.8808,1
16.93,48.84,30.0,40.22,38.18,0.71,2841.4,0.423,0.435,0
54.23,168.54,49.38,36.84,86.97,3.48,1377.6,0.225,0.8896,1
123.53,397.31,64.04,48.75,24.11,17.86,1554.0,0.424,0.9709,1
48.77,206.77,39.8,48.01,38.33,4.79,1580.1,0.479,0.6507,1
70.98,226.44,50.71,41.75,84.63,5.91,393.7,0.283,0.9199,1
45.02,100.26,35.64,36.13,47.55,3.3,2617.7,0.638,0.5056,1
84.76,264.75,43.15,32.99,37.34,7.5,2736.5,0.55,0.8605,1
38.42,137.02,51.49,27.65,71.2,4.14,2908.1,0.473,0.7075,1
16.59,51.72,34.39,35.67,50.46,1.11,2557.5,0.402,0.5738,1
39.03,165.28,37.71,37.07,73.77,2.26,2155.4,0.397,0.7859,1
267.25,750.0,98.0,43.5,74.3,34.18,2062.0,0.322,0.9999,1
41.37,91.47,33.05,43.0,74.48,1.66,2324.2,0.261,0.7856,1
210.46,675.89,76.69,25.85,71.73,23.15,226.6,0.436,0.9982,1
21.62,48.55,24.4,36.65,27.79,0.72,1678.1,0.668,0.3067,0
39.27,79.1,33.86,30.65,46.63,1.66,331.1,0.416,0.4413,0
21.22,74.27,28.77,29.75,66.01,0.8,1811.6,0.34,0.6088,1
29.86,101.83,43.33,48.5,64.89,1.63,690.8,0.193,0.7528,1
18.92,81.34,36.98,24.07,73.29,1.34,230.8,0.227,0.6487,1
37.47,118.3,43.72,37.21,61.63,2.09,2610.5,0.513,0.6484,1
31.46,69.79,43.35,30.17,82.95,3.4,2525.0,0.451,0.696,1
256.03,513.41,67.19,50.71,35.39,31.86,1476.1,0.578,0.9977,1
127.86,407.63,61.92,40.37,76.45,18.77,416.1,0.35,0.9918,1
14.29,51.04,40.3,32.27,30.78,1.06,3417.3,0.487,0.3609,0
23.85,79.44,34.03,39.08,73.56,1.12,697.7,0.325,0.7016,1
150.78,467.15,67.68,45.16,19.96,23.4,1811.5,0.493,0.9837,1
52.92,175.41,37.34,55.35,68.76,2.98,1097.8,0.344,0.8594,1
92.2,271.64,45.38,31.93,74.18,5.24,636.8,0.505,0.9168,1
85.47,202.67,43.91,51.04,53.24,5.44,1892.2,0.505,0.8882,1
27.02,65.0,38.75,53.67,54.36,2.07,846.5,0.381,0.5975,1
45.4,128.72,58.3,52.61,78.55,4.67,1390.6,0.232,0.923,1
14.87,44.88,26.88,42.38,52.18,0.56,2201.5,0.454,0.4932,0
143.74,385.94,63.78,42.23,36.44,17.35,1476.6,0.4,0.9711,1
126.97,246.62,43.72,36.84,61.22,13.54,1914.2,0.358,0.9448,1
21.76,48.22,43.87,45.83,46.67,2.05,965.6,0.477,0.4032,0
34.97,70.37,38.02,39.75,93.82,1.71,2496.8,0.217,0.7602,1
39.13,129.26,48.14,43.54,94.65,3.04,2294.0,0.227,0.9073,1
89.87,239.15,64.41,37.42,77.66,12.16,2486.8,0.235,0.9622,1
40.85,147.79,36.75,45.16,54.68,2.07,1321.2,0.372,0.6894,1
141.77,367.33,72.68,48.39,23.36,19.58,3303.6,0.605,0.9757,1
31.93,75.39,37.36,29.35,52.25,2.28,2259.3,0.534,0.4558,0
71.4,247.13,56.47,48.72,65.98,5.3,619.8,0.378,0.9046,1
53.37,137.61,35.6,39.97,44.0,3.78,3417.7,0.397,0.7315,1
152.27,413.74,75.32,49.19,83.17,27.18,2077.4,0.243,0.996,1
53.49,141.5,38.61,37.48,48.87,4.23,2504.8,0.281,0.726,1
94.35,186.73,48.93,36.26,81.94,11.03,1428.4,0.405,0.9241,1
115.98,277.2,64.54,52.53,75.48,14.95,1659.5,0.345,0.984,1
180.13,569.23,77.82,32.87,57.2,30.52,2617.2,0.502,0.9975,1
25.95,103.62,41.68,49.17,47.3,2.55,3055.6,0.506,0.6273,1
81.05,170.81,37.42,38.66,80.14,5.47,3369.6,0.37,0.8843,1
15.29,60.26,41.89,39.35,21.15,0.9,3467.0,0.429,0.4072,0
126.26,406.83,68.05,34.48,20.89,11.64,2164.3,0.57,0.94,1
200.16,449.98,60.44,40.77,32.71,29.51,488.6,0.586,0.9919,1
36.39,129.18,49.94,34.92,61.15,3.47,2108.8,0.454,0.713,1
43.54,102.58,27.99,23.88,61.81,2.55,874.6,0.488,0.486,0
150.57,483.73,67.85,33.47,46.55,20.38,2339.5,0.462,0.9878,1
36.03,129.98,44.96,20.37,62.11,3.13,1307.7,0.586,0.634,1
47.86,201.89,29.52,57.22,47.5,2.72,1923.1,0.276,0.7881,1
14.17,48.59,20.3,55.99,68.25,0.52,2381.1,0.203,0.6981,1
14.55,97.42,41.74,36.65,54.7,1.43,3197.4,0.5,0.4998,0
152.76,366.45,55.06,45.06,81.63,11.41,2816.0,0.353,0.9889,1
302.96,750.0,97.57,35.44,71.22,62.98,269.7,0.494,0.9999,1
52.98,131.69,51.9,43.36,51.37,5.73,704.9,0.293,0.7777,1
68.92,150.33,33.35,47.67,49.99,2.94,3066.9,0.448,0.7676,1
226.15,741.45,98.0,54.5,58.74,32.85,2652.6,0.369,0.9998,1
32.92,72.01,42.82,36.77,25.49,3.14,688.0,0.605,0.4576,0
12.91,47.28,34.1,46.87,84.28,0.66,2143.4,0.313,0.7262,1
159.14,489.32,74.85,33.3,46.04,23.24,2139.0,0.558,0.9917,1
43.78,129.39,52.86,58.8,49.1,3.03,2757.2,0.256,0.8519,1
41.87,123.05,51.58,22.76,87.34,3.22,2884.3,0.451,0.7713,1
44.49,92.82,44.23,41.54,86.16,4.64,2424.2,0.292,0.834,1
54.84,119.14,42.19,43.04,47.26,3.86,2553.6,0.481,0.801,1
21.39,72.15,42.07,43.85,47.67,2.02,2400.1,0.37,0.6823,1
140.47,363.22,61.42,28.29,83.58,15.72,698.3,0.396,0.9912,1
125.92,319.33,43.85,53.94,55.74,8.94,2459.1,0.382,0.9678,1
20.62,77.51,26.31,30.63,66.55,1.05,1754.7,0.449,0.5125,1
30.31,79.95,31.99,42.04,42.38,1.84,3426.7,0.467,0.4464,0
228.0,613.92,85.45,32.0,93.49,48.32,2539.2,0.269,0.9995,1
37.44,76.54,31.03,34.44,85.29,1.91,1434.6,0.313,0.7078,1
27.57,88.72,47.99,40.12,80.21,2.71,3203.2,0.17,0.8595,1
14.35,71.41,21.95,37.16,77.88,0.66,960.3,0.341,0.657,1
57.31,158.09,51.32,29.87,81.97,5.92,1742.5,0.397,0.8398,1
75.13,168.95,47.47,30.26,61.4,6.5,410.0,0.446,0.8399,1
15.12,81.78,35.35,37.18,77.12,1.19,2274.8,0.274,0.6209,1
68.74,157.83,47.06,45.99,69.96,7.11,2043.2,0.413,0.8964,1
17.37,63.45,53.0,51.62,92.35,2.25,1864.7,0.266,0.8325,1
45.72,121.08,51.99,26.6,67.04,5.87,882.0,0.451,0.7908,1
40.31,117.91,50.37,36.6,72.23,3.0,1831.5,0.327,0.7947,1
56.7,132.02,42.69,27.39,51.23,4.96,1715.3,0.426,0.4961,0
10.03,34.16,24.0,21.82,47.23,0.56,272.1,0.589,0.2464,0
111.26,333.15,50.23,43.1,89.46,13.7,735.8,0.355,0.9805,1
23.85,74.01,48.26,41.51,76.76,1.59,3176.2,0.29,0.7449,1
58.9,169.39,46.38,29.98,31.98,6.65,2803.5,0.406,0.5924,1
46.17,112.86,51.01,32.34,35.35,3.52,595.7,0.55,0.7104,1
199.05,458.49,57.21,22.57,77.85,22.14,3410.0,0.6,0.9929,1
17.71,35.26,27.14,48.8,59.28,0.99,1735.5,0.284,0.5751,1
47.8,153.39,49.89,56.83,80.26,5.59,2675.0,0.24,0.9014,1
17.27,70.63,32.84,28.92,69.3,1.27,1987.9,0.438,0.4973,0
9.2,38.38,30.85,32.27,55.85,0.69,2722.3,0.451,0.3306,0
103.13,257.36,45.92,50.21,45.65,10.53,2386.0,0.5,0.9443,1
20.77,86.49,43.46,53.19,76.59,1.48,414.9,0.195,0.8045,1
73.56,163.62,46.74,37.22,66.78,4.93,3214.7,0.508,0.8434,1
33.04,83.95,30.11,24.67,49.88,1.4,2735.8,0.513,0.5174,1
33.05,80.41,34.28,23.89,18.39,1.49,931.3,0.655,0.2612,0
40.07,160.37,48.58,40.79,44.99,4.7,947.0,0.458,0.7944,1
32.74,93.73,48.47,36.59,63.92,2.91,2466.0,0.396,0.6792,1
16.86,59.98,51.24,23.02,42.4,2.12,2513.1,0.503,0.3653,0
51.7,159.93,42.74,41.02,42.96,4.88,487.3,0.433,0.7286,1
17.71,62.67,25.88,21.15,76.17,1.12,3186.6,0.603,0.4156,0
35.38,124.66,43.63,47.02,75.69,3.6,2664.9,0.405,0.8494,1
62.35,152.97,44.76,34.42,84.26,5.47,3447.3,0.342,0.8774,1
24.08,62.48,33.03,23.95,28.81,1.19,1628.0,0.644,0.2992,0
109.37,299.71,60.72,41.15,12.34,10.16,484.5,0.606,0.8583,1
11.32,28.36,29.08,36.71,57.71,0.55,3188.7,0.26,0.5065,1
230.59,554.18,66.33,56.74,32.52,18.84,2882.5,0.37,0.9967,1
12.45,54.63,41.67,40.06,29.53,1.07,200.7,0.387,0.3985,0
65.55,215.27,58.84,33.56,39.83,7.41,1949.1,0.502,0.818,1
121.16,316.09,58.49,44.48,42.06,9.44,224.7,0.533,0.9344,1
111.8,312.33,66.13,33.46,8.96,16.8,1360.0,0.65,0.9381,1
29.09,96.03,34.37,51.94,61.76,2.27,3069.2,0.347,0.6989,1
5.52,48.43,38.9,36.16,29.44,0.29,2423.6,0.465,0.4215,0
380.0,750.0,79.39,40.2,50.78,44.2,3007.0,0.302,1.0,1
27.35,69.69,34.33,24.67,85.65,1.43,2038.7,0.432,0.6542,1
53.88,103.85,38.62,37.36,35.14,3.92,2754.7,0.496,0.633,1
88.41,276.01,36.7,48.69,24.95,7.88,1804.4,0.489,0.8344,1
26.75,104.21,37.31,47.67,44.34,2.06,1859.2,0.405,0.666,1
46.88,133.77,28.75,32.05,46.84,2.81,2173.4,0.494,0.591,1
19.65,56.56,36.9,32.1,31.37,1.14,664.0,0.514,0.2679,0
23.57,90.06,35.57,48.11,55.91,1.69,2323.4,0.385,0.6907,1
53.52,195.8,36.56,53.43,53.48,2.89,3023.8,0.329,0.8412,1
78.2,208.57,60.19,27.16,69.3,10.0,726.4,0.537,0.8292,1
26.57,72.94,34.94,37.9,57.89,1.4,1443.6,0.387,0.7225,1
0.27,49.16,35.82,35.23,75.1,0.01,3237.0,0.548,0.6035,1
82.29,218.47,45.69,50.31,60.08,7.07,1227.6,0.399,0.9231,1
34.08,108.65,32.18,26.57,54.56,1.74,3088.2,0.374,0.5895,1
17.24,59.14,33.54,31.63,79.43,1.17,2316.0,0.57,0.5542,1
53.84,175.27,48.35,45.83,79.45,5.65,2983.3,0.457,0.8115,1
36.49,104.85,54.19,24.72,45.63,4.47,671.1,0.344,0.652,1
13.58,40.5,44.31,38.85,41.26,1.49,2797.2,0.468,0.4795,0
52.38,165.71,37.27,37.72,51.94,3.75,298.0,0.286,0.7968,1
46.25,162.53,35.04,35.15,65.45,2.96,1502.1,0.302,0.7518,1
56.0,179.01,38.83,36.63,76.39,3.3,1123.4,0.294,0.8504,1
25.96,127.76,30.66,39.72,87.89,1.73,2315.8,0.353,0.7824,1
144.06,316.53,53.6,29.92,59.53,14.11,2723.3,0.448,0.9648,1
100.42,283.57,46.12,40.74,43.96,7.53,1338.8,0.505,0.9098,1
117.71,279.58,60.95,47.67,59.23,12.64,2962.4,0.467,0.9682,1
48.33,120.58,27.79,46.09,58.47,2.26,2020.6,0.256,0.7742,1
165.3,474.25,72.39,29.64,72.1,29.58,2684.8,0.464,0.9951,1
44.05,121.23,49.82,29.46,67.34,3.28,2592.9,0.495,0.7348,1
65.31,172.17,54.84,33.36,55.89,6.23,656.8,0.312,0.8077,1
205.81,453.73,80.58,35.83,26.4,26.53,2613.8,0.687,0.9904,1
191.86,479.95,70.51,36.96,78.91,19.25,2926.8,0.397,0.9956,1
49.54,115.23,31.82,43.61,52.3,2.51,315.6,0.41,0.6635,1
11.28,27.16,32.48,25.06,71.04,0.67,735.9,0.412,0.4381,0
37.57,103.95,38.68,23.52,55.78,2.94,1917.4,0.67,0.4374,0
156.6,453.32,68.47,36.57,45.72,21.47,394.2,0.383,0.994,1
62.02,189.84,46.98,44.12,28.77,6.42,1408.1,0.696,0.7953,1
167.26,458.81,71.76,31.05,60.61,15.52,2970.0,0.231,0.9903,1
51.73,240.59,41.11,42.54,62.76,3.42,533.4,0.311,0.8763,1
40.54,115.37,45.9,33.12,88.06,3.09,661.8,0.332,0.8665,1
77.78,209.97,37.1,51.03,38.16,6.06,593.5,0.493,0.8123,1
27.69,97.35,52.45,51.5,71.14,2.13,1998.1,0.25,0.8424,1
25.19,95.75,24.5,34.17,72.79,0.91,1203.5,0.329,0.7179,1
113.9,278.04,53.64,32.23,47.26,8.09,2893.9,0.494,0.9262,1
10.04,39.07,34.14,37.02,29.85,0.65,2121.2,0.429,0.4203,0
37.17,79.14,49.03,32.55,27.74,3.91,2411.0,0.608,0.3856,0
269.84,488.88,58.17,43.4,38.03,33.07,1214.9,0.313,0.9981,1
127.74,396.88,69.06,48.45,78.91,19.1,1822.9,0.213,0.9932,1
230.16,603.49,73.4,43.42,77.96,24.0,1423.2,0.267,0.9993,1
229.6,527.33,65.6,48.38,23.93,29.56,1841.0,0.476,0.9976,1
122.72,379.02,57.83,36.69,70.52,9.38,2471.3,0.376,0.9801,1
44.93,148.26,49.43,29.73,69.12,5.46,1687.7,0.622,0.7347,1
31.95,98.83,27.14,45.36,43.54,1.16,420.0,0.44,0.4514,0
227.63,468.47,57.09,35.81,77.3,30.42,1423.8,0.344,0.9978,1
37.58,134.33,39.16,43.37,47.74,1.84,3132.1,0.394,0.6293,1
14.22,43.19,45.3,33.43,26.02,1.22,2916.6,0.586,0.293,0
91.38,282.3,37.51,26.45,62.14,7.91,2948.6,0.329,0.8939,1
13.5,57.08,19.61,59.2,37.63,0.54,797.6,0.256,0.5698,1
20.63,107.25,45.37,29.72,67.5,1.72,461.9,0.211,0.6916,1
21.89,61.61,41.38,58.5,43.58,1.24,2883.8,0.287,0.7358,1
7.33,53.75,43.41,57.1,69.39,0.65,2397.6,0.422,0.715,1
36.61,122.9,44.92,47.24,76.84,3.26,1877.3,0.264,0.8255,1
21.9,69.04,37.82,43.04,86.67,1.49,2467.6,0.176,0.7069,1
182.76,528.0,71.16,40.89,73.99,19.58,3271.9,0.368,0.9972,1
217.21,483.33,66.65,50.11,38.78,21.52,626.1,0.522,0.9967,1
31.99,105.22,57.49,33.96,73.17,4.53,759.4,0.427,0.7172,1
17.55,43.79,31.52,38.29,92.6,1.36,2146.6,0.346,0.653,1
29.99,119.95,34.34,41.95,91.66,2.49,2532.4,0.394,0.7662,1
152.48,445.1,68.09,37.02,47.45,19.42,2323.8,0.436,0.9886,1
40.54,130.79,56.84,37.4,61.06,5.73,1038.0,0.308,0.7819,1
34.26,108.37,35.93,35.05,59.26,1.95,2253.2,0.476,0.5941,1
34.63,90.92,31.96,40.55,93.68,1.94,2048.8,0.285,0.7913,1
169.24,405.63,54.48,49.44,18.06,13.16,279.7,0.419,0.979,1
12.59,90.12,28.54,31.32,22.66,0.65,2253.8,0.423,0.3669,0
51.92,182.06,46.63,53.68,35.11,3.49,1688.7,0.494,0.7772,1
9.5,26.37,40.53,43.88,67.92,0.49,3015.9,0.273,0.6892,1
80.86,219.74,39.42,48.34,51.68,3.87,2362.6,0.416,0.8737,1
93.85,265.16,66.91,40.35,47.85,10.62,2004.2,0.406,0.9051,1
134.3,365.36,64.67,46.74,51.2,20.56,3155.2,0.497,0.9805,1
53.52,240.9,54.51,21.78,73.04,5.16,2390.7,0.504,0.8134,1
31.47,79.04,41.96,48.15,57.86,2.69,1026.8,0.403,0.7197,1
318.64,750.0,91.76,23.94,54.6,65.0,1743.0,0.52,0.9999,1
89.38,206.63,52.08,51.22,87.3,8.93,2419.1,0.127,0.9695,1
81.88,198.09,44.51,59.09,62.66,7.04,2908.3,0.305,0.9402,1
15.62,34.7,22.54,34.09,65.63,0.66,1135.1,0.37,0.5152,1
51.91,170.05,44.03,31.6,72.61,3.11,2597.5,0.409,0.8451,1
142.06,431.97,67.9,46.26,65.13,19.55,2453.2,0.333,0.9936,1
25.48,87.46,49.81,32.92,51.26,2.72,685.6,0.347,0.6252,1
17.87,57.52,24.06,50.09,90.92,0.52,704.6,0.242,0.7906,1
23.26,81.3,49.27,27.51,33.28,1.5,1855.6,0.42,0.489,0
11.23,64.69,33.6,28.53,74.21,0.72,1556.8,0.492,0.5422,1
13.71,59.19,45.93,57.31,82.94,1.44,640.8,0.274,0.7612,1
61.14,187.39,47.56,43.44,64.28,5.5,489.3,0.315,0.8539,1
74.53,192.24,44.94,49.28,69.12,5.91,3162.2,0.275,0.9122,1
12.08,42.7,35.73,34.89,29.77,1.04,832.1,0.343,0.4412,0
110.79,358.27,52.72,43.52,85.93,7.59,1413.0,0.302,0.981,1
56.94,124.79,50.78,41.3,67.6,3.99,1738.3,0.326,0.8186,1
108.8,333.71,59.4,41.53,62.68,13.51,474.0,0.517,0.9615,1
7.44,51.25,49.29,43.69,84.81,0.49,656.0,0.306,0.7781,1
17.57,85.67,44.35,40.82,54.48,1.07,1933.9,0.512,0.4871,0
29.81,81.12,31.98,37.43,59.42,2.22,2508.0,0.409,0.5309,1
23.65,95.76,39.15,33.58,68.64,1.36,2986.8,0.504,0.5498,1
166.49,411.32,74.15,46.37,46.09,24.8,3046.3,0.353,0.9918,1
26.69,104.25,53.07,32.11,56.11,2.43,1998.6,0.497,0.6581,1
36.64,81.1,51.73,43.98,83.29,2.61,1146.4,0.271,0.8048,1
22.05,91.5,35.71,32.33,69.96,1.34,2112.6,0.509,0.4966,0
22.81,75.08,37.56,42.11,81.98,1.49,2255.9,0.251,0.7803,1
18.72,93.93,42.01,45.66,81.57,1.59,1146.8,0.263,0.7973,1
106.22,228.65,47.99,31.87,74.86,7.13,2401.8,0.425,0.9476,1
71.82,220.79,38.19,25.26,58.94,3.42,774.8,0.426,0.8784,1
111.31,246.8,38.47,28.74,48.45,8.51,1176.2,0.568,0.8522,1
72.77,267.29,55.13,41.6,84.6,5.16,3269.2,0.355,0.9599,1
159.53,393.33,64.7,49.39,15.48,14.45,1883.1,0.701,0.9626,1
48.16,143.06,36.02,24.29,40.85,4.29,696.7,0.652,0.5417,1
27.83,107.17,30.9,45.24,33.57,1.06,2405.8,0.494,0.4293,0
21.19,60.55,42.96,35.33,63.01,1.85,958.1,0.372,0.6099,1
111.3,347.99,64.24,38.53,47.83,9.87,315.0,0.503,0.9683,1
39.41,108.1,36.33,53.33,71.38,3.25,3077.3,0.278,0.8844,1
2.73,59.81,29.01,35.09,55.35,0.15,1633.6,0.589,0.3947,0
92.01,252.28,49.23,38.24,68.6,8.22,2765.3,0.376,0.917,1
21.73,75.46,50.33,21.47,46.03,1.97,3019.8,0.444,0.5399,1
131.29,404.19,46.67,26.47,62.35,12.7,2092.6,0.463,0.9748,1
37.28,119.1,31.78,33.09,20.44,2.71,519.8,0.591,0.4396,0
61.81,189.13,53.93,22.95,73.61,4.03,1256.7,0.45,0.8051,1
63.81,206.79,51.86,42.27,68.27,4.06,1034.7,0.433,0.8616,1
21.6,85.79,47.03,37.37,90.73,1.58,2193.8,0.221,0.7995,1
101.96,343.25,67.27,40.16,61.56,14.81,1555.8,0.404,0.9752,1
35.39,69.54,35.2,30.4,84.4,1.81,1560.4,0.283,0.6983,1
51.99,146.11,36.17,34.14,78.92,3.25,2360.1,0.133,0.8555,1
24.78,62.74,31.38,43.16,85.1,1.45,305.1,0.268,0.7379,1
40.48,83.53,34.12,55.95,78.49,2.33,636.5,0.188,0.8835,1
18.14,78.2,31.73,24.66,26.16,1.04,3132.1,0.71,0.2979,0
81.96,208.0,58.77,51.24,58.67,10.78,2959.3,0.358,0.9584,1
86.62,277.46,35.32,40.86,73.65,4.58,3305.6,0.356,0.9157,1
28.7,92.81,29.55,40.54,23.51,1.38,892.1,0.536,0.4631,0
195.72,563.0,68.41,39.03,54.97,25.23,1325.4,0.444,0.9972,1
26.15,71.17,29.41,25.81,73.92,1.79,569.0,0.563,0.5389,1
15.87,55.57,27.46,26.89,45.55,0.64,2313.3,0.433,0.3432,0
41.74,146.01,28.33,41.47,84.69,2.23,2778.8,0.147,0.8135,1
30.35,93.29,46.7,35.32,53.09,3.32,2238.9,0.416,0.5763,1
35.81,87.97,40.62,52.65,82.97,1.96,2168.4,0.245,0.8684,1
41.99,94.9,31.5,36.92,66.55,2.83,2848.1,0.412,0.6553,1
7.35,20.92,31.01,29.23,47.93,0.34,491.4,0.627,0.3082,0
17.84,132.2,25.58,44.64,56.14,0.65,2649.1,0.43,0.5033,1
57.97,162.79,49.87,34.07,75.74,4.36,3145.4,0.39,0.8284,1
88.87,256.13,40.21,39.61,48.06,6.63,2331.7,0.507,0.885,1
33.92,74.39,41.87,44.14,70.98,2.82,2457.1,0.292,0.7278,1
20.29,50.72,36.27,51.74,48.27,1.07,2322.4,0.246,0.5863,1
236.37,653.84,71.58,47.19,77.01,22.77,2918.6,0.242,0.9996,1
16.62,43.81,26.97,43.51,70.72,0.8,1509.4,0.361,0.5796,1
38.71,131.71,28.08,43.61,31.35,1.39,3031.8,0.667,0.5242,1
57.89,163.25,47.6,54.44,61.71,5.24,1091.3,0.318,0.8784,1
205.89,585.15,82.86,34.13,64.95,35.62,580.1,0.477,0.9989,1
25.38,101.02,44.88,18.99,74.3,2.77,403.3,0.59,0.472,0
3.97,49.7,39.43,33.47,64.25,0.22,524.6,0.498,0.5438,1
67.73,156.47,50.29,31.85,20.69,6.01,1705.7,0.636,0.6597,1
36.35,89.71,44.64,43.1,74.98,2.49,2164.2,0.378,0.7882,1
84.15,176.49,53.14,42.33,68.92,6.63,2297.6,0.288,0.9289,1
186.92,516.15,64.67,41.28,84.68,22.67,2063.0,0.381,0.997,1
26.89,62.43,42.04,21.78,67.02,1.57,882.8,0.542,0.5123,1
81.84,208.2,43.33,45.08,82.05,4.33,3056.8,0.106,0.9506,1
9.81,29.88,29.67,34.87,56.13,0.41,896.0,0.461,0.3769,0
29.05,107.8,51.95,43.19,22.64,2.47,2924.9,0.49,0.6001,1
59.58,133.24,52.97,40.36,72.48,3.83,2556.7,0.288,0.8646,1
380.0,750.0,89.43,35.37,60.75,65.0,1372.3,0.438,1.0,1
98.52,225.92,44.53,28.88,87.57,8.59,1592.7,0.338,0.9458,1
8.09,50.23,27.84,27.12,40.93,0.28,2885.3,0.664,0.3002,0
330.31,750.0,86.33,48.66,73.1,42.69,3451.2,0.33,0.9999,1
131.55,397.53,63.0,52.72,60.08,17.1,1002.6,0.241,0.9933,1
7.64,17.21,30.43,42.77,57.77,0.29,2472.7,0.519,0.4421,0
26.87,138.51,48.45,27.54,98.84,2.2,445.2,0.236,0.823,1
34.88,95.47,43.82,36.81,45.36,2.03,466.8,0.658,0.5945,1
39.8,87.36,30.21,45.08,72.1,2.05,1688.2,0.356,0.7084,1
21.85,115.67,33.59,46.75,28.64,1.8,260.6,0.413,0.6348,1
10.59,23.14,36.1,28.2,60.25,0.68,3204.5,0.517,0.5399,1
81.38,241.04,54.55,18.16,55.69,8.87,1474.9,0.541,0.7735,1
44.6,91.84,49.73,44.56,19.92,3.84,1458.0,0.426,0.7014,1
158.12,474.3,79.2,35.71,70.1,20.16,1275.2,0.348,0.9953,1
20.57,92.8,30.06,32.96,55.13,1.23,1186.2,0.576,0.4236,0
51.67,154.18,24.8,21.37,50.79,2.57,507.8,0.565,0.4662,0
48.75,133.34,41.91,39.97,33.83,4.09,2204.5,0.395,0.5348,1
138.92,477.05,80.99,49.46,58.84,13.89,1036.1,0.442,0.991,1
151.11,348.44,51.43,55.31,68.06,16.36,1345.2,0.349,0.9895,1
56.1,193.77,53.75,40.59,83.08,6.27,1309.2,0.176,0.9098,1
168.82,422.46,58.72,39.36,36.24,12.8,1320.8,0.575,0.9746,1
35.53,117.71,40.39,26.65,61.81,2.08,3102.1,0.572,0.5392,1
38.2,100.67,52.01,40.17,62.91,3.73,1754.2,0.348,0.7502,1
30.6,81.63,37.39,36.29,62.04,1.91,1882.9,0.454,0.587,1
65.54,184.21,47.23,41.63,56.91,6.03,2787.3,0.565,0.8009,1
19.31,48.66,34.84,36.5,43.05,1.47,1216.0,0.413,0.5255,1
49.8,142.64,49.95,32.54,67.21,4.76,2709.7,0.534,0.8133,1
33.16,114.14,39.73,27.14,20.92,2.37,795.6,0.702,0.221,0
83.03,248.79,60.11,34.65,55.56,7.7,2537.6,0.362,0.9141,1
125.93,266.82,53.74,27.22,28.5,13.54,674.7,0.447,0.9039,1
112.73,369.4,53.39,30.48,72.13,13.7,2473.4,0.361,0.9569,1
64.9,139.21,31.21,58.34,71.72,3.12,1747.2,0.189,0.8781,1
43.8,89.24,27.75,37.77,75.1,2.7,415.3,0.304,0.7148,1
83.41,231.93,48.03,39.77,51.31,6.98,2183.2,0.497,0.8937,1
110.02,267.5,39.94,50.45,29.43,5.91,2481.7,0.504,0.8826,1
53.89,161.01,30.26,59.84,10.65,3.89,867.0,0.523,0.5706,1
21.97,72.0,39.4,41.01,26.52,1.81,3286.4,0.482,0.5413,1
11.56,50.39,50.37,47.93,94.08,1.34,950.5,0.47,0.7339,1
93.16,232.06,44.27,34.96,85.42,8.46,1227.4,0.474,0.924,1
17.78,41.64,31.66,34.4,75.06,0.77,2628.7,0.401,0.4643,0
26.57,71.28,33.81,36.82,20.87,1.71,861.2,0.601,0.3348,0
102.55,285.22,46.06,43.4,59.9,9.56,3240.3,0.407,0.9505,1
33.35,110.52,36.37,43.68,74.01,1.87,2315.2,0.356,0.7512,1
8.1,26.12,42.29,34.66,40.88,0.69,2671.2,0.562,0.2989,0
23.51,129.81,48.86,28.83,62.83,2.22,592.6,0.444,0.6336,1
102.45,284.31,62.29,42.3,83.66,7.84,2911.6,0.265,0.9722,1
22.0,77.64,29.83,28.63,90.62,1.54,2077.2,0.381,0.6455,1
7.27,22.52,34.82,40.9,90.31,0.48,2739.5,0.261,0.7396,1
91.73,239.98,44.33,44.01,41.15,7.97,436.3,0.421,0.9085,1
45.73,173.81,54.6,44.22,48.07,3.49,2207.9,0.305,0.8602,1
280.8,750.0,87.64,45.87,71.33,55.25,2475.7,0.367,0.9999,1
169.06,481.39,75.73,50.41,75.62,24.21,1832.6,0.322,0.9973,1
14.47,65.71,44.3,39.02,15.08,0.84,2956.5,0.575,0.3635,0
66.26,203.23,48.58,45.12,65.83,6.8,3300.7,0.329,0.8908,1
15.79,51.0,45.66,41.95,67.25,1.32,935.7,0.394,0.5929,1
14.85,95.41,41.57,30.82,79.96,1.01,400.2,0.401,0.6761,1
121.15,382.04,67.21,22.75,32.38,19.53,2751.1,0.534,0.9465,1
42.38,117.48,25.4,33.82,65.34,2.44,1786.3,0.508,0.627,1
191.84,531.78,79.05,37.75,47.77,19.04,391.6,0.333,0.9969,1
27.98,102.15,46.13,41.89,57.04,2.72,494.1,0.478,0.8001,1
51.24,169.58,44.77,49.41,82.21,3.27,951.6,0.308,0.8914,1
157.12,467.58,71.85,31.14,67.19,13.79,215.0,0.478,0.9922,1
52.75,162.08,56.16,28.51,75.24,4.4,1751.2,0.381,0.8627,1
83.43,202.04,49.02,55.79,89.05,5.16,1422.0,0.185,0.9705,1
137.45,356.05,63.05,27.75,55.6,17.59,350.9,0.442,0.9691,1
14.83,49.69,30.09,38.53,88.71,0.98,995.3,0.376,0.6797,1
68.2,193.95,47.77,41.08,73.54,4.66,2642.1,0.368,0.9023,1
27.69,90.97,36.65,39.99,11.95,1.49,2864.4,0.492,0.3796,0
118.37,334.25,42.48,26.7,80.56,6.91,213.3,0.396,0.9559,1
24.27,84.38,46.58,25.08,50.71,2.18,551.1,0.505,0.5034,1
9.36,95.87,32.3,27.63,55.24,0.56,3494.3,0.565,0.3663,0
58.12,125.89,46.21,41.08,64.64,3.24,2340.9,0.259,0.8354,1
74.58,254.51,47.18,40.06,39.22,5.91,2460.1,0.471,0.859,1
162.74,429.09,62.59,32.34,58.44,13.39,1451.9,0.48,0.9825,1
62.36,198.44,53.71,42.44,67.14,6.54,1864.5,0.264,0.8987,1
18.6,70.44,40.38,48.22,29.22,1.36,1875.7,0.371,0.5717,1
34.27,97.97,45.02,24.05,54.75,2.77,1348.0,0.479,0.4887,0
112.17,315.85,57.15,38.98,54.06,13.82,2476.1,0.317,0.973,1
121.32,435.76,73.05,43.89,76.4,15.93,2089.6,0.287,0.9941,1
40.45,121.03,37.59,32.9,72.47,2.79,3314.2,0.345,0.7508,1
155.84,309.64,63.0,34.46,79.01,19.86,222.5,0.426,0.988,1
36.52,87.6,46.38,41.8,83.33,2.7,3121.0,0.324,0.8116,1
19.38,55.88,36.88,51.62,81.05,1.73,3331.9,0.379,0.675,1
14.55,41.57,41.71,47.83,60.85,0.95,685.8,0.395,0.5672,1
78.61,246.49,50.67,41.02,4.67,9.51,932.5,0.677,0.7366,1
33.7,83.66,49.39,45.12,46.04,3.76,366.8,0.4,0.7188,1
3.36,67.9,41.8,35.92,76.68,0.33,975.8,0.493,0.5159,1
13.34,36.96,37.87,42.53,52.25,0.73,2309.7,0.309,0.6201,1
0.76,3.14,29.95,38.26,20.51,0.03,915.5,0.36,0.2044,0
74.95,189.93,54.52,30.93,41.89,9.41,3011.9,0.475,0.8186,1
14.29,54.8,26.38,44.25,63.34,0.92,3218.0,0.497,0.5792,1
47.13,97.94,48.47,40.36,82.18,4.98,291.4,0.396,0.8165,1
25.82,94.24,35.17,35.76,80.27,1.84,1872.9,0.306,0.7372,1
9.0,64.12,40.65,52.32,69.35,0.82,251.6,0.2,0.5935,1
101.64,277.99,48.73,22.29,88.09,6.21,2243.5,0.223,0.9535,1
46.25,146.19,38.7,34.67,69.62,4.14,1346.6,0.377,0.7325,1
21.55,62.22,30.5,25.08,89.01,1.03,2991.4,0.323,0.5036,1
152.15,383.53,70.1,46.3,47.35,13.58,3227.7,0.452,0.9822,1
12.5,64.15,31.87,44.26,69.1,0.83,1845.0,0.428,0.7085,1
30.32,143.67,38.41,35.08,60.05,2.54,3343.7,0.417,0.727,1
41.91,104.94,38.79,43.49,68.07,3.28,3060.3,0.268,0.8249,1
16.88,61.88,43.36,36.67,47.92,1.21,518.9,0.477,0.5658,1
28.99,181.24,47.88,45.96,67.5,1.88,1375.2,0.446,0.7852,1
16.85,56.48,26.86,37.99,87.74,1.0,1323.5,0.336,0.6906,1
36.98,128.25,50.24,37.05,64.2,2.34,1202.0,0.395,0.8108,1
14.28,43.75,26.3,53.7,60.62,0.82,2831.5,0.253,0.6223,1
23.78,167.89,31.99,32.86,79.35,1.86,1193.0,0.463,0.6475,1
31.61,77.75,41.48,28.3,70.34,3.27,1451.4,0.445,0.6018,1
154.15,427.61,57.21,41.05,60.83,15.13,483.0,0.375,0.9889,1
55.69,120.11,37.7,56.31,42.46,2.82,1915.8,0.339,0.8157,1
7.37,20.73,33.52,36.23,60.87,0.33,586.4,0.423,0.3395,0
58.15,193.41,42.51,25.39,25.64,4.55,3068.1,0.459,0.6363,1
31.78,108.33,50.19,35.28,50.53,3.56,2834.6,0.291,0.6789,1
27.05,88.5,45.92,39.16,70.89,1.57,1197.5,0.31,0.747,1
221.34,541.23,56.08,29.94,90.94,17.61,215.1,0.408,0.9979,1
48.45,141.05,45.83,43.0,83.11,4.36,436.0,0.243,0.8873,1
76.88,187.91,28.52,60.46,25.75,2.88,919.3,0.405,0.7926,1
123.42,365.23,60.02,37.94,35.65,17.35,1843.9,0.513,0.9549,1
145.66,466.82,74.29,35.67,86.34,20.06,2613.1,0.307,0.9949,1
82.85,183.89,45.61,36.78,65.88,6.44,526.5,0.207,0.904,1
264.42,670.18,80.83,28.07,65.44,26.02,2537.5,0.481,0.9991,1
123.01,411.55,77.05,50.9,72.89,12.77,2004.0,0.502,0.9914,1
41.79,128.31,29.87,37.11,41.01,2.84,2244.8,0.378,0.6422,1
112.52,382.22,49.82,36.46,65.79,11.82,3261.7,0.475,0.9613,1
145.45,447.59,76.41,43.04,56.54,13.63,3344.7,0.23,0.993,1
58.09,152.21,59.45,37.72,83.69,8.52,2633.3,0.42,0.8979,1
64.43,138.56,34.71,42.73,53.04,3.71,2485.8,0.238,0.8133,1
182.16,384.53,57.71,25.35,60.3,20.9,2717.0,0.483,0.9762,1
77.47,163.56,32.71,47.97,38.72,5.42,2421.0,0.434,0.8462,1
32.47,94.43,45.41,54.07,86.08,3.6,233.9,0.316,0.895,1
17.06,56.74,30.2,42.74,69.03,1.21,3489.1,0.442,0.527,1
177.96,454.56,66.9,55.07,52.02,23.53,2301.9,0.328,0.9951,1
284.33,581.4,60.61,29.54,37.42,23.8,1812.6,0.476,0.9986,1
29.34,96.11,44.14,38.51,40.98,2.98,1694.1,0.428,0.6792,1
22.91,56.59,45.39,41.49,37.57,2.35,972.9,0.444,0.4797,0
49.02,97.45,31.33,40.98,55.3,3.12,1774.0,0.428,0.7039,1
95.08,206.9,56.46,36.8,75.95,13.35,2620.4,0.383,0.9454,1
302.57,750.0,80.24,35.25,83.35,45.81,1039.0,0.301,0.9999,1
29.69,96.42,53.45,28.56,39.09,2.35,2989.3,0.567,0.588,1
27.23,105.67,44.73,36.57,70.86,1.86,895.4,0.434,0.6609,1
126.56,330.13,62.78,29.96,94.85,13.73,3032.6,0.528,0.9793,1
27.51,59.84,44.09,45.25,38.09,2.12,2127.2,0.55,0.4314,0
46.54,129.07,37.5,31.56,70.29,3.98,2964.3,0.448,0.7017,1
28.27,102.38,33.75,25.18,47.5,2.25,1575.9,0.496,0.5035,1
166.91,327.2,63.72,40.26,53.46,18.06,1260.2,0.277,0.9911,1
20.72,73.72,33.93,41.33,47.15,1.71,2502.2,0.301,0.5837,1
1.92,22.53,20.29,50.37,36.65,0.09,1397.8,0.486,0.3804,0
21.53,44.65,30.65,40.86,59.51,1.14,3344.2,0.399,0.5862,1
20.41,63.53,40.46,35.44,87.64,1.92,2643.7,0.251,0.7554,1
24.21,80.92,42.94,47.58,36.75,1.4,1617.3,0.426,0.5464,1
8.53,48.65,27.98,39.97,29.69,0.44,772.4,0.458,0.3159,0
294.93,750.0,82.68,26.35,78.31,51.86,2036.6,0.397,0.9997,1
36.7,117.49,43.07,40.59,42.67,2.61,2165.8,0.377,0.672,1
198.73,448.3,58.19,52.14,69.29,14.22,3396.7,0.359,0.996,1
55.24,141.97,47.86,36.67,77.73,3.36,2654.4,0.332,0.8641,1
29.46,75.68,33.14,34.15,77.94,2.31,1037.1,0.445,0.7169,1
86.98,227.45,40.18,29.24,69.52,6.55,1064.3,0.401,0.8776,1
27.96,73.29,30.59,29.54,59.35,1.2,2114.4,0.464,0.5677,1
60.11,156.77,41.11,37.52,40.76,5.86,593.8,0.466,0.6962,1
43.72,154.3,36.97,41.34,90.51,3.92,2495.1,0.243,0.8568,1
74.99,198.75,62.45,26.42,38.3,7.6,461.3,0.382,0.7571,1
12.4,57.29,43.0,54.01,63.85,1.05,2092.1,0.415,0.6571,1
25.06,82.38,30.24,45.92,53.97,1.23,3441.8,0.449,0.6431,1
155.81,351.44,55.28,41.11,26.42,18.46,3080.7,0.447,0.9691,1
51.99,155.27,41.69,48.54,77.64,5.27,2986.3,0.36,0.889,1
35.1,115.06,47.57,26.4,88.96,2.06,2674.8,0.198,0.8046,1
18.08,40.98,42.96,38.5,87.51,1.41,3265.2,0.325,0.6887,1
45.1,137.72,37.83,42.24,60.82,3.82,3268.8,0.385,0.8009,1
5.7,14.02,31.57,48.55,67.14,0.38,735.1,0.423,0.478,0
19.96,126.22,42.11,46.88,37.45,1.21,954.2,0.488,0.6184,1
47.46,189.49,41.93,33.61,76.39,3.4,3250.2,0.281,0.8496,1
140.1,296.27,40.41,54.1,49.31,10.24,1106.4,0.413,0.9722,1
70.32,213.21,49.78,28.46,68.87,7.59,1453.1,0.488,0.8538,1
81.62,165.66,56.98,50.52,76.65,8.36,337.2,0.362,0.9226,1
29.93,115.99,40.55,56.46,77.79,1.95,3167.5,0.224,0.8569,1
50.4,149.51,50.41,30.49,71.36,4.42,438.1,0.59,0.7995,1
122.48,400.67,53.53,44.87,40.07,16.11,1948.0,0.437,0.981,1
12.72,33.17,34.94,23.95,35.06,0.56,924.6,0.576,0.2626,0
77.6,264.78,62.84,36.89,86.19,7.97,290.7,0.259,0.9633,1
164.12,385.12,45.94,39.4,74.18,10.99,1156.6,0.532,0.9899,1
50.51,112.5,50.79,40.96,73.59,4.41,2391.4,0.25,0.8597,1
4.76,28.31,18.78,53.78,61.19,0.18,494.3,0.274,0.6345,1
27.59,84.59,49.12,43.4,56.62,1.97,3009.4,0.516,0.7298,1
156.79,340.62,43.92,38.6,33.77,12.08,2482.9,0.454,0.9724,1
41.75,91.1,34.4,47.82,84.14,3.27,392.8,0.26,0.8136,1
251.71,750.0,76.43,54.77,63.2,39.15,1532.7,0.287,0.9998,1
181.03,456.35,55.58,22.41,72.95,20.96,2868.8,0.514,0.9916,1
28.38,104.03,48.0,57.7,74.34,3.3,3275.5,0.305,0.7682,1
1.64,18.92,24.17,26.71,95.27,0.07,2275.5,0.4,0.5302,1
149.27,376.04,70.16,48.0,49.31,26.15,2447.7,0.532,0.9831,1
83.91,211.67,53.67,33.71,65.29,7.64,3093.1,0.468,0.9,1
5.83,17.13,44.63,28.79,80.51,0.37,1699.8,0.424,0.5049,1
33.53,116.6,46.17,37.67,70.41,3.48,2534.1,0.416,0.7306,1
22.67,101.85,52.08,42.61,48.04,2.2,2106.4,0.503,0.5831,1
139.68,339.87,39.6,36.31,61.75,9.12,2493.5,0.329,0.9697,1
1.35,26.85,42.53,24.93,38.04,0.09,3111.8,0.554,0.3703,0
18.13,100.7,28.19,41.43,71.41,1.16,2806.6,0.465,0.6413,1
28.46,79.41,29.19,51.85,59.02,1.61,620.5,0.11,0.8023,1
42.85,101.75,32.92,36.36,21.19,2.84,3275.6,0.552,0.4707,0
51.96,141.76,52.06,31.8,79.32,4.87,365.0,0.418,0.7919,1
31.74,113.33,31.7,37.73,30.84,1.49,2697.0,0.472,0.5029,1
11.25,49.58,33.09,24.52,39.44,0.61,1141.7,0.456,0.2592,0
74.7,220.85,46.92,48.23,87.53,4.79,2773.5,0.268,0.9597,1
123.65,314.91,56.66,48.46,68.74,11.51,248.6,0.442,0.977,1
20.13,110.87,28.74,41.14,78.55,1.38,928.0,0.301,0.7211,1
29.93,100.0,42.9,35.63,79.28,2.5,463.8,0.291,0.793,1
64.48,180.39,39.36,47.46,87.65,3.2,2683.2,0.291,0.9011,1
80.27,169.6,49.33,40.31,63.0,8.69,840.3,0.199,0.923,1
22.91,107.11,43.38,48.44,67.95,2.18,3261.2,0.276,0.7749,1
106.76,339.88,69.9,42.27,62.95,16.32,1556.3,0.31,0.9806,1
61.41,152.71,49.48,46.91,87.84,6.08,2573.8,0.358,0.9193,1
16.57,60.89,21.06,41.41,58.99,0.43,2922.2,0.431,0.5186,1
40.49,93.02,34.75,37.09,68.28,2.39,3345.4,0.427,0.6811,1
16.28,42.55,48.61,55.34,76.66,1.28,1723.5,0.23,0.7665,1
41.76,121.95,39.51,39.99,63.88,2.03,2414.6,0.397,0.7594,1
37.93,116.83,43.77,41.58,46.93,2.18,1402.1,0.511,0.6524,1
262.64,710.95,82.48,31.93,54.85,37.84,1135.7,0.52,0.9994,1
67.25,126.34,54.98,42.12,68.77,8.67,2466.6,0.286,0.8835,1
31.43,98.71,33.73,40.73,70.19,2.6,1533.9,0.301,0.6692,1
221.79,638.37,86.8,30.75,78.94,41.71,2089.0,0.437,0.9997,1
183.02,606.76,84.43,25.24,40.44,23.08,855.3,0.528,0.9968,1
42.41,99.71,38.11,41.56,67.95,3.88,2558.7,0.401,0.82,1
48.45,127.45,38.99,46.2,85.3,4.67,3399.0,0.304,0.8518,1
13.63,51.14,33.22,39.57,78.98,0.8,1974.8,0.325,0.6551,1
237.14,586.0,77.97,32.13,20.31,34.73,1916.1,0.634,0.9967,1
215.17,458.88,80.84,43.23,68.69,28.7,3019.2,0.245,0.9989,1
35.43,115.63,38.97,26.4,41.7,3.19,700.1,0.517,0.4872,0
24.89,68.86,36.32,37.72,50.46,1.43,1498.5,0.349,0.5763,1
196.5,449.38,79.13,29.99,42.68,20.86,773.3,0.492,0.9928,1
13.57,93.54,37.21,30.74,58.96,0.91,2003.1,0.44,0.6209,1
26.3,107.71,49.75,31.34,94.51,1.86,2234.0,0.331,0.8246,1
31.09,96.39,26.73,36.45,62.13,1.46,3216.0,0.433,0.602,1
11.18,46.06,34.44,24.71,59.27,0.76,2941.9,0.476,0.5067,1
106.37,278.6,62.13,36.71,28.34,14.83,2333.4,0.446,0.9257,1
40.31,114.99,45.94,39.29,50.97,3.89,2756.4,0.383,0.7683,1
39.09,104.72,31.52,38.64,83.95,2.66,2274.6,0.32,0.7234,1
50.33,144.82,50.14,36.35,35.95,4.97,2084.0,0.46,0.7838,1
30.03,69.05,42.37,48.97,51.94,1.66,357.5,0.316,0.6795,1
47.0,99.54,27.88,29.31,30.87,3.07,280.5,0.544,0.4867,0
37.9,132.58,25.71,39.15,39.92,2.05,3012.2,0.5,0.5233,1
53.96,120.31,36.72,25.39,56.89,4.41,1130.4,0.554,0.5567,1
10.38,41.48,30.27,25.91,55.66,0.76,1358.0,0.566,0.3576,0
81.32,181.07,46.26,40.79,89.42,9.25,1682.9,0.271,0.9453,1
30.96,89.67,39.38,40.59,20.83,2.99,340.0,0.617,0.3764,0
41.24,90.78,45.17,50.65,83.29,2.89,3373.3,0.247,0.8536,1
39.3,99.34,38.44,40.39,34.11,3.49,539.9,0.667,0.3852,0
163.07,503.61,63.02,55.48,81.2,25.14,3395.0,0.246,0.9974,1
110.94,330.33,45.32,24.55,62.48,10.65,2536.0,0.445,0.932,1
45.53,114.05,28.73,27.29,54.0,2.79,3312.1,0.444,0.4603,0
22.73,71.29,45.68,24.23,44.25,2.44,372.5,0.449,0.4907,0
234.85,487.1,62.08,30.77,91.51,22.95,1676.6,0.482,0.9988,1
110.37,232.3,42.53,39.99,76.11,6.8,3344.1,0.428,0.9527,1
43.19,101.41,44.18,42.65,67.85,3.37,2333.3,0.452,0.7071,1
279.35,750.0,95.67,24.33,76.56,65.0,2004.4,0.501,0.9999,1
80.81,208.69,37.77,54.45,11.86,3.9,2416.1,0.566,0.7625,1
32.34,111.45,33.62,49.09,91.17,1.93,814.7,0.367,0.8259,1
109.7,277.34,45.64,34.16,91.85,10.5,2661.6,0.295,0.9685,1
48.96,159.39,33.94,26.24,54.98,3.4,1109.8,0.426,0.6585,1
60.18,185.09,42.76,30.23,40.16,5.8,1129.5,0.558,0.6681,1
79.46,251.45,51.07,28.57,26.85,6.29,2171.5,0.61,0.797,1
206.79,472.73,75.66,28.42,94.42,23.53,269.6,0.378,0.9985,1
47.99,140.98,37.58,39.45,33.14,4.1,378.3,0.495,0.599,1
64.52,152.06,43.13,32.71,66.03,6.33,252.3,0.372,0.7705,1
29.82,87.42,25.73,35.75,26.45,1.17,2730.4,0.553,0.4506,0
28.5,97.89,46.58,58.67,89.22,2.35,288.8,0.158,0.8812,1
140.31,303.49,62.98,43.74,20.57,15.79,515.9,0.445,0.938,1
184.32,536.95,75.89,54.66,82.4,26.12,2201.8,0.278,0.9987,1
14.06,66.51,35.39,29.2,39.84,1.14,1767.2,0.459,0.4869,0
13.71,78.7,50.29,36.34,65.24,1.37,1408.0,0.473,0.6112,1
40.26,143.34,48.89,40.32,59.97,3.69,1373.6,0.312,0.8246,1
3.62,12.34,21.4,26.22,44.54,0.12,3036.4,0.587,0.1634,0
73.03,231.59,49.53,19.92,72.71,4.53,457.0,0.329,0.8423,1
24.64,134.7,31.85,43.34,60.95,1.88,3256.2,0.299,0.7783,1
26.58,106.46,32.97,42.55,49.01,1.87,978.0,0.554,0.5641,1
101.41,236.82,39.56,37.01,63.31,5.2,1809.4,0.514,0.9158,1
46.76,104.27,38.65,38.79,30.07,2.87,3358.1,0.411,0.6486,1
53.19,198.64,42.88,37.12,44.57,4.66,2308.1,0.472,0.7606,1
127.97,310.6,53.58,22.6,68.93,10.09,1029.2,0.357,0.9584,1
49.57,131.91,34.63,35.18,81.22,2.29,3441.8,0.409,0.7564,1
23.9,108.36,28.32,30.48,82.22,1.3,2888.0,0.396,0.5343,1
17.8,39.73,49.45,27.31,69.36,1.43,1236.6,0.429,0.6256,1
5.78,62.49,39.82,55.24,84.9,0.52,2177.3,0.202,0.8396,1
7.11,36.46,27.4,41.43,95.03,0.47,2035.4,0.335,0.6173,1
15.35,62.36,21.82,45.07,34.35,0.66,2234.9,0.488,0.5179,1
25.71,88.46,46.07,34.66,71.95,2.52,604.0,0.272,0.761,1
11.91,28.45,47.35,36.6,64.07,1.4,2330.1,0.4,0.4278,0
356.65,750.0,86.23,32.44,51.72,45.94,906.7,0.396,0.9999,1
6.72,31.93,31.9,27.24,81.21,0.51,1253.7,0.407,0.3353,0
116.46,301.2,54.84,30.55,89.99,12.31,1999.8,0.346,0.9776,1
8.42,25.2,15.0,47.38,66.87,0.18,903.0,0.355,0.472,0
184.15,417.73,60.85,43.55,51.2,17.66,3144.3,0.456,0.9906,1
9.65,34.39,30.4,40.13,49.37,0.61,1578.0,0.343,0.4369,0
107.97,272.96,43.44,38.46,68.13,11.25,746.1,0.391,0.9492,1
53.59,122.86,54.1,52.95,88.35,3.93,400.7,0.331,0.9169,1
24.39,121.12,48.33,26.0,32.99,2.39,2778.8,0.627,0.5144,1
9.38,22.39,28.04,33.71,43.64,0.44,2933.4,0.444,0.3092,0
44.68,173.01,55.74,35.55,49.38,4.03,464.0,0.476,0.7067,1
19.42,68.13,31.84,46.84,83.67,0.89,1990.7,0.233,0.7658,1
123.17,382.46,64.64,59.19,59.51,18.75,2355.9,0.362,0.9879,1
114.53,290.65,53.94,32.55,83.19,10.34,3197.3,0.306,0.9702,1
26.73,115.73,47.61,50.48,75.63,2.26,359.3,0.178,0.8698,1
77.6,253.58,44.84,48.63,66.24,5.11,1346.9,0.398,0.914,1
29.44,106.41,47.83,32.06,65.37,2.8,594.0,0.574,0.5063,1
16.0,42.89,28.08,36.75,50.84,0.8,1614.5,0.527,0.3967,0
56.42,239.47,54.22,36.99,13.86,4.44,1428.1,0.671,0.8141,1
12.73,29.52,39.16,57.2,53.73,0.8,2164.6,0.25,0.6278,1
149.66,433.81,75.16,30.62,86.75,19.22,2427.9,0.442,0.9918,1
14.62,44.52,35.62,47.44,32.51,0.68,3382.9,0.536,0.4076,0
92.92,262.89,52.79,35.15,69.45,6.22,737.4,0.443,0.9411,1
178.62,483.79,59.26,45.14,78.19,26.36,2837.4,0.204,0.9969,1
55.34,150.99,52.61,37.23,49.07,7.0,2992.0,0.537,0.8663,1
167.86,434.91,69.58,40.9,54.58,23.02,2064.7,0.481,0.9902,1
52.89,137.76,37.17,48.7,76.89,2.98,2799.7,0.297,0.8316,1
25.61,116.02,37.31,47.62,60.54,1.44,1353.8,0.33,0.8072,1
39.19,133.63,37.71,50.12,72.64,2.62,314.3,0.386,0.8314,1
46.02,193.07,31.0,25.24,58.02,2.43,697.3,0.376,0.7941,1
25.87,75.17,40.73,43.97,78.81,2.27,752.5,0.277,0.8259,1
30.47,83.27,50.55,29.1,81.99,2.66,3088.7,0.528,0.7267,1
80.94,201.47,49.02,37.13,82.14,9.69,3361.0,0.267,0.9042,1
19.61,62.68,34.49,40.17,20.33,1.03,1528.6,0.669,0.2975,0
53.03,131.95,53.37,36.83,29.84,3.49,2365.8,0.487,0.6002,1
26.06,80.19,39.7,39.48,75.47,2.05,1201.1,0.304,0.6991,1
38.43,130.04,40.16,60.08,75.64,3.83,1670.4,0.328,0.8265,1
22.7,97.08,48.72,28.91,80.44,2.55,2248.2,0.432,0.6472,1
78.74,234.62,47.58,43.49,74.8,4.52,3025.4,0.496,0.9392,1
9.49,40.15,46.42,36.67,72.63,0.86,1608.4,0.35,0.664,1
5.19,11.6,43.29,28.82,68.42,0.4,2506.7,0.382,0.3767,0
61.23,191.74,56.9,29.82,47.95,7.66,1020.9,0.509,0.8104,1
104.98,253.21,33.43,54.68,38.44,5.36,1284.3,0.376,0.8719,1
49.31,159.81,39.45,50.72,71.26,2.95,924.3,0.384,0.8562,1
27.62,108.69,48.5,52.09,57.36,2.16,3054.7,0.398,0.6997,1
24.2,79.21,31.13,59.01,43.94,1.15,591.0,0.382,0.6019,1
26.04,91.39,42.07,31.54,47.25,1.35,2740.9,0.662,0.3991,0
57.55,127.33,55.91,35.69,58.22,6.49,2285.2,0.261,0.8511,1
50.77,182.32,51.15,43.31,96.01,5.18,2345.0,0.239,0.9156,1
83.18,205.15,44.34,38.65,66.97,8.51,3093.9,0.376,0.8981,1
287.29,634.88,80.51,37.19,86.08,48.73,1951.7,0.412,0.9998,1
229.93,503.5,74.56,35.74,67.73,34.85,450.3,0.451,0.9982,1
16.14,62.75,36.81,41.29,60.64,0.89,3272.7,0.327,0.6207,1
5.0,15.45,39.62,40.83,64.99,0.43,1313.3,0.287,0.5184,1
145.65,459.04,80.57,29.92,52.1,27.13,298.3,0.423,0.9857,1
90.04,253.14,43.36,38.38,55.58,6.94,1959.4,0.402,0.9199,1
6.69,28.95,43.29,40.29,79.11,0.55,1382.8,0.449,0.6355,1
151.47,455.11,61.84,40.7,52.57,20.79,3208.8,0.471,0.9883,1
99.8,230.99,52.76,31.6,60.77,9.51,1885.3,0.355,0.9337,1
111.12,248.18,63.26,45.5,75.4,14.53,376.1,0.29,0.9716,1
18.62,39.77,39.36,22.71,86.67,1.08,985.6,0.495,0.4655,0
57.37,149.99,30.63,35.67,31.43,3.44,936.5,0.505,0.6355,1
30.51,150.85,45.14,46.77,52.0,1.72,2721.4,0.479,0.7811,1
49.82,114.56,49.26,40.54,23.14,3.61,417.4,0.547,0.6148,1
14.69,42.3,32.95,33.16,57.21,1.16,1274.1,0.495,0.499,0
17.59,54.5,47.31,44.05,23.99,1.64,2413.5,0.653,0.375,0
69.4,151.0,54.77,40.63,74.88,6.81,2224.1,0.343,0.8923,1
73.94,203.58,56.05,47.33,65.65,7.79,2337.1,0.266,0.9484,1
81.26,164.26,39.45,45.27,53.6,3.85,2045.9,0.346,0.88,1
127.06,441.92,63.41,41.71,22.25,14.48,779.9,0.519,0.9761,1
32.15,80.0,28.28,38.75,51.95,1.26,2425.3,0.434,0.531,1
23.13,77.92,42.87,28.83,38.58,2.3,3338.1,0.48,0.4429,0
33.92,93.02,28.59,33.16,38.48,1.69,335.6,0.615,0.4516,0
52.24,163.77,35.29,37.2,86.01,2.77,1394.1,0.338,0.81,1
66.34,171.02,57.96,41.43,85.53,7.17,1162.2,0.36,0.8826,1
34.4,76.12,43.69,39.34,28.79,2.52,688.8,0.394,0.5908,1
11.03,43.02,25.26,33.92,68.59,0.5,1072.6,0.286,0.4388,0
24.17,65.3,37.53,20.39,50.95,1.94,283.9,0.476,0.4045,0
91.39,227.82,54.77,38.94,52.67,9.32,2321.1,0.493,0.9199,1
77.42,255.97,50.32,33.85,93.08,9.31,2221.1,0.195,0.9511,1
2.28,20.44,32.22,45.26,72.5,0.11,1861.3,0.247,0.5562,1
69.8,156.74,48.94,22.59,44.28,5.55,1236.3,0.391,0.7693,1
96.73,264.37,43.98,41.06,68.5,9.4,3421.5,0.195,0.9622,1
41.81,189.67,44.96,54.14,49.79,4.17,2243.4,0.398,0.8761,1
41.85,140.29,52.64,30.39,69.42,5.44,3128.3,0.538,0.7421,1
22.37,113.7,46.31,38.38,69.63,2.09,1210.1,0.429,0.6,1
7.15,65.48,48.38,26.97,76.93,0.67,2692.2,0.434,0.5775,1
41.97,152.41,39.37,42.12,63.08,3.25,219.5,0.355,0.7886,1
99.22,245.24,43.08,40.21,12.85,7.14,2433.6,0.582,0.7504,1
24.81,83.15,23.96,36.93,42.13,1.01,2669.0,0.463,0.4821,0
212.44,431.25,60.88,39.52,54.11,20.22,1090.7,0.471,0.9921,1
19.3,60.29,33.75,51.55,61.96,1.29,3493.8,0.303,0.7552,1
2.24,11.24,25.12,31.14,31.09,0.13,1844.3,0.58,0.1929,0
22.5,60.56,40.25,22.46,35.98,1.83,1419.0,0.42,0.253,0
105.53,251.4,46.12,49.91,68.24,8.83,810.4,0.155,0.9696,1
87.58,297.75,43.64,40.87,70.46,4.9,713.0,0.459,0.9457,1
35.06,230.65,54.11,51.25,47.96,2.89,881.9,0.319,0.8296,1
83.76,226.64,60.22,41.37,46.24,11.59,1969.3,0.543,0.8621,1
119.74,386.56,48.66,47.84,46.5,9.99,1970.6,0.45,0.9799,1
67.7,175.24,44.04,37.45,83.73,7.01,1950.6,0.282,0.9445,1
7.98,33.37,34.87,45.75,31.08,0.42,3036.4,0.472,0.4405,0
136.16,261.41,40.58,52.42,94.42,10.77,205.1,0.213,0.9835,1
40.21,205.93,40.25,40.74,35.63,3.97,1080.9,0.561,0.6644,1
6.29,16.27,43.59,30.61,69.91,0.53,3122.6,0.34,0.5324,1
61.47,178.19,54.82,33.38,59.36,4.96,529.8,0.503,0.8355,1
25.15,78.94,40.58,31.22,57.5,1.53,842.7,0.393,0.5576,1
8.38,63.21,24.84,32.74,29.04,0.29,1278.2,0.432,0.2922,0
14.15,66.56,28.13,34.42,40.91,0.49,2881.7,0.389,0.3895,0
164.42,437.71,69.95,40.33,55.35,24.16,2126.7,0.341,0.991,1
13.91,43.9,41.45,41.14,84.55,1.28,2033.7,0.246,0.7137,1
60.14,162.34,46.45,37.37,69.83,6.33,3252.6,0.347,0.8638,1
26.44,89.84,24.6,41.85,64.94,0.84,1808.2,0.357,0.6584,1
21.21,73.06,33.73,26.47,48.97,1.73,3325.1,0.455,0.4076,0
64.77,228.28,38.93,26.79,77.51,5.05,642.6,0.375,0.8909,1
34.62,103.8,48.81,30.3,62.17,2.22,1519.2,0.554,0.645,1
36.89,100.0,45.82,39.44,82.39,2.22,2913.6,0.289,0.8407,1
117.17,231.05,47.52,31.72,36.38,10.37,696.1,0.488,0.8798,1
141.76,325.23,66.3,33.79,60.65,14.26,779.4,0.388,0.9771,1
134.18,357.26,69.9,36.77,84.94,14.17,1459.7,0.398,0.9899,1
24.83,70.02,40.63,47.9,62.41,1.23,3264.6,0.177,0.7089,1
148.83,402.2,68.71,21.49,20.03,18.68,800.4,0.595,0.9532,1
27.26,81.01,36.38,42.76,57.83,1.3,3353.6,0.383,0.6288,1
36.63,111.03,35.7,43.3,53.7,1.7,2417.5,0.291,0.6963,1
13.59,35.98,38.57,47.42,59.28,0.74,1755.1,0.322,0.5837,1
29.03,105.24,40.52,53.57,65.46,1.43,258.3,0.258,0.7622,1
41.65,134.29,47.41,22.21,88.05,2.64,1931.6,0.393,0.8517,1
43.9,120.32,39.65,29.63,51.82,3.43,1571.7,0.43,0.715,1
40.21,92.37,41.39,51.04,62.61,2.55,2809.7,0.194,0.7795,1
177.4,504.42,78.42,38.09,64.77,17.94,2045.5,0.462,0.9955,1
26.64,71.9,46.72,40.56,76.56,1.71,3413.4,0.351,0.8028,1
52.0,127.43,46.05,43.14,49.4,3.01,569.3,0.43,0.796,1
30.11,68.75,49.05,43.59,45.6,3.26,3219.4,0.546,0.6199,1
45.02,123.96,28.13,53.51,28.55,2.44,1452.6,0.394,0.6531,1
119.37,379.43,58.95,60.21,76.14,12.78,1874.4,0.354,0.9884,1
83.36,221.96,60.59,44.81,75.35,11.79,3015.6,0.335,0.9523,1
15.91,97.78,37.39,33.9,34.68,0.78,2459.9,0.435,0.4462,0
226.89,718.85,91.17,50.73,67.91,25.82,3322.3,0.318,0.9996,1
8.9,18.63,27.95,24.58,76.41,0.44,3449.4,0.5,0.5125,1
126.49,457.87,67.42,32.26,65.36,13.16,2317.1,0.302,0.9896,1
13.09,33.7,46.04,51.59,17.13,1.1,2047.3,0.498,0.4451,0
41.71,140.42,31.32,33.01,76.47,3.1,1034.8,0.477,0.6547,1
64.49,151.32,36.84,31.93,30.2,4.23,1109.1,0.638,0.6433,1
56.68,168.65,39.89,29.02,51.89,3.22,1037.4,0.428,0.6061,1
35.35,95.97,37.36,49.8,65.74,2.95,2789.8,0.265,0.718,1
32.84,122.5,46.86,39.02,61.63,2.62,2231.0,0.319,0.7834,1
11.68,52.7,33.94,43.47,36.18,0.86,2628.0,0.491,0.4692,0
46.66,140.56,44.02,32.5,57.0,2.84,2893.6,0.395,0.6111,1
58.99,150.97,35.9,46.02,68.47,3.47,3148.1,0.411,0.8551,1
159.71,364.89,66.81,46.08,46.36,13.12,684.9,0.301,0.9905,1
18.03,45.14,25.9,34.59,70.45,0.7,3087.7,0.411,0.4675,0
58.15,168.17,46.11,37.01,26.02,5.47,2331.0,0.529,0.7167,1
17.23,81.18,42.01,31.58,65.64,1.14,3229.4,0.412,0.5921,1
103.93,390.0,65.36,57.02,86.99,9.38,3264.8,0.271,0.9908,1
34.82,94.43,49.73,42.65,59.25,2.2,1607.9,0.357,0.7434,1
40.43,115.3,53.12,53.69,30.26,4.26,2556.8,0.534,0.6703,1
26.04,75.02,44.41,34.34,76.8,1.5,2925.6,0.294,0.7946,1
86.04,235.07,62.7,46.82,53.78,12.08,1049.7,0.465,0.9496,1
57.09,148.36,36.87,46.28,88.6,3.5,1803.9,0.172,0.9334,1
11.25,34.49,38.44,43.96,52.9,0.69,1055.6,0.398,0.525,1
40.38,102.11,32.32,55.98,46.78,2.63,492.0,0.283,0.7233,1
14.46,42.1,45.94,36.61,82.51,1.28,2503.3,0.273,0.7095,1
15.96,45.51,40.93,28.73,72.08,1.62,2088.5,0.378,0.6242,1
195.36,503.56,57.95,43.38,90.66,14.34,1519.9,0.258,0.9979,1
38.15,91.62,40.17,45.09,38.83,3.54,901.4,0.557,0.5946,1
106.91,356.39,72.41,40.82,51.48,15.32,825.3,0.43,0.9733,1
51.77,137.44,44.88,31.49,73.7,5.45,1122.2,0.464,0.8106,1
16.36,52.7,32.76,39.12,33.2,1.13,3441.1,0.404,0.4261,0
81.91,188.43,34.33,34.57,91.44,6.16,3376.5,0.343,0.8988,1
59.07,187.69,44.5,37.4,51.15,5.84,2987.8,0.512,0.7654,1
18.52,54.71,24.9,42.64,52.03,0.56,425.7,0.366,0.4834,0
28.34,102.23,43.32,45.6,60.57,2.81,2945.1,0.394,0.6425,1
63.89,184.24,55.43,32.3,46.86,7.38,2693.6,0.461,0.7672,1
118.25,331.84,51.74,36.89,82.84,14.88,3297.4,0.333,0.9866,1
22.52,93.1,48.21,33.39,75.6,1.49,1740.6,0.34,0.7364,1
5.84,31.18,42.26,31.22,45.23,0.59,1899.2,0.425,0.4292,0
53.95,123.83,35.24,46.88,60.25,4.39,2073.4,0.486,0.7467,1
111.25,238.47,58.33,52.21,70.74,9.7,2001.7,0.282,0.9499,1
134.08,416.84,55.25,36.05,71.7,10.08,1235.4,0.592,0.9821,1
33.66,76.27,32.0,45.79,56.09,2.17,732.7,0.402,0.6668,1
107.03,295.49,61.92,51.57,24.14,13.78,2548.9,0.477,0.9473,1
47.78,122.94,48.6,49.25,57.53,4.93,3211.4,0.406,0.8115,1
165.06,332.24,53.65,30.68,90.05,20.36,2399.1,0.318,0.9856,1
50.15,162.04,34.56,55.21,64.59,3.33,2936.1,0.417,0.8842,1
59.48,134.66,39.71,36.21,58.35,3.71,1920.2,0.434,0.8133,1
16.44,55.56,50.82,35.28,56.51,1.93,1867.0,0.475,0.6479,1
17.26,101.67,34.78,25.41,51.36,1.06,3452.1,0.491,0.3452,0
39.57,118.77,47.57,38.71,68.77,3.32,3482.0,0.39,0.7917,1
18.99,61.31,32.27,27.79,74.4,1.13,2208.8,0.328,0.6338,1
121.26,335.87,62.31,32.79,29.02,17.27,1423.9,0.713,0.9394,1
194.61,600.94,81.0,34.7,48.3,38.81,1429.0,0.474,0.9982,1
181.27,511.56,68.27,47.79,38.12,17.6,2417.2,0.403,0.9952,1
20.23,117.89,28.35,50.53,43.87,0.78,940.4,0.356,0.6607,1
29.33,82.29,29.3,34.31,86.76,1.35,3434.8,0.347,0.7318,1
14.07,45.43,40.19,49.78,80.56,1.34,2552.9,0.229,0.6831,1
29.1,104.26,49.82,49.72,72.93,2.74,731.7,0.234,0.8723,1
18.32,49.11,47.21,46.24,60.15,1.04,1401.7,0.412,0.7121,1
33.04,117.73,28.86,29.36,32.28,1.87,938.2,0.457,0.4988,0
20.53,69.16,53.3,43.92,46.15,2.09,484.0,0.249,0.701,1
86.38,188.95,40.17,54.38,80.25,4.52,2328.0,0.303,0.916,1
84.82,216.91,62.51,43.69,46.55,7.39,544.5,0.465,0.8973,1
129.71,335.02,63.65,35.08,22.54,10.91,1507.4,0.544,0.9144,1
35.01,113.82,54.22,39.04,47.39,3.56,2409.4,0.441,0.8168,1
15.95,51.09,35.73,42.66,41.11,1.08,732.1,0.443,0.498,0
54.02,205.59,56.17,39.27,50.64,5.46,3117.7,0.468,0.8583,1
77.86,198.95,55.46,28.27,35.91,7.71,810.3,0.542,0.7743,1
23.0,50.33,35.19,34.57,41.7,1.58,2215.1,0.549,0.2567,0
30.21,90.32,50.1,47.55,58.96,3.12,3248.5,0.411,0.6787,1
107.64,326.83,52.54,49.9,63.74,13.87,514.7,0.311,0.9663,1
16.79,60.69,54.71,28.99,76.02,1.75,546.4,0.417,0.6488,1
17.29,51.77,42.91,54.91,54.28,1.15,614.8,0.373,0.6117,1
114.45,284.71,54.47,35.01,59.47,15.38,1379.8,0.281,0.9712,1
46.0,155.89,29.78,43.12,90.35,1.83,2416.2,0.272,0.8378,1
81.63,175.85,41.09,45.81,76.03,5.39,1977.5,0.267,0.9209,1
1.96,8.76,42.02,47.91,60.75,0.2,1184.0,0.406,0.4776,0
12.99,37.57,41.08,54.43,76.2,1.29,2239.6,0.182,0.7945,1
94.65,209.76,60.41,34.59,59.03,11.66,1673.4,0.441,0.9284,1
45.62,94.58,38.03,49.78,67.38,2.11,1363.7,0.311,0.7456,1
9.88,21.86,44.37,28.76,56.6,0.78,1462.1,0.312,0.4669,0
24.72,92.94,49.98,44.35,40.01,2.98,1385.8,0.531,0.5476,1
139.02,300.18,68.37,45.49,65.91,22.4,1888.8,0.386,0.9897,1
10.02,35.51,31.58,43.55,94.95,0.75,1454.8,0.197,0.6859,1
94.57,202.42,47.35,32.9,83.55,7.08,1254.4,0.376,0.938,1
21.64,70.68,27.66,50.42,41.58,1.36,1259.4,0.428,0.5513,1
20.41,74.83,37.74,30.19,37.06,1.6,922.7,0.436,0.3955,0
70.07,191.84,50.49,24.87,37.92,8.36,892.3,0.487,0.8131,1
22.64,180.7,42.37,44.73,39.05,1.95,1144.0,0.359,0.689,1
380.0,750.0,76.91,38.46,42.37,49.32,3408.4,0.313,0.9999,1
349.95,750.0,87.51,49.38,67.06,62.0,873.8,0.432,1.0,1
54.42,152.58,42.96,36.37,37.07,3.89,1667.1,0.671,0.5942,1
109.66,323.6,56.15,30.17,18.16,7.41,3198.2,0.546,0.9217,1
28.94,146.39,43.02,48.86,49.17,2.82,238.0,0.328,0.7851,1
72.74,248.19,53.34,40.17,58.89,8.94,2196.0,0.337,0.9375,1
38.95,171.4,32.31,30.9,64.45,2.73,3071.6,0.486,0.6164,1
15.99,85.6,41.97,44.82,85.42,1.0,752.9,0.376,0.8152,1
157.42,446.91,53.61,39.28,87.69,11.62,2882.0,0.375,0.9924,1
52.45,135.85,31.79,41.56,41.18,2.37,2332.2,0.521,0.5951,1
22.28,70.77,45.73,38.14,55.41,1.89,2910.2,0.494,0.617,1
134.29,385.11,69.71,48.55,36.82,14.45,434.0,0.394,0.9791,1
35.08,89.75,31.18,48.58,18.58,2.56,434.2,0.37,0.4911,0
67.82,220.43,43.3,44.48,69.34,5.6,671.8,0.399,0.9236,1
32.75,95.01,32.24,27.63,41.95,1.88,3430.6,0.518,0.3627,0
21.82,72.56,35.73,48.96,52.62,1.82,3102.0,0.417,0.5766,1
40.03,115.46,41.48,43.36,61.85,2.17,2088.8,0.363,0.7689,1
94.54,269.65,63.41,44.11,44.39,13.98,1943.9,0.459,0.9465,1
107.37,319.9,40.96,35.87,79.83,9.87,1041.8,0.393,0.945,1
23.77,52.15,30.8,50.71,37.65,1.53,899.3,0.418,0.5592,1
32.84,118.04,46.82,44.97,34.42,2.07,973.9,0.619,0.6167,1
36.93,72.76,47.02,27.95,32.38,2.2,2609.2,0.549,0.3869,0
16.79,51.41,23.52,36.94,75.62,0.56,2292.3,0.28,0.4634,0
69.55,205.26,37.91,51.05,80.0,4.09,1855.9,0.277,0.8999,1
74.04,211.86,47.04,24.44,76.59,6.97,2950.7,0.387,0.8977,1
62.12,162.44,41.54,55.62,42.75,3.37,395.7,0.279,0.8331,1
8.73,26.87,42.06,43.59,27.44,0.53,319.5,0.626,0.2915,0
70.09,143.33,39.7,42.27,38.39,4.06,2908.3,0.491,0.7754,1
34.83,168.61,40.55,33.43,55.02,2.93,1573.9,0.391,0.6827,1
36.56,144.53,38.0,32.8,19.82,2.29,2396.3,0.603,0.5241,1
70.02,197.53,34.55,54.18,55.02,3.77,1533.9,0.427,0.8633,1
118.9,325.07,71.68,34.2,83.87,10.55,1647.3,0.213,0.9758,1
106.57,312.31,52.9,46.6,30.1,7.46,274.3,0.608,0.9289,1
71.07,156.52,44.37,36.6,95.64,6.04,1950.4,0.201,0.9242,1
190.97,442.45,63.32,29.07,72.32,24.46,317.0,0.503,0.9946,1
105.09,314.47,62.18,21.07,64.04,14.15,1359.7,0.337,0.9463,1
69.95,169.97,48.47,40.06,78.24,6.26,651.1,0.408,0.8684,1
65.76,158.12,43.96,56.94,81.62,4.48,918.9,0.191,0.9423,1
15.61,45.22,41.83,36.02,74.37,1.03,3194.7,0.555,0.59,1
86.26,185.8,52.31,35.73,82.87,9.23,3398.8,0.285,0.929,1
58.28,198.92,41.85,35.4,36.66,4.28,309.2,0.429,0.7527,1
38.08,132.35,33.64,39.5,32.33,1.8,3216.2,0.433,0.5383,1
32.76,94.79,50.74,37.69,52.24,2.0,3008.9,0.48,0.6622,1
21.82,55.21,27.85,50.74,36.68,0.93,1903.5,0.506,0.5315,1
20.24,75.41,39.71,39.15,80.87,1.75,1796.2,0.258,0.8406,1
6.16,24.54,49.92,39.2,50.39,0.63,1477.1,0.48,0.4756,0
229.16,663.35,75.69,29.03,65.27,23.02,2356.3,0.427,0.9991,1
37.44,94.41,42.65,57.73,74.62,2.84,802.2,0.191,0.8692,1
8.31,31.83,46.39,32.83,80.88,0.54,445.0,0.378,0.6227,1
48.56,162.36,38.7,26.03,69.23,3.41,3433.4,0.63,0.6687,1
25.43,66.99,35.15,43.14,61.84,1.2,2910.0,0.399,0.5796,1
31.44,132.75,37.36,41.33,63.01,2.45,1454.2,0.294,0.7252,1
48.3,109.89,36.82,37.11,85.89,3.48,416.5,0.388,0.7954,1
21.0,63.05,34.69,37.28,69.49,1.12,3358.9,0.438,0.5681,1
37.16,93.52,48.95,46.93,17.3,4.53,369.6,0.47,0.4913,0
42.8,122.22,43.62,31.12,78.75,3.67,208.7,0.415,0.7907,1
184.9,575.12,73.64,48.22,36.18,21.1,1152.6,0.264,0.9964,1
44.05,94.2,34.21,42.74,88.39,2.51,2659.3,0.188,0.8647,1
12.41,41.27,44.05,37.2,58.38,1.31,2989.1,0.402,0.5134,1
238.23,559.21,70.84,38.08,57.98,24.71,2130.2,0.375,0.9979,1
48.04,111.04,47.69,33.03,59.27,3.36,1718.6,0.429,0.6554,1
112.44,296.28,61.16,45.82,81.19,13.35,249.2,0.321,0.9806,1
33.32,87.0,28.87,39.32,70.48,1.57,1348.4,0.347,0.6796,1
39.47,117.63,38.6,34.8,69.74,2.43,476.7,0.43,0.6528,1
101.17,295.61,62.84,41.35,98.99,11.02,923.9,0.248,0.98,1
176.76,522.02,77.24,59.88,77.97,31.13,426.2,0.265,0.999,1
43.62,103.92,39.05,37.57,39.52,3.91,3159.1,0.44,0.6311,1
51.22,176.43,50.55,52.85,70.35,5.35,2536.2,0.363,0.8812,1
43.88,153.12,47.03,35.42,66.69,4.03,1699.2,0.43,0.8338,1
6.15,20.02,35.09,24.94,60.13,0.26,3272.5,0.34,0.2768,0
94.04,287.4,54.74,31.41,80.41,9.96,888.1,0.399,0.9388,1
113.4,331.52,48.25,37.2,70.38,13.35,3346.9,0.4,0.96,1
8.19,35.6,45.52,31.9,29.43,0.85,444.9,0.464,0.4123,0
16.63,88.11,45.13,18.45,34.1,1.04,2839.1,0.7,0.3367,0
117.06,299.2,48.18,52.53,33.7,13.91,1284.6,0.391,0.9735,1
68.74,135.43,33.66,49.16,74.32,3.43,635.5,0.214,0.8931,1
131.8,440.76,46.94,45.5,72.99,8.42,2383.3,0.219,0.9888,1
6.99,31.49,28.53,30.15,76.71,0.31,2296.8,0.442,0.6042,1
110.77,279.97,47.05,28.29,49.33,7.21,3282.8,0.507,0.8767,1
158.1,490.74,74.04,25.71,82.17,17.47,1111.2,0.284,0.9938,1
236.51,729.48,86.7,44.93,45.02,32.84,2728.3,0.464,0.9993,1
88.28,199.51,53.97,53.33,29.24,9.38,3241.1,0.493,0.8925,1
170.96,333.24,48.52,37.46,56.94,16.57,1705.7,0.408,0.9815,1
35.8,75.92,45.12,28.24,60.07,3.06,1576.1,0.508,0.5757,1
40.4,99.41,45.83,39.31,67.61,2.94,1416.2,0.261,0.7795,1
186.09,528.17,65.93,35.52,63.65,29.93,3446.5,0.365,0.9971,1
6.4,16.47,30.08,36.16,47.17,0.31,2207.3,0.49,0.2684,0
62.85,164.88,40.79,42.0,64.6,4.41,3243.8,0.598,0.8539,1
218.68,558.9,85.03,44.77,71.49,32.52,1683.2,0.391,0.999,1
34.37,77.73,47.79,27.87,60.61,2.02,3111.2,0.446,0.6301,1
172.51,526.36,62.76,23.6,43.73,19.03,1726.4,0.455,0.9873,1
152.7,438.54,63.33,59.55,49.87,15.86,720.3,0.304,0.9918,1
7.95,48.61,37.75,32.31,81.87,0.39,2176.9,0.473,0.5377,1
159.32,479.46,51.06,24.88,22.44,18.34,3069.1,0.685,0.966,1
13.32,33.56,25.7,30.93,63.99,0.73,313.0,0.537,0.4636,0
126.3,314.34,42.22,23.86,50.16,8.36,1135.9,0.492,0.9084,1
35.85,130.39,32.34,36.57,33.01,1.78,3322.7,0.484,0.5112,1
19.05,57.19,29.05,47.55,48.4,1.31,1091.7,0.305,0.5368,1
149.51,453.89,69.53,35.33,61.14,15.03,1514.6,0.478,0.9869,1
32.35,93.05,40.99,37.77,72.29,3.1,1282.0,0.473,0.7167,1
27.84,90.21,46.94,43.49,40.04,1.7,1059.5,0.43,0.6808,1
13.33,71.15,37.68,39.23,81.67,1.15,1493.8,0.261,0.7239,1
28.4,114.44,30.81,49.9,33.92,1.67,3010.9,0.336,0.6003,1
55.6,141.07,29.09,50.11,25.29,3.57,1288.8,0.554,0.7233,1
9.29,79.07,43.19,20.95,30.88,0.53,2521.0,0.525,0.2723,0
130.72,279.92,60.95,46.69,95.22,13.91,1011.4,0.168,0.9894,1
217.82,605.84,64.32,38.14,33.25,25.02,797.2,0.375,0.9982,1
228.41,524.91,56.53,58.57,44.19,24.14,2863.3,0.406,0.997,1
30.87,80.23,44.72,38.64,40.32,2.78,621.8,0.704,0.4798,0
9.35,44.38,37.53,58.28,64.61,0.6,2752.3,0.352,0.6773,1
99.7,189.23,42.67,45.9,62.27,7.58,2300.3,0.243,0.9321,1
300.21,750.0,87.97,32.79,44.17,44.4,1969.7,0.44,0.9998,1
170.1,333.78,62.15,39.92,17.93,22.29,1719.9,0.373,0.9837,1
86.22,300.29,47.6,59.12,85.75,9.77,1966.8,0.32,0.9717,1
42.23,137.37,39.79,49.73,79.21,2.27,613.3,0.244,0.8357,1
199.56,605.12,64.62,27.26,79.29,20.29,1013.6,0.423,0.9977,1
97.99,336.25,59.52,44.39,37.07,8.66,262.8,0.456,0.9259,1
5.93,100.94,51.14,35.44,32.65,0.73,2506.7,0.593,0.3367,0
14.41,58.49,30.85,20.48,75.49,0.88,2832.4,0.445,0.5135,1
33.08,78.61,48.02,36.84,44.18,2.2,2475.6,0.543,0.563,1
33.31,124.65,44.6,32.37,38.83,2.55,2538.7,0.523,0.5315,1
240.56,535.92,66.62,48.17,41.21,29.1,3049.6,0.358,0.9987,1
42.9,141.83,49.58,35.23,74.34,4.27,2516.9,0.404,0.8115,1
155.36,400.81,56.64,48.5,47.59,13.02,1356.6,0.414,0.9843,1
78.6,149.64,35.12,18.73,40.06,5.11,989.8,0.549,0.5581,1
9.29,27.71,22.21,34.46,56.97,0.46,1554.5,0.397,0.384,0
42.68,147.64,27.31,32.57,68.69,2.4,1728.6,0.56,0.6561,1
64.37,139.68,47.41,32.34,54.98,4.08,1100.1,0.605,0.7679,1
13.21,48.74,42.15,25.75,52.7,1.33,1169.3,0.43,0.3961,0
84.5,178.1,49.16,30.83,71.7,6.81,2542.4,0.295,0.8982,1
19.82,58.95,35.93,40.34,83.38,1.25,884.2,0.341,0.6842,1
58.35,174.47,49.76,34.01,64.18,6.1,2732.6,0.446,0.8019,1
126.72,305.09,62.19,37.17,34.14,14.18,1049.2,0.556,0.9473,1
43.84,135.42,34.92,36.21,50.99,3.01,1541.2,0.422,0.6928,1
20.99,102.04,29.06,50.55,70.34,1.11,1109.4,0.485,0.6457,1
174.4,497.44,64.93,52.0,29.24,18.12,2911.3,0.576,0.99,1
52.97,183.89,47.91,38.86,42.46,4.5,1500.7,0.594,0.6939,1
27.69,78.71,46.67,35.05,70.33,2.07,3429.2,0.292,0.758,1
167.92,491.63,62.78,27.69,83.8,18.8,2182.5,0.21,0.9969,1
6.19,32.26,39.98,54.99,53.35,0.36,255.0,0.265,0.5831,1
24.56,73.62,21.7,25.28,90.16,0.68,2890.0,0.415,0.6289,1
42.34,147.52,52.92,34.18,46.5,4.72,2474.5,0.532,0.6518,1
32.99,73.3,45.94,34.2,95.97,2.07,1045.2,0.275,0.7858,1
75.48,178.77,47.87,34.79,59.68,8.2,1086.1,0.452,0.8724,1
111.09,315.31,58.01,30.02,88.6,10.78,1824.4,0.462,0.9651,1
179.85,486.48,70.93,46.87,73.11,19.44,2399.2,0.429,0.9964,1
285.85,630.17,73.47,28.38,40.88,36.39,3169.0,0.41,0.999,1
43.81,181.26,53.85,42.36,85.49,3.29,748.8,0.283,0.8884,1
9.0,20.61,40.98,28.44,70.13,0.85,752.2,0.325,0.5404,1
62.42,151.11,36.43,25.88,63.84,3.22,2500.6,0.203,0.804,1
21.07,54.44,47.59,52.22,74.26,1.85,1248.9,0.311,0.7254,1
161.45,505.71,62.53,30.93,51.17,14.24,949.4,0.327,0.9878,1
9.03,28.32,31.12,48.26,70.95,0.35,2468.6,0.226,0.6636,1
104.55,343.32,52.71,40.07,74.71,12.33,399.6,0.202,0.966,1
31.46,111.38,52.99,26.28,36.91,3.21,1953.5,0.627,0.5469,1
10.23,57.07,29.82,55.14,78.25,0.4,2314.0,0.309,0.7721,1
35.74,84.62,50.8,32.74,42.02,4.29,1469.5,0.7,0.5819,1
53.69,136.38,47.1,49.83,28.07,4.33,614.8,0.552,0.7189,1
74.52,181.3,38.23,30.19,66.51,5.0,1330.5,0.378,0.8412,1
39.04,142.16,46.25,49.58,11.94,3.33,1623.1,0.582,0.5529,1
125.36,379.48,71.8,21.41,93.64,13.43,731.6,0.38,0.9822,1
44.31,90.25,41.21,39.29,45.43,3.5,1811.8,0.463,0.6178,1
148.1,496.14,58.73,46.4,51.94,13.26,1318.1,0.337,0.9884,1
164.45,538.21,67.79,53.7,66.64,25.49,3170.0,0.364,0.996,1
131.18,360.98,46.48,52.21,56.33,13.87,412.2,0.317,0.9767,1
217.64,546.29,67.7,48.2,56.9,26.82,2410.9,0.33,0.9983,1
49.56,146.25,45.14,51.13,78.82,4.23,2582.4,0.271,0.8642,1
12.51,23.96,38.89,31.24,22.89,1.21,2209.5,0.62,0.248,0
16.26,108.16,37.39,33.81,72.65,1.36,1922.0,0.293,0.6872,1
109.43,285.08,52.77,33.95,38.34,7.4,580.4,0.531,0.9312,1
173.44,388.9,59.23,36.22,74.0,14.63,2207.0,0.263,0.9915,1
55.2,174.47,61.65,36.6,90.09,6.72,2069.9,0.275,0.9183,1
22.41,57.35,41.61,40.07,86.1,1.57,3212.3,0.267,0.6921,1
45.23,243.12,63.38,29.86,46.22,6.44,3078.2,0.561,0.7986,1
18.71,73.23,38.75,43.94,21.12,1.47,267.8,0.541,0.4475,0
38.33,110.79,38.73,30.14,57.52,3.69,3449.2,0.533,0.6488,1
69.19,158.27,55.02,34.52,30.0,4.63,2066.0,0.602,0.6945,1
44.14,152.53,49.73,39.1,64.44,3.88,3222.7,0.562,0.7581,1
12.46,37.69,25.83,47.34,34.26,0.56,692.5,0.318,0.3959,0
33.44,124.32,43.99,45.41,30.92,2.6,2498.0,0.421,0.6347,1
14.35,41.24,25.87,42.65,40.85,0.87,1712.7,0.336,0.5108,1
38.49,82.23,28.52,29.71,44.41,1.9,642.6,0.542,0.517,1
105.67,211.92,55.12,40.13,23.83,13.02,275.0,0.546,0.8778,1
50.95,155.03,54.87,26.77,28.5,5.65,913.7,0.514,0.6415,1
21.8,87.68,29.23,36.22,73.18,1.17,255.2,0.404,0.6324,1
99.03,278.55,59.43,37.08,57.11,12.36,2172.7,0.52,0.9205,1
17.98,59.99,46.29,23.92,57.05,1.25,1206.3,0.362,0.5746,1
7.88,20.67,42.59,33.53,67.05,0.46,3347.1,0.406,0.5476,1
59.66,177.46,46.47,55.16,30.37,6.81,2287.5,0.438,0.7465,1
39.87,85.84,42.7,55.0,79.22,2.91,2720.3,0.175,0.8461,1
33.01,119.17,45.36,35.61,75.61,2.39,1631.4,0.292,0.7388,1
53.93,128.43,36.57,24.16,82.28,3.05,1081.7,0.385,0.8352,1
45.36,128.29,44.03,30.55,32.19,4.01,2732.3,0.561,0.4744,0
197.01,506.33,64.95,36.58,61.36,31.93,1743.4,0.491,0.9968,1
34.76,153.8,41.83,54.57,80.4,3.44,3498.5,0.292,0.8877,1
67.46,165.41,41.73,29.15,77.3,4.84,2155.4,0.453,0.7782,1
29.51,73.56,41.57,46.2,75.36,2.9,2989.0,0.396,0.7889,1
63.18,140.28,38.2,27.78,42.41,4.33,1150.1,0.646,0.55,1
40.36,109.87,53.51,57.55,99.89,2.9,1608.7,0.187,0.9022,1
1.86,28.56,27.39,36.33,88.18,0.07,994.0,0.177,0.6558,1
32.5,79.5,51.19,46.59,68.19,2.52,2758.9,0.461,0.7333,1
103.56,263.97,53.47,35.36,65.1,13.25,2698.9,0.579,0.9158,1
127.13,278.7,61.3,42.17,69.94,19.27,2155.8,0.349,0.9726,1
33.22,106.25,42.38,31.0,33.59,2.11,2612.6,0.686,0.3763,0
35.76,71.94,29.05,29.34,43.99,1.79,1389.9,0.56,0.386,0
7.91,28.7,37.4,53.91,63.66,0.73,3097.6,0.37,0.5647,1
37.99,123.27,35.83,52.67,96.69,3.13,3243.6,0.227,0.9186,1
14.37,42.53,32.32,51.1,43.56,0.82,2391.1,0.281,0.6546,1
17.81,56.55,49.57,42.11,79.6,1.58,1430.8,0.335,0.711,1
30.39,96.0,23.87,47.77,88.33,1.7,2977.9,0.399,0.7039,1
64.43,179.14,44.8,25.79,92.68,3.57,3436.0,0.42,0.9052,1
129.19,291.75,60.97,35.16,92.79,18.98,2110.7,0.31,0.9873,1
124.87,310.0,50.6,34.62,94.02,8.32,2377.5,0.192,0.9833,1
33.94,86.31,50.37,42.38,67.73,4.05,3007.1,0.439,0.7079,1
30.86,148.25,42.68,35.7,66.67,1.69,2419.7,0.405,0.7282,1
46.26,122.06,39.96,29.43,94.47,4.55,849.5,0.359,0.7817,1
75.64,248.85,42.37,41.36,54.63,3.88,1596.3,0.385,0.8744,1
23.67,83.2,44.23,48.0,80.91,2.57,2219.7,0.348,0.8482,1
15.61,46.02,34.18,36.34,32.43,0.68,1730.5,0.597,0.4128,0
48.99,117.01,54.35,28.79,19.19,3.63,2443.9,0.617,0.4103,0
17.73,106.39,50.37,31.16,54.23,2.19,1129.1,0.579,0.5763,1
37.02,128.23,42.7,32.46,79.26,3.52,723.9,0.454,0.713,1
112.83,324.16,50.1,34.25,42.2,12.96,293.8,0.517,0.9156,1
19.28,71.85,36.38,42.58,47.41,1.24,328.5,0.405,0.5363,1
63.62,160.05,48.03,41.47,70.19,3.99,1377.2,0.328,0.8325,1
45.7,179.19,43.83,44.09,83.82,2.79,271.8,0.152,0.9192,1
34.55,97.41,49.52,35.86,50.27,4.11,1096.6,0.373,0.7036,1
14.54,61.76,46.64,48.37,85.88,1.15,1894.2,0.262,0.7413,1
4.49,57.62,25.27,31.4,78.68,0.25,2655.7,0.406,0.6437,1
146.93,366.53,69.79,38.32,60.97,21.51,2143.5,0.411,0.9905,1
174.24,563.33,88.06,47.5,69.95,27.86,1964.1,0.404,0.9982,1
14.28,46.08,28.16,30.59,46.19,0.93,999.0,0.516,0.52,1
21.68,73.22,33.16,27.83,46.4,1.47,252.0,0.453,0.4201,0
20.9,76.66,42.53,50.92,95.55,1.92,628.2,0.172,0.7968,1
32.18,117.96,55.28,35.37,65.63,4.07,3440.0,0.444,0.6886,1
13.6,33.52,47.2,43.73,60.12,0.96,3261.6,0.292,0.6263,1
211.47,674.61,72.89,22.72,52.94,24.37,1226.8,0.49,0.9979,1
97.07,197.54,56.44,43.91,47.24,11.95,1259.2,0.466,0.9057,1
101.83,235.93,45.54,34.68,43.3,10.56,3141.4,0.408,0.876,1
34.04,106.03,36.09,25.0,15.04,2.43,459.2,0.584,0.4417,0
127.29,373.01,67.99,41.7,53.57,21.56,765.7,0.413,0.9815,1
6.65,26.71,38.22,32.56,85.71,0.6,589.1,0.366,0.5579,1
73.3,183.27,39.83,36.45,37.39,6.54,3074.0,0.527,0.6334,1
93.23,271.77,53.2,26.42,86.46,7.53,221.8,0.384,0.9235,1
21.91,50.64,33.12,29.38,76.27,1.18,247.7,0.391,0.6567,1
59.26,181.8,42.93,34.19,16.88,4.25,2885.7,0.547,0.5779,1
57.96,178.15,54.26,26.89,14.6,4.15,2301.8,0.709,0.6174,1
68.85,201.09,55.45,52.3,22.84,8.21,2058.5,0.397,0.8195,1
23.55,52.63,29.96,20.31,80.59,1.22,3245.4,0.509,0.4359,0
63.36,215.75,58.51,38.65,72.97,7.44,1795.1,0.364,0.9177,1
71.86,143.17,38.64,28.41,39.23,5.89,1740.6,0.513,0.6885,1
15.37,207.81,39.15,34.45,83.05,0.73,1588.5,0.367,0.7365,1
37.7,147.41,34.3,53.16,74.39,1.63,2352.4,0.218,0.8309,1
161.73,490.71,62.69,29.93,61.29,16.58,1266.5,0.519,0.9896,1
380.0,750.0,94.51,55.99,81.75,65.0,2405.7,0.296,1.0,1
51.72,115.44,29.79,31.46,35.13,2.81,2522.1,0.483,0.5655,1
26.86,68.96,42.22,45.48,63.9,2.74,897.8,0.398,0.6841,1
135.2,421.32,64.45,40.12,15.74,13.37,2163.3,0.502,0.9729,1
40.36,94.87,57.16,50.96,64.89,3.08,2598.4,0.251,0.8991,1
338.6,750.0,73.88,40.3,68.18,33.74,3372.0,0.394,0.9999,1
34.27,110.11,47.49,39.83,29.94,2.43,3298.4,0.489,0.5593,1
200.68,558.07,70.25,31.11,58.53,21.25,876.7,0.439,0.9959,1
212.9,550.76,69.36,30.09,66.53,25.0,2105.1,0.511,0.9966,1
64.24,211.4,38.71,52.61,77.41,4.81,1748.9,0.332,0.9112,1
37.48,102.5,26.59,34.99,59.12,1.52,1352.5,0.492,0.5258,1
128.47,364.32,53.51,36.1,68.56,12.86,1329.1,0.318,0.9825,1
23.14,93.99,34.02,46.07,31.91,1.43,3404.1,0.458,0.6487,1
40.66,115.23,29.23,35.27,52.5,1.9,320.8,0.506,0.5912,1
90.11,295.28,57.95,54.89,11.64,9.21,3013.4,0.574,0.8775,1
11.59,60.05,36.82,45.36,37.92,0.72,1696.5,0.443,0.3774,0
45.39,150.39,41.03,41.38,44.26,4.53,2070.0,0.348,0.7131,1
255.44,750.0,75.38,50.79,75.04,24.83,2639.5,0.347,0.9998,1
113.92,277.7,51.03,24.61,87.8,12.77,1706.0,0.441,0.9583,1
28.46,116.84,41.01,33.04,58.19,1.87,3458.2,0.438,0.5785,1
38.94,147.89,61.05,38.23,27.41,3.43,3063.2,0.555,0.6769,1
31.15,89.21,36.82,32.13,78.02,2.67,904.4,0.272,0.6648,1
170.89,518.73,59.06,45.56,16.08,18.27,2412.4,0.588,0.988,1
22.18,124.33,38.37,52.76,57.42,1.59,1768.7,0.383,0.7495,1
166.49,340.83,52.07,37.31,37.6,15.09,1391.6,0.433,0.9727,1
4.21,32.01,29.81,35.35,66.52,0.22,1360.5,0.511,0.5235,1
14.61,74.3,43.99,55.63,17.66,1.35,737.1,0.339,0.4643,0
91.1,223.52,45.81,37.79,59.3,9.13,1710.3,0.425,0.9426,1
25.74,63.34,39.32,38.77,63.7,2.25,2165.7,0.495,0.5084,1
87.04,225.12,51.52,35.59,60.81,8.44,2834.5,0.583,0.8473,1
36.39,125.51,35.0,52.23,72.69,2.69,1153.0,0.215,0.756,1
49.06,153.28,36.88,40.66,58.87,4.0,2753.6,0.42,0.7461,1
28.5,75.33,46.44,46.15,29.09,2.76,2027.4,0.462,0.408,0
43.49,144.34,42.86,47.9,62.16,2.71,1051.5,0.354,0.8106,1
136.22,319.17,56.51,35.34,51.25,16.36,2797.1,0.462,0.9667,1
104.23,292.45,67.03,37.54,68.41,14.27,2189.5,0.419,0.9592,1
49.45,136.02,51.97,49.35,59.97,3.41,3351.1,0.534,0.7876,1
42.0,135.61,48.78,35.88,72.2,4.18,1151.8,0.477,0.7709,1
51.03,125.2,51.06,47.25,57.51,6.09,3411.3,0.253,0.8397,1
195.62,507.97,72.64,54.11,70.72,24.69,2033.3,0.232,0.9983,1
165.04,496.46,60.81,42.05,41.77,13.79,1700.8,0.511,0.9881,1
14.32,36.77,44.63,45.48,56.78,1.27,3087.3,0.295,0.6256,1
232.44,429.43,73.45,47.65,45.61,25.79,721.0,0.322,0.9964,1
83.41,211.49,51.72,49.21,24.01,8.23,1724.6,0.441,0.8371,1
18.92,84.32,42.79,36.65,74.68,1.68,614.1,0.434,0.7197,1
45.29,105.42,51.92,24.72,81.56,4.38,2223.6,0.482,0.6978,1
38.36,113.97,42.84,36.81,73.03,2.63,340.2,0.302,0.7245,1
6.87,29.87,47.18,43.44,52.91,0.75,3434.6,0.258,0.5002,1
31.57,115.76,34.71,37.91,58.12,1.51,226.9,0.5,0.5766,1
49.28,148.34,36.6,45.72,94.49,2.27,3276.2,0.319,0.899,1
42.56,115.49,47.12,35.72,55.72,4.57,2325.9,0.447,0.747,1
10.85,21.07,33.3,42.36,80.98,0.45,2915.1,0.308,0.6665,1
14.98,50.26,42.86,30.81,59.1,1.18,1381.8,0.448,0.5288,1
73.2,178.63,40.21,45.73,31.83,5.59,1005.2,0.476,0.7932,1
143.67,359.0,64.0,40.1,54.2,15.08,771.4,0.375,0.9854,1
96.32,324.22,67.05,31.4,62.18,10.07,1953.0,0.538,0.9415,1
146.75,450.19,71.37,34.03,62.69,22.65,1079.7,0.26,0.9941,1
128.11,388.88,64.31,45.71,15.45,13.81,3104.4,0.606,0.9677,1
63.42,155.38,49.27,38.63,42.51,4.25,298.8,0.4,0.6991,1
175.47,466.96,73.4,31.79,46.07,23.21,479.0,0.331,0.9924,1
29.0,63.93,41.89,56.12,73.12,2.6,912.2,0.311,0.7613,1
70.4,270.13,62.46,44.66,80.53,7.04,471.7,0.355,0.9544,1
35.85,120.28,37.25,55.27,51.62,1.83,2932.4,0.332,0.7698,1
18.47,50.82,36.54,37.39,67.51,1.11,213.3,0.433,0.6925,1
47.89,188.31,39.96,38.46,73.97,3.65,2350.5,0.211,0.8199,1
21.78,51.98,46.67,51.62,18.21,1.35,1703.1,0.582,0.363,0
59.78,195.24,35.98,39.6,30.42,3.24,2750.0,0.41,0.7649,1
9.55,29.83,28.59,44.42,75.13,0.67,1554.3,0.395,0.5992,1
38.52,123.91,37.12,32.9,34.18,2.1,2328.7,0.526,0.4986,0
42.31,103.21,27.74,37.83,92.66,1.51,2309.5,0.309,0.7758,1
14.68,38.34,46.91,28.42,50.55,1.21,1400.7,0.357,0.4657,0
114.7,387.5,74.22,31.46,96.23,11.03,576.8,0.472,0.9875,1
26.6,63.62,49.21,18.91,43.81,1.59,1629.0,0.654,0.4055,0
7.02,15.5,29.93,23.88,80.92,0.26,3087.7,0.35,0.5139,1
32.0,78.68,25.2,57.1,46.74,1.28,2828.1,0.475,0.6782,1
11.36,57.35,30.21,32.6,62.05,0.44,1425.7,0.402,0.5439,1
147.49,474.42,75.42,43.14,66.07,16.14,3062.0,0.333,0.9939,1
48.4,134.53,34.86,48.97,67.84,3.45,1647.8,0.228,0.7819,1
134.14,357.98,70.78,40.22,76.07,14.95,847.6,0.33,0.9856,1
17.81,60.02,50.35,29.61,50.29,1.75,3051.2,0.482,0.3715,0
18.06,37.73,33.07,45.06,60.66,1.04,1829.0,0.311,0.715,1
21.59,100.86,40.34,41.45,66.45,2.05,1631.6,0.43,0.742,1
16.39,63.64,39.24,45.15,55.19,1.35,975.2,0.515,0.5279,1
132.96,256.51,44.32,46.41,54.84,13.6,2723.2,0.444,0.9626,1
141.18,287.88,54.17,56.9,83.84,14.34,2015.7,0.107,0.9901,1
102.62,263.49,52.0,40.78,74.68,11.82,884.2,0.229,0.9709,1
12.12,59.62,49.39,35.34,39.82,1.2,1055.7,0.509,0.4886,0
40.12,147.44,34.56,42.73,30.8,3.01,1462.1,0.563,0.5823,1
79.66,217.1,44.92,25.76,31.0,7.48,1963.3,0.549,0.7452,1
26.9,90.22,38.98,51.59,86.57,1.67,2857.1,0.262,0.797,1
44.81,123.59,36.56,28.25,86.96,2.23,883.9,0.374,0.7882,1
233.29,692.61,80.79,34.99,33.29,42.37,2637.3,0.491,0.9986,1
45.16,81.89,49.2,48.05,51.18,2.89,3223.6,0.425,0.7465,1
18.59,44.36,40.3,41.38,63.34,1.49,1505.7,0.407,0.5019,1
39.16,86.24,43.17,36.61,52.92,4.2,1407.2,0.52,0.623,1
11.41,30.59,42.55,38.42,65.21,0.7,1776.4,0.305,0.5856,1
9.4,66.86,36.97,49.61,53.25,0.75,2896.4,0.24,0.6406,1
131.3,277.5,58.65,35.3,44.13,18.78,505.4,0.475,0.9438,1
79.19,170.48,30.61,50.27,37.61,4.47,1478.0,0.388,0.7728,1
80.14,239.38,66.67,26.81,66.88,10.39,296.8,0.392,0.9259,1
41.77,222.32,54.02,46.65,64.21,3.79,1908.9,0.282,0.876,1
66.6,171.93,50.31,49.31,32.22,5.95,3315.6,0.525,0.8277,1
171.27,434.65,66.22,30.65,28.17,22.9,728.8,0.543,0.9821,1
65.48,208.68,50.87,37.46,58.31,7.77,1042.8,0.606,0.8394,1
211.93,497.09,63.26,30.07,72.63,32.69,2506.4,0.387,0.9974,1
69.49,163.06,32.8,44.4,50.27,4.34,2478.7,0.357,0.8218,1
21.14,66.33,32.79,39.85,60.82,1.54,2169.2,0.473,0.5606,1
121.72,315.58,41.19,42.38,43.33,10.82,997.7,0.604,0.9383,1
85.46,257.4,50.24,31.15,51.9,6.53,419.7,0.431,0.9215,1
20.92,80.67,31.85,31.65,62.2,1.2,933.5,0.504,0.6217,1
59.22,164.7,44.67,24.04,32.68,5.52,2308.9,0.47,0.6734,1
21.1,90.61,28.54,34.84,72.01,0.82,1177.6,0.366,0.4987,0
9.75,36.17,36.33,40.44,51.86,0.83,2977.7,0.337,0.4549,0
47.48,152.95,47.66,49.75,92.33,3.9,2233.6,0.28,0.9112,1
26.76,75.52,32.77,43.25,39.63,1.57,365.0,0.435,0.4902,0
47.86,126.87,32.87,37.57,79.04,3.67,491.0,0.295,0.8182,1
24.39,53.33,41.51,54.96,98.37,1.44,1126.0,0.28,0.8293,1
2.85,104.3,29.12,44.78,70.21,0.1,2092.8,0.247,0.659,1
1.09,11.96,39.46,53.41,45.55,0.07,3291.7,0.547,0.42,0
39.05,122.91,42.84,39.66,62.35,2.33,540.7,0.442,0.6592,1
7.32,20.54,24.79,33.09,92.74,0.45,2941.2,0.404,0.5336,1
72.91,165.01,56.41,24.82,80.61,7.96,2090.3,0.51,0.8888,1
3.6,29.1,23.74,44.99,33.12,0.17,1400.9,0.534,0.3249,0
57.33,185.28,43.42,28.33,40.65,5.56,2321.8,0.38,0.7706,1
13.22,43.35,37.91,34.32,85.79,0.77,2790.5,0.212,0.6869,1
48.1,157.39,34.86,39.78,18.3,3.15,1383.8,0.46,0.6206,1
122.6,330.0,61.51,40.55,55.29,10.44,3235.0,0.378,0.9771,1
18.99,42.55,37.51,41.46,87.89,0.94,2018.1,0.408,0.6421,1
23.62,73.02,45.92,30.1,75.58,1.92,717.8,0.284,0.737,1
137.47,264.15,59.31,36.28,88.77,19.46,2004.4,0.244,0.9725,1
21.86,74.2,38.53,41.89,70.08,1.49,2726.1,0.309,0.672,1
33.71,85.0,45.95,56.35,54.64,2.77,2135.7,0.344,0.8406,1
16.72,77.68,31.23,45.04,70.14,1.21,2127.6,0.384,0.646,1
21.88,61.85,47.35,52.96,52.02,1.63,291.6,0.281,0.7497,1
17.29,90.32,42.73,46.15,69.52,1.36,1729.0,0.464,0.7027,1
7.61,46.88,31.76,41.24,66.81,0.34,1406.4,0.413,0.567,1
189.94,605.35,76.71,31.0,12.73,33.51,344.5,0.623,0.9924,1
29.74,145.67,44.44,43.24,40.84,1.65,2447.9,0.46,0.654,1
18.65,91.42,49.06,42.06,20.8,1.59,804.3,0.401,0.4502,0
28.82,87.1,42.95,41.51,74.86,1.93,1354.7,0.333,0.7899,1
17.52,56.87,47.37,38.79,85.42,1.27,2106.1,0.328,0.7819,1
130.46,345.09,52.22,39.69,35.45,10.34,1652.9,0.548,0.9433,1
154.99,502.68,64.5,35.16,13.05,16.8,2515.8,0.643,0.9745,1
15.98,69.0,31.81,39.47,74.33,1.21,2987.7,0.471,0.6717,1
177.57,388.78,60.31,31.19,53.38,22.72,758.5,0.488,0.9803,1
64.89,176.18,39.56,47.66,85.93,6.05,1119.4,0.178,0.943,1
29.0,90.84,48.7,30.79,41.38,2.06,813.2,0.602,0.4952,0
10.24,67.08,29.2,26.65,65.03,0.69,1847.3,0.585,0.4199,0
51.4,184.1,47.51,37.59,40.76,4.3,461.5,0.524,0.7353,1
5.22,54.46,32.53,43.0,95.36,0.42,2646.2,0.4,0.7673,1
95.92,225.1,61.14,37.63,88.82,11.56,622.2,0.338,0.9611,1
59.27,160.14,53.21,33.61,81.65,5.78,3324.3,0.326,0.8401,1
140.14,488.46,68.92,40.4,56.73,23.21,2973.2,0.366,0.9928,1
135.12,458.13,73.97,35.47,69.2,16.95,3398.7,0.283,0.9919,1
28.91,84.23,45.99,53.58,16.97,2.89,333.9,0.46,0.5291,1
32.7,139.3,33.3,52.96,44.86,1.98,877.0,0.288,0.7834,1
160.93,507.61,71.96,39.08,51.19,24.94,3371.4,0.63,0.9933,1
38.37,96.24,26.45,34.99,77.28,1.58,3449.3,0.297,0.7437,1
7.16,84.82,33.62,45.34,74.48,0.42,1126.3,0.413,0.4335,0
34.53,110.63,42.95,23.68,76.37,2.45,2175.9,0.309,0.6931,1
238.43,442.68,80.47,38.45,62.47,44.7,884.7,0.365,0.9986,1
43.85,105.66,49.8,35.2,67.86,5.26,3152.8,0.38,0.8237,1
27.86,105.05,48.97,52.84,64.34,2.94,651.6,0.296,0.8439,1
130.09,437.99,49.3,21.25,70.72,14.55,2471.2,0.455,0.981,1
25.36,69.57,41.4,40.27,49.0,1.74,1157.5,0.511,0.5368,1
25.2,64.77,43.41,45.45,52.05,1.53,1433.5,0.533,0.5284,1
26.61,96.74,43.35,38.68,61.69,2.41,2008.2,0.422,0.6412,1
13.89,102.62,34.86,26.67,19.48,0.98,1610.6,0.586,0.2911,0
28.59,77.03,49.62,56.61,69.95,2.19,1927.3,0.202,0.825,1
90.72,225.44,39.79,39.44,82.17,8.61,2442.8,0.319,0.9409,1
85.57,220.02,50.74,41.82,51.82,7.23,1177.6,0.305,0.9091,1
28.87,78.04,42.65,32.43,75.44,2.78,2638.1,0.37,0.6853,1
45.25,105.96,44.51,38.65,82.01,2.76,1576.7,0.527,0.815,1
21.38,55.36,48.97,37.43,28.52,1.65,271.9,0.659,0.4096,0
40.29,121.24,39.29,26.12,43.45,3.16,2993.9,0.551,0.5026,1
29.03,82.2,33.06,27.67,40.22,1.45,1129.2,0.61,0.4149,0
196.16,513.52,75.98,48.9,47.53,36.42,3038.8,0.351,0.9984,1
14.97,99.91,45.89,32.53,77.26,1.32,2657.1,0.313,0.7915,1
205.58,422.98,65.78,31.1,83.36,29.09,1542.1,0.301,0.9967,1
18.39,43.16,30.67,39.13,36.67,1.09,2345.9,0.466,0.3573,0
76.91,162.79,40.07,46.37,48.03,5.33,3473.4,0.491,0.8289,1
46.6,106.53,45.62,25.38,21.34,4.82,1214.8,0.512,0.4186,0
38.5,102.34,24.54,40.86,91.03,1.16,1686.4,0.341,0.7848,1
51.79,152.89,46.28,28.24,91.87,4.21,690.1,0.423,0.8832,1
90.8,272.23,45.06,23.66,52.75,9.6,3075.5,0.524,0.8371,1
43.25,127.97,45.91,24.81,24.73,2.6,2024.5,0.541,0.4643,0
96.75,218.08,45.19,48.77,46.83,6.43,536.4,0.434,0.9039,1
17.68,36.43,31.52,28.19,19.91,1.36,2172.0,0.608,0.2662,0
58.94,164.22,48.44,24.3,60.52,6.99,1744.2,0.535,0.7079,1
116.88,263.32,62.78,37.63,58.33,12.47,1214.4,0.513,0.9664,1
27.72,71.15,25.47,49.16,76.36,1.54,261.7,0.205,0.7723,1
28.84,95.64,32.61,33.2,67.51,1.89,914.0,0.444,0.6381,1
6.42,52.18,38.29,37.26,36.08,0.45,879.7,0.542,0.3453,0
186.53,490.58,64.5,23.93,39.74,27.17,2560.7,0.586,0.9833,1
76.9,154.72,47.54,37.88,35.86,7.48,1055.5,0.532,0.7294,1
16.7,58.67,23.78,40.88,62.57,0.52,3429.4,0.36,0.5546,1
25.78,79.7,26.78,40.71,67.8,1.58,807.3,0.286,0.712,1
216.73,699.78,72.7,35.1,69.55,24.53,3147.1,0.269,0.9994,1
17.84,45.76,28.46,34.66,85.84,1.03,1405.4,0.425,0.6332,1
11.18,69.42,26.02,27.69,57.02,0.64,3498.0,0.473,0.3762,0
55.47,111.93,49.36,35.97,57.81,6.48,2852.5,0.457,0.8699,1
64.13,207.44,35.33,27.36,84.27,5.44,2193.3,0.396,0.844,1
29.07,62.19,25.57,46.3,67.83,1.79,2941.1,0.329,0.7337,1
241.72,576.44,72.6,56.03,27.78,36.05,3159.3,0.513,0.9987,1
51.22,192.29,58.39,56.38,19.89,6.02,3492.0,0.428,0.7733,1
31.61,104.35,50.26,50.06,80.55,1.94,761.7,0.34,0.832,1
12.42,57.76,40.28,41.47,91.24,0.66,2129.7,0.281,0.71,1
24.56,85.86,33.17,44.23,14.87,1.39,1476.5,0.353,0.3366,0
265.21,725.79,77.47,33.84,73.21,45.83,1472.0,0.338,0.9998,1
214.07,566.49,70.65,42.25,82.72,29.79,2286.7,0.403,0.9988,1
50.72,163.21,31.12,38.02,82.7,2.38,1863.7,0.26,0.764,1
310.44,750.0,90.09,38.61,28.11,38.03,2874.8,0.567,0.9994,1
15.6,33.77,49.98,46.01,66.5,1.41,1283.3,0.376,0.6349,1
8.39,87.87,29.21,33.75,77.57,0.58,1949.0,0.38,0.4954,0
40.94,124.12,38.27,34.73,31.18,1.99,3386.4,0.537,0.4706,0
17.26,58.22,49.74,53.08,17.67,1.55,498.7,0.526,0.3987,0
37.75,91.08,51.53,25.03,96.07,2.48,1086.1,0.379,0.8414,1
10.4,68.09,45.21,38.69,30.91,0.72,535.5,0.422,0.4868,0
29.79,88.39,51.74,52.4,20.69,3.76,407.0,0.558,0.5439,1
25.99,130.15,42.15,41.72,28.57,1.46,255.0,0.647,0.4838,0
109.28,238.62,50.76,40.11,50.78,7.02,1406.1,0.324,0.9244,1
16.27,41.61,40.84,32.82,62.83,0.87,3000.2,0.388,0.5085,1
12.05,46.84,39.85,35.38,47.94,1.01,997.5,0.593,0.4287,0
6.72,56.33,34.31,49.5,20.07,0.28,1270.6,0.441,0.3368,0
10.49,116.97,49.52,40.43,45.29,0.89,3025.9,0.488,0.4993,0
37.7,113.02,46.06,39.36,72.03,4.24,695.0,0.354,0.8215,1
17.97,49.54,32.54,27.36,54.37,0.75,981.6,0.593,0.3291,0
16.81,56.53,32.96,21.76,62.29,1.34,2549.3,0.463,0.4624,0
152.1,450.72,52.26,55.81,71.66,10.75,2645.4,0.147,0.9929,1
206.34,592.06,84.7,36.21,50.88,23.88,1383.7,0.499,0.9982,1
330.89,750.0,86.42,41.53,58.15,56.8,234.6,0.489,0.9999,1
71.69,151.41,48.06,26.38,52.52,5.23,1459.0,0.526,0.7188,1
8.5,24.69,36.46,43.71,43.23,0.37,2561.1,0.374,0.4909,0
102.22,248.8,52.53,53.56,68.61,11.67,2558.8,0.282,0.9749,1
46.28,148.07,47.22,40.83,35.46,3.68,1585.3,0.498,0.7026,1
12.09,43.4,29.11,28.53,43.03,0.84,1351.0,0.564,0.3225,0
33.41,146.81,48.96,40.98,80.2,2.55,2516.8,0.391,0.794,1
36.73,91.72,30.46,46.29,43.61,2.32,3331.5,0.41,0.6097,1
28.16,108.19,31.09,36.91,26.83,1.42,2816.2,0.567,0.4398,0
8.78,17.46,26.39,50.74,72.85,0.32,956.6,0.248,0.661,1
90.34,270.32,48.81,42.74,59.59,10.88,3376.7,0.518,0.9386,1
18.13,54.46,34.48,51.69,90.07,1.23,2212.0,0.09,0.8226,1
31.38,68.88,45.37,42.06,61.55,3.26,571.0,0.534,0.5622,1
9.6,24.48,26.67,28.75,69.98,0.39,1311.6,0.303,0.5548,1
13.2,56.46,42.32,34.51,57.23,0.96,2589.5,0.397,0.4814,0
26.79,66.85,25.4,31.33,29.76,1.24,3070.3,0.419,0.3562,0
26.62,59.38,35.68,52.19,86.41,1.92,1947.3,0.294,0.7666,1
67.61,150.6,53.57,46.09,52.45,6.21,654.5,0.428,0.8324,1
95.86,331.56,57.44,43.51,72.21,8.38,607.7,0.294,0.9664,1
8.67,48.36,52.9,34.27,64.58,0.66,1275.6,0.305,0.6356,1
19.28,84.2,44.07,30.73,82.64,1.68,323.8,0.447,0.6261,1
194.64,422.81,70.93,45.96,69.77,21.01,1581.2,0.317,0.9946,1
25.64,77.28,38.59,38.44,85.22,1.7,2764.5,0.329,0.7901,1
14.82,41.38,33.75,32.1,65.08,0.62,1721.4,0.345,0.554,1
5.18,32.46,23.47,41.88,66.07,0.19,2940.1,0.428,0.4416,0
35.6,110.21,32.29,23.96,30.79,2.1,2369.1,0.554,0.3386,0
57.93,185.12,42.09,34.94,33.44,5.45,837.9,0.536,0.7881,1
47.09,124.48,46.91,38.31,55.84,3.72,907.5,0.366,0.7422,1
81.8,222.61,59.9,29.41,35.31,7.76,1353.9,0.571,0.8555,1
35.85,105.7,46.5,57.97,78.95,3.12,1975.6,0.232,0.853,1
50.06,183.01,53.36,31.56,45.44,3.38,2438.3,0.351,0.8002,1
90.42,205.11,39.98,28.71,90.03,6.0,771.2,0.384,0.8556,1
18.83,38.03,40.48,31.38,51.07,1.05,705.8,0.523,0.2708,0
93.18,285.74,42.29,46.38,62.9,6.03,240.9,0.279,0.9606,1
20.45,69.35,40.22,37.35,26.0,1.4,572.4,0.638,0.4176,0
56.54,151.12,30.35,40.58,69.99,2.19,2681.1,0.281,0.8366,1
114.98,265.79,53.48,22.3,50.33,13.75,382.7,0.56,0.8975,1
22.23,62.67,35.11,23.5,57.89,1.22,2199.1,0.626,0.5417,1
28.5,75.45,34.22,37.81,28.96,1.47,2182.9,0.672,0.31,0
26.73,100.17,47.75,48.09,50.36,2.1,3475.4,0.305,0.7622,1
42.11,129.15,47.36,50.99,76.29,3.35,2436.2,0.354,0.8585,1
69.73,145.31,36.06,26.74,60.64,5.67,2507.6,0.429,0.6953,1
89.66,228.99,60.58,39.92,24.98,8.53,495.8,0.442,0.9008,1
24.69,95.75,42.63,52.43,65.18,1.89,3091.9,0.341,0.7783,1
14.95,47.35,23.2,36.48,63.77,0.64,1256.1,0.485,0.4866,0
224.74,662.0,75.45,48.58,42.49,27.09,1231.4,0.407,0.999,1
26.03,84.1,47.98,28.85,66.09,2.77,1736.7,0.316,0.6306,1
49.06,160.53,57.47,53.74,65.12,5.67,2535.2,0.21,0.9029,1
17.0,56.4,31.39,45.8,83.47,1.14,1171.7,0.353,0.7045,1
14.29,44.07,50.97,54.13,47.69,0.93,2765.8,0.411,0.7202,1
33.65,103.43,42.26,43.52,69.8,3.22,1010.5,0.391,0.6737,1
132.03,341.04,44.22,35.88,68.76,8.83,605.0,0.289,0.961,1
91.02,226.16,53.84,53.92,35.34,6.47,2499.1,0.361,0.904,1
40.24,172.83,38.38,33.57,75.17,3.18,3241.2,0.335,0.7608,1
19.56,53.84,34.88,35.1,59.52,1.01,3201.9,0.328,0.4875,0
141.1,345.98,55.53,44.23,20.96,13.54,406.3,0.519,0.966,1
95.9,295.04,55.36,46.26,24.11,11.26,1492.4,0.43,0.9237,1
10.45,41.72,44.68,53.37,61.75,0.62,1148.3,0.309,0.66,1
14.25,58.14,37.8,31.42,70.42,0.74,1700.5,0.343,0.532,1
5.28,30.56,25.18,47.39,70.61,0.27,366.5,0.234,0.624,1
63.58,144.88,50.75,45.38,79.68,5.76,1555.3,0.21,0.9102,1
39.62,88.76,32.86,25.49,60.13,1.94,3371.1,0.401,0.5459,1
70.79,194.9,56.98,36.46,48.0,7.54,2070.9,0.483,0.8776,1
27.46,84.76,28.64,33.77,82.09,1.58,917.1,0.286,0.77,1
27.01,84.14,27.73,34.37,87.73,1.29,2870.5,0.348,0.7508,1
239.53,493.34,68.51,57.76,65.64,23.38,1511.2,0.385,0.9989,1
24.21,55.47,44.93,42.58,78.34,2.22,410.5,0.329,0.7403,1
11.15,56.5,29.22,44.73,78.84,0.44,1362.9,0.209,0.5984,1
14.7,47.46,22.84,57.03,76.19,0.69,2886.4,0.219,0.7199,1
101.84,307.83,67.73,36.22,89.26,10.71,929.2,0.409,0.9664,1
79.24,242.36,49.76,47.53,56.47,4.74,1277.6,0.374,0.927,1
16.32,44.74,29.87,37.55,44.98,0.88,1096.1,0.4,0.4577,0
48.25,169.12,45.89,50.26,80.57,3.55,3163.6,0.237,0.8779,1
16.3,69.11,28.27,30.61,47.38,0.69,1170.9,0.601,0.4231,0
113.55,389.95,52.84,54.57,69.62,11.09,993.1,0.376,0.9769,1
18.61,41.95,30.29,31.88,25.82,0.92,3259.7,0.546,0.2771,0
11.62,100.64,49.39,34.94,81.23,0.91,3499.3,0.34,0.7338,1
20.59,61.82,32.79,45.95,24.94,1.48,2158.8,0.516,0.4195,0
36.47,119.44,43.28,36.61,88.47,2.06,3284.8,0.27,0.7916,1
11.89,37.62,28.15,41.66,81.03,0.57,2734.7,0.399,0.4344,0
88.9,277.0,55.0,37.78,45.05,7.44,819.1,0.467,0.9177,1
146.77,432.85,62.72,45.51,49.01,14.46,2457.0,0.315,0.9946,1
160.67,512.24,63.34,32.18,92.35,18.06,2807.3,0.404,0.9963,1
52.36,129.32,41.02,25.17,69.1,5.15,2651.9,0.372,0.7043,1
121.88,398.78,70.24,34.25,65.89,17.61,1948.8,0.265,0.9876,1
33.8,84.38,46.1,38.44,71.75,2.26,1900.2,0.454,0.7356,1
177.29,503.88,66.51,30.16,52.8,22.92,2912.1,0.549,0.9928,1
42.93,128.49,40.07,35.67,68.51,2.41,2473.7,0.337,0.7462,1
141.85,438.83,76.05,36.76,80.21,25.36,2816.6,0.506,0.9941,1
38.26,125.69,32.56,25.11,26.0,2.18,884.6,0.659,0.3855,0
9.06,39.58,51.52,41.02,31.71,1.14,3389.2,0.318,0.6014,1
12.23,84.92,42.97,50.95,45.82,1.08,2618.3,0.329,0.6069,1
35.17,69.0,39.28,29.56,54.13,3.15,1593.8,0.577,0.5135,1
10.86,38.31,35.33,41.39,52.2,0.55,2177.5,0.593,0.3787,0
296.13,750.0,78.25,43.18,35.14,53.56,2311.3,0.459,0.9998,1
73.24,234.55,41.97,37.21,40.44,4.45,2844.1,0.542,0.8303,1
97.51,297.04,54.81,44.23,47.95,13.2,2512.6,0.377,0.9469,1
380.0,750.0,78.98,37.01,79.52,46.94,2986.6,0.385,1.0,1
113.61,268.38,35.91,39.13,64.77,8.52,1502.7,0.361,0.9531,1
6.06,31.24,48.13,20.54,59.91,0.56,1590.2,0.367,0.4624,0
119.74,338.49,45.85,43.96,46.41,10.0,822.3,0.412,0.9677,1
20.56,65.25,41.18,43.09,52.25,1.49,1901.8,0.642,0.5315,1
62.83,191.25,44.5,23.81,47.33,4.75,1525.1,0.49,0.6901,1
30.7,146.04,39.99,36.0,85.24,1.96,2394.0,0.346,0.8154,1
219.07,567.34,76.79,57.29,57.53,33.25,2189.6,0.356,0.9987,1
5.55,46.75,21.91,37.24,63.1,0.3,3029.6,0.392,0.4177,0
6.07,27.78,38.49,39.07,59.2,0.48,755.4,0.349,0.5277,1
39.78,130.41,50.61,52.25,86.5,4.4,3221.0,0.281,0.8456,1
35.93,70.1,29.75,44.72,66.94,2.19,927.7,0.396,0.6639,1
68.05,279.39,45.43,40.99,37.06,5.78,2578.3,0.48,0.9218,1
41.52,145.02,40.16,47.39,21.55,3.77,1844.2,0.444,0.6808,1
78.7,268.87,59.63,50.03,87.79,7.6,2518.8,0.232,0.9694,1
84.54,237.73,51.52,38.05,17.22,6.77,1969.7,0.492,0.7763,1
82.45,247.34,51.49,38.46,47.73,7.21,2353.0,0.499,0.8928,1
147.33,282.69,48.96,36.43,67.55,14.08,2681.7,0.415,0.9648,1
40.29,167.72,40.39,56.07,78.2,1.95,837.3,0.268,0.9171,1
37.35,149.74,38.6,44.12,44.71,3.3,1329.8,0.352,0.6621,1
71.63,219.39,48.51,26.56,66.47,5.54,3061.9,0.346,0.8532,1
45.01,126.07,33.77,49.97,38.26,3.01,2959.2,0.412,0.6733,1
12.95,50.64,22.31,38.58,52.05,0.37,2447.6,0.268,0.5489,1
81.07,232.23,56.84,25.78,64.4,8.12,1207.6,0.494,0.8901,1
276.33,696.99,80.36,40.19,26.85,28.61,880.7,0.491,0.999,1
20.14,60.15,37.65,37.16,38.57,0.92,360.2,0.42,0.3661,0
50.22,135.1,34.75,50.64,50.02,3.88,3282.4,0.257,0.8123,1
50.63,106.21,39.66,31.4,53.25,3.47,2298.3,0.472,0.5404,1
4.2,68.01,24.21,48.46,46.23,0.23,1563.3,0.432,0.4544,0
54.35,168.26,41.75,40.39,46.38,3.72,2477.4,0.558,0.7171,1
22.09,95.38,37.48,24.93,48.91,1.69,1711.3,0.47,0.4467,0
16.97,110.78,49.1,56.55,70.23,1.1,1357.2,0.394,0.7951,1
34.27,112.89,40.11,39.31,21.7,1.99,1853.8,0.543,0.6067,1
214.48,475.29,57.45,34.0,75.33,22.34,2630.8,0.394,0.9966,1
55.24,144.95,52.49,38.33,79.97,5.14,2964.4,0.493,0.8407,1
46.37,115.61,38.47,49.75,66.53,2.59,528.6,0.373,0.734,1
86.87,238.8,66.05,34.38,60.45,13.38,414.0,0.46,0.93,1
31.59,106.5,53.26,31.02,88.68,2.64,1323.0,0.306,0.7796,1
27.24,89.27,44.09,28.66,79.24,2.11,329.1,0.292,0.7196,1
140.71,284.44,43.73,34.19,76.53,10.08,1832.9,0.41,0.9693,1
59.97,166.88,36.43,46.76,80.85,5.45,2919.0,0.329,0.8922,1
26.79,81.6,44.95,38.38,47.98,1.99,1347.4,0.431,0.4946,0
96.91,226.37,45.79,32.15,81.01,6.85,1770.2,0.347,0.929,1
40.06,100.26,30.52,30.09,47.83,2.91,2095.3,0.383,0.5512,1
20.05,60.66,31.62,35.11,68.93,0.89,3215.1,0.356,0.5417,1
16.39,61.62,32.53,54.04,37.49,1.28,3257.9,0.476,0.4972,0
30.5,86.79,53.94,35.37,55.92,3.19,2285.1,0.435,0.6773,1
36.73,247.53,53.37,58.46,67.0,2.92,233.6,0.184,0.9204,1
102.94,299.97,62.38,38.68,55.51,9.81,825.7,0.428,0.9589,1
36.36,84.81,42.03,30.56,29.16,3.25,865.5,0.725,0.3965,0
55.4,212.25,54.24,51.28,37.89,3.76,2176.5,0.581,0.8303,1
18.85,52.42,49.5,38.13,91.55,1.99,2535.1,0.219,0.7304,1
7.58,37.02,32.49,44.49,33.35,0.39,493.6,0.37,0.4573,0
12.72,34.48,48.87,57.85,54.05,1.4,1155.9,0.282,0.7071,1
151.69,346.8,49.88,24.64,86.52,10.31,1873.6,0.349,0.9768,1
18.47,52.61,30.83,27.22,74.61,0.87,2745.5,0.391,0.5604,1
34.49,141.03,39.65,44.82,82.2,2.42,1336.7,0.176,0.8809,1
17.61,77.69,35.17,33.75,45.99,1.45,1840.7,0.503,0.4515,0
19.84,55.11,31.36,30.74,67.51,0.98,1837.3,0.356,0.4206,0
189.02,435.54,79.22,23.89,64.95,34.39,3258.3,0.465,0.9961,1
47.4,121.77,33.2,22.38,79.45,2.1,2989.2,0.393,0.6963,1
33.29,120.62,54.62,46.57,33.79,2.59,3031.0,0.415,0.6726,1
43.71,98.12,38.86,28.88,47.24,2.39,749.8,0.381,0.5831,1
9.23,20.1,44.51,38.29,55.69,0.82,3172.7,0.382,0.5139,1
26.84,109.55,52.6,41.6,76.26,2.41,1499.3,0.244,0.7785,1
22.57,55.49,37.79,37.42,69.43,1.98,1997.7,0.283,0.7834,1
48.54,151.27,42.36,22.88,32.17,3.77,2227.2,0.478,0.5519,1
81.84,225.5,63.84,46.88,72.56,11.96,1619.6,0.34,0.9683,1
61.83,127.5,42.35,21.04,60.61,3.96,1332.7,0.342,0.724,1
104.5,276.92,48.09,46.14,80.48,12.12,1018.5,0.391,0.9666,1
31.13,93.33,50.86,51.39,51.97,3.21,1894.7,0.453,0.6878,1
40.39,131.73,38.32,37.52,29.62,2.87,2964.2,0.673,0.5207,1
107.2,277.35,41.88,39.85,84.05,8.94,2725.2,0.238,0.9669,1
23.47,76.87,44.33,38.5,64.79,2.49,1882.7,0.383,0.4836,0
21.33,67.41,42.02,36.51,93.04,1.48,1331.3,0.272,0.706,1
38.74,123.67,42.46,51.1,51.61,2.5,242.0,0.294,0.7682,1
14.33,59.21,43.37,51.42,63.63,0.94,885.4,0.264,0.6963,1
118.89,266.62,37.88,35.19,46.69,11.1,816.5,0.565,0.8491,1
75.28,197.78,50.96,41.84,91.81,6.29,2141.6,0.356,0.9348,1
88.46,297.12,54.66,53.21,44.91,11.36,3238.5,0.331,0.9616,1
4.73,41.37,34.03,55.67,50.47,0.22,1243.5,0.384,0.5547,1
19.24,87.94,51.28,39.23,41.17,1.74,2817.4,0.518,0.5694,1
64.41,163.72,54.78,37.96,49.13,7.08,1288.1,0.331,0.8755,1
76.38,174.76,41.95,33.66,68.13,7.86,3381.7,0.384,0.9008,1
36.61,132.23,43.68,55.41,65.14,3.33,843.0,0.376,0.8004,1
126.88,292.75,57.39,29.21,89.37,8.76,1542.7,0.144,0.986,1
246.99,547.11,67.59,40.94,45.47,36.53,692.9,0.415,0.998,1
67.32,173.36,51.35,33.77,56.08,7.07,946.5,0.448,0.8094,1
78.22,240.44,54.09,33.67,18.98,6.1,549.7,0.531,0.8471,1
156.09,426.94,57.46,36.88,75.49,18.0,561.4,0.314,0.9931,1
108.79,320.94,68.56,60.87,21.81,17.93,2274.0,0.457,0.9541,1
15.28,51.73,27.43,24.95,35.5,0.51,2786.7,0.558,0.2411,0
4.88,22.57,26.89,40.9,90.81,0.32,467.4,0.102,0.6916,1
144.99,506.86,80.24,26.52,83.89,18.44,930.3,0.357,0.9944,1
41.87,129.14,46.63,29.66,54.06,3.89,1259.6,0.345,0.7666,1
50.56,158.15,50.28,37.67,36.48,3.97,3291.3,0.499,0.5957,1
45.15,98.09,45.98,39.26,64.82,4.46,2173.5,0.316,0.8427,1
6.02,12.34,39.01,33.09,65.92,0.44,554.0,0.452,0.4762,0
20.17,57.48,29.16,34.69,79.58,0.91,1420.2,0.171,0.5805,1
42.31,161.97,47.27,26.75,80.22,3.71,2560.1,0.376,0.8227,1
9.16,25.76,32.63,34.34,70.4,0.5,3428.2,0.389,0.4083,0
28.59,111.49,34.42,56.06,57.51,1.5,2636.6,0.192,0.7048,1
167.86,350.35,67.85,54.36,55.02,22.45,797.9,0.389,0.9911,1
60.9,149.71,41.14,35.17,47.51,5.09,2903.3,0.528,0.7853,1
44.75,129.67,53.07,40.71,58.9,3.28,211.0,0.416,0.7357,1
24.35,68.21,36.05,52.23,80.14,2.11,1791.9,0.201,0.8282,1
25.2,79.64,39.82,20.33,71.35,1.21,1338.7,0.311,0.6914,1
227.29,545.41,67.76,47.86,72.86,24.03,3322.9,0.258,0.999,1
83.65,188.6,52.62,54.62,74.33,7.25,351.5,0.3,0.9541,1
17.04,71.51,38.67,26.96,48.47,0.85,1043.4,0.624,0.324,0
15.13,39.46,44.32,29.92,78.5,0.88,1057.5,0.422,0.598,1
25.03,47.93,34.13,55.56,20.94,1.97,1597.2,0.295,0.5919,1
35.72,84.92,45.01,39.9,37.48,2.69,3247.0,0.467,0.6104,1
3.74,10.93,40.07,21.53,40.23,0.25,2353.6,0.574,0.2207,0
2.3,107.35,33.74,33.06,41.45,0.16,600.7,0.354,0.4822,0
258.68,750.0,93.8,37.9,80.57,51.96,2922.1,0.31,0.9999,1
47.36,126.93,40.82,43.99,67.19,4.1,2278.5,0.427,0.8401,1
6.05,20.6,42.69,45.21,49.78,0.47,253.3,0.421,0.4259,0
33.56,117.91,43.87,59.8,84.04,3.12,3231.3,0.132,0.889,1
11.84,55.8,37.6,33.91,78.34,1.07,356.5,0.413,0.6943,1
28.28,87.92,27.45,39.92,57.73,1.07,2212.8,0.4,0.5695,1
22.4,73.38,42.9,39.8,43.05,1.87,2182.8,0.556,0.5748,1
26.4,63.62,33.48,36.89,64.98,2.07,2209.0,0.272,0.6499,1
105.68,272.48,51.35,30.2,64.9,13.32,2999.3,0.391,0.9556,1
34.81,104.45,46.71,57.12,66.42,2.14,608.0,0.14,0.8413,1
147.21,314.43,62.27,49.55,55.55,22.32,1964.4,0.295,0.9846,1
54.61,154.77,47.08,38.98,50.98,5.51,2092.9,0.504,0.7358,1
82.46,158.68,38.95,41.53,54.35,6.88,1512.3,0.493,0.8537,1
79.18,245.01,35.66,32.14,78.71,3.93,1942.6,0.537,0.8684,1
17.5,41.75,42.91,40.05,31.86,1.46,1853.1,0.437,0.5497,1
187.6,530.65,73.13,44.05,74.26,22.86,2704.6,0.474,0.998,1
85.88,264.64,54.17,39.37,39.24,9.12,681.4,0.562,0.8738,1
17.94,121.6,40.43,58.8,84.89,1.57,297.6,0.198,0.8963,1
22.99,85.32,49.48,41.74,31.55,1.64,3273.9,0.502,0.5169,1
86.63,213.88,43.29,36.07,81.08,5.25,1235.0,0.307,0.8826,1
269.39,750.0,79.29,46.49,29.89,35.54,2812.7,0.532,0.9995,1
30.12,74.78,41.55,30.25,40.42,2.55,1255.1,0.397,0.4255,0
30.89,105.35,51.59,36.39,69.65,3.31,213.0,0.324,0.7729,1
29.56,64.49,27.06,35.47,33.96,1.59,911.5,0.523,0.3564,0
11.38,28.74,44.31,37.49,28.89,1.16,548.0,0.528,0.4064,0
311.44,750.0,73.68,46.82,77.03,49.45,2915.0,0.315,0.9999,1
164.2,392.7,59.03,38.66,66.1,17.99,763.6,0.295,0.9954,1
18.95,57.05,33.46,47.25,66.15,1.16,3479.2,0.25,0.6893,1
82.98,253.43,48.54,40.85,72.11,9.01,2221.9,0.321,0.947,1
278.13,750.0,79.46,35.35,48.32,51.92,1265.6,0.299,0.9998,1
16.26,55.38,35.31,47.83,49.18,1.32,1865.7,0.466,0.5544,1
250.96,643.76,68.18,32.48,83.53,31.57,3373.6,0.423,0.9996,1
82.75,203.06,46.74,32.05,97.63,7.55,2299.3,0.355,0.9383,1
31.59,109.36,36.57,39.13,45.33,2.57,2686.9,0.456,0.6178,1
24.88,64.89,32.35,33.15,27.88,1.57,1829.3,0.517,0.3926,0
55.95,175.31,37.2,20.83,73.49,3.11,1958.1,0.311,0.8211,1
1.23,24.46,27.37,42.73,47.81,0.08,3446.9,0.489,0.3484,0
82.01,229.33,52.37,39.28,80.57,7.91,2194.8,0.348,0.9009,1
174.29,510.7,63.33,37.8,83.82,27.34,1988.3,0.458,0.9972,1
162.71,518.52,74.37,56.09,47.19,23.22,3082.3,0.36,0.9969,1
35.11,140.93,33.71,40.72,67.82,2.02,1682.4,0.354,0.7016,1
17.9,58.59,43.16,49.99,58.74,1.14,1763.0,0.286,0.6125,1
20.73,66.75,41.3,29.08,86.54,1.41,2543.7,0.405,0.6012,1
46.54,128.49,38.12,40.67,18.88,2.64,727.4,0.578,0.433,0
23.09,72.7,25.13,50.19,74.2,1.39,629.7,0.408,0.7055,1
37.43,93.65,29.7,41.02,82.03,2.2,2240.5,0.394,0.7931,1
25.15,80.74,36.6,44.74,42.11,2.09,805.4,0.401,0.5104,1
49.82,180.98,45.18,36.09,81.99,3.31,1637.2,0.236,0.8904,1
8.67,71.92,36.39,27.02,67.19,0.4,2854.7,0.521,0.4809,0
153.5,363.59,60.13,38.07,67.4,16.1,1222.9,0.349,0.9848,1
31.53,131.86,32.52,36.63,93.7,2.48,2649.6,0.273,0.8515,1
58.09,202.71,52.01,50.15,95.46,4.07,1281.9,0.207,0.9707,1
55.93,153.56,37.78,32.65,92.91,4.7,331.2,0.482,0.7885,1
63.05,170.86,59.03,56.07,66.05,4.75,502.4,0.337,0.9161,1
99.02,245.9,43.38,55.35,94.13,6.08,1631.8,0.274,0.9709,1
194.2,587.43,62.55,32.76,91.21,26.1,1249.0,0.449,0.9984,1
41.41,109.83,46.5,35.5,86.6,2.84,1747.5,0.358,0.7968,1
16.46,56.18,19.87,51.5,36.97,0.4,1926.2,0.377,0.5046,1
57.08,123.12,54.58,56.06,61.12,4.63,3310.9,0.21,0.8878,1
16.85,65.01,43.26,37.75,82.26,1.57,1758.1,0.302,0.6328,1
24.87,65.32,37.2,34.81,48.85,1.75,3029.7,0.487,0.497,0
14.39,49.79,46.66,39.63,69.69,1.28,3007.3,0.411,0.6429,1
101.69,291.19,58.36,43.84,52.0,10.29,3128.6,0.382,0.9646,1
32.53,153.43,37.62,33.51,62.95,1.7,1975.2,0.368,0.6901,1
16.1,87.44,50.62,45.32,77.68,1.21,1144.4,0.29,0.7759,1
29.65,69.58,46.85,24.74,30.32,2.0,2794.6,0.541,0.3404,0
53.6,124.52,34.39,24.59,97.96,3.91,1264.8,0.444,0.8405,1
9.75,34.68,46.27,36.44,94.31,1.04,3156.1,0.395,0.6864,1
15.63,54.06,47.4,35.64,42.36,1.12,546.0,0.515,0.5642,1
37.49,124.95,51.47,34.67,74.22,2.75,2437.9,0.336,0.7821,1
7.65,47.29,18.81,38.82,75.65,0.22,1788.2,0.369,0.5193,1
55.81,154.98,35.66,34.8,55.61,4.82,2203.4,0.527,0.7309,1
70.75,208.38,58.32,31.01,54.02,6.1,567.0,0.474,0.8632,1
28.31,99.36,40.6,34.5,60.53,2.41,3405.3,0.447,0.7162,1
21.37,53.82,42.63,56.85,48.95,1.23,2557.7,0.387,0.7189,1
29.54,119.57,45.92,37.02,68.25,2.79,1140.8,0.387,0.6929,1
24.71,81.54,24.1,37.78,41.25,0.9,3135.3,0.512,0.4258,0
64.98,179.46,44.98,40.85,69.32,6.69,1694.4,0.255,0.8132,1
26.06,69.81,34.26,57.81,83.21,1.1,814.0,0.196,0.7635,1
103.05,269.18,40.75,32.58,84.68,7.77,1621.0,0.446,0.9425,1
29.95,82.28,38.09,43.65,52.07,2.35,1253.8,0.397,0.7371,1
13.56,60.93,51.17,44.68,28.27,1.5,2537.8,0.544,0.3692,0
61.77,159.29,34.77,41.64,43.3,5.09,270.2,0.407,0.8073,1
62.48,198.74,56.88,26.83,60.67,7.16,3104.6,0.497,0.8162,1
15.04,33.98,43.94,43.53,37.16,0.9,1626.7,0.387,0.5271,1
89.26,259.7,62.13,25.51,87.08,11.87,572.7,0.394,0.9468,1
49.31,142.95,42.84,41.35,85.96,3.99,2734.0,0.194,0.893,1
61.64,167.14,55.22,45.42,60.96,4.53,3461.4,0.48,0.8285,1
57.44,208.93,56.78,31.63,17.25,4.51,3179.0,0.646,0.5432,1
23.11,64.86,44.85,49.07,77.91,2.36,743.5,0.361,0.7749,1
15.22,68.82,35.34,23.17,46.27,1.04,914.8,0.491,0.4456,0
66.06,188.14,44.93,49.16,33.9,4.17,3459.4,0.447,0.8161,1
6.88,27.79,33.38,38.13,37.62,0.51,869.1,0.473,0.4419,0
147.2,414.73,48.34,31.84,26.89,13.97,1195.6,0.329,0.9587,1
168.63,449.66,63.79,28.85,33.57,15.25,2255.4,0.482,0.9844,1
41.44,126.78,37.95,54.98,59.47,2.81,1161.5,0.3,0.7913,1
203.87,563.6,72.05,26.0,62.91,35.36,1458.5,0.473,0.9986,1
99.61,339.57,65.91,31.24,89.34,14.29,2646.2,0.316,0.9706,1
16.07,51.71,26.53,35.5,44.89,0.73,2157.9,0.519,0.4035,0
45.85,291.51,59.99,41.97,64.8,3.32,2873.5,0.329,0.9073,1
180.43,519.55,60.65,40.08,45.91,16.35,2759.1,0.526,0.9904,1
52.87,141.88,46.07,28.52,39.64,3.5,2837.6,0.553,0.6901,1
61.47,191.68,42.36,33.97,43.29,4.4,786.8,0.502,0.6619,1
296.96,605.24,64.23,32.49,39.89,44.77,1047.9,0.42,0.9992,1
79.87,178.75,49.31,31.71,54.07,5.65,802.5,0.522,0.8059,1
135.28,268.98,56.22,37.02,32.52,9.62,604.7,0.592,0.9126,1
120.14,247.68,59.02,44.32,71.83,9.72,3005.9,0.424,0.9677,1
32.96,105.09,47.19,31.83,40.31,2.77,212.6,0.495,0.5471,1
48.91,166.29,34.14,35.96,41.87,2.15,2270.8,0.501,0.6276,1
27.92,61.02,31.85,36.55,69.61,1.71,3080.5,0.394,0.6695,1
221.72,651.44,82.31,57.01,77.23,28.4,752.7,0.097,0.9997,1
13.88,123.93,38.06,55.08,89.16,0.89,3274.4,0.289,0.8446,1
30.66,101.53,44.91,47.47,41.95,1.93,3359.7,0.397,0.5691,1
59.48,204.89,62.67,32.58,85.81,8.09,2116.6,0.357,0.9058,1
23.53,75.26,45.68,25.74,70.91,1.82,2401.5,0.357,0.5935,1
50.48,137.64,44.11,34.7,75.99,3.01,815.9,0.239,0.8716,1
63.69,150.55,53.92,33.32,93.84,5.73,3447.7,0.368,0.9119,1
18.58,66.1,24.72,39.16,87.47,1.14,2640.2,0.377,0.5395,1
14.61,53.23,36.19,46.68,30.77,1.13,1903.5,0.449,0.4805,0
7.9,68.61,40.37,49.77,38.07,0.74,1853.2,0.45,0.6269,1
36.09,91.92,35.14,49.2,69.9,2.99,2239.3,0.224,0.8098,1
60.41,194.05,49.15,35.79,61.08,5.68,814.4,0.415,0.8047,1
222.36,655.86,85.1,43.83,24.65,36.41,2170.2,0.524,0.9986,1
63.11,198.52,43.07,34.59,71.49,6.47,430.7,0.493,0.8643,1
156.37,452.31,75.43,25.32,85.89,27.54,2195.8,0.394,0.9936,1
5.63,17.9,30.15,44.25,42.69,0.36,2096.6,0.331,0.4358,0
11.47,34.81,46.25,20.94,48.33,1.2,1380.0,0.682,0.3797,0
10.15,39.58,37.81,36.98,78.84,0.83,497.9,0.392,0.6282,1
83.51,175.73,48.08,35.03,40.21,6.42,2015.5,0.529,0.7687,1
36.16,190.2,55.05,44.01,47.75,2.7,1643.7,0.406,0.8482,1
18.98,63.22,29.43,46.29,58.19,1.19,1230.9,0.264,0.5562,1
8.14,27.31,33.67,34.36,78.2,0.65,1612.4,0.37,0.5672,1
40.32,136.02,39.18,47.9,83.97,3.9,401.0,0.247,0.8103,1
40.0,121.49,42.0,34.08,61.14,2.12,481.3,0.493,0.6096,1
21.8,63.02,34.02,37.82,50.65,1.5,676.3,0.396,0.484,0
22.04,70.21,47.12,45.02,55.66,2.08,2026.4,0.314,0.7077,1
37.68,100.72,34.24,43.99,56.74,2.17,1134.3,0.404,0.7029,1
22.39,91.79,34.44,58.35,6.48,1.48,975.9,0.456,0.4481,0
249.14,750.0,96.36,32.08,20.43,43.03,2280.6,0.539,0.9995,1
59.8,185.02,47.02,43.12,79.67,6.75,2169.5,0.29,0.9084,1
10.36,33.5,21.28,41.7,85.54,0.35,1316.2,0.377,0.6407,1
194.67,557.64,80.31,52.53,60.62,22.41,3292.7,0.239,0.999,1
27.12,86.72,45.34,29.73,44.46,2.55,1514.0,0.496,0.4682,0
44.44,95.96,35.05,45.81,58.79,2.45,825.5,0.318,0.7012,1
244.6,517.33,73.09,40.65,68.94,22.75,3132.9,0.31,0.9981,1
3.04,9.68,39.28,33.55,88.19,0.27,2517.0,0.266,0.5946,1
65.52,194.33,38.15,38.44,36.22,4.05,2671.4,0.604,0.7837,1
113.75,239.06,46.23,35.14,65.73,13.1,3001.6,0.355,0.9493,1
68.02,155.85,42.35,40.92,62.08,4.63,2827.4,0.397,0.8469,1
50.92,121.82,34.45,51.17,46.57,3.37,2997.7,0.508,0.7601,1
272.26,675.38,84.39,40.67,41.44,32.38,951.3,0.481,0.9996,1
109.55,271.56,56.46,42.28,38.69,11.71,2232.2,0.309,0.9492,1
35.95,119.2,47.52,39.46,86.58,2.64,2429.8,0.372,0.8439,1
8.08,33.81,39.02,24.71,73.9,0.66,1165.9,0.353,0.4924,0
30.91,98.1,42.76,32.31,72.45,1.63,3481.1,0.242,0.7437,1
126.38,261.08,52.99,38.84,62.3,14.12,2864.0,0.427,0.9678,1
26.22,64.22,37.23,34.52,64.72,1.83,3218.3,0.402,0.5656,1
64.42,153.83,40.81,30.65,34.73,4.45,701.9,0.517,0.6525,1
26.79,54.46,46.41,39.12,83.91,1.6,324.5,0.338,0.7046,1
113.0,231.29,49.92,34.85,67.0,7.23,294.4,0.361,0.946,1
55.67,127.57,50.93,33.07,76.4,6.32,3060.1,0.404,0.8206,1
10.44,53.41,31.65,38.21,85.3,0.71,2003.1,0.389,0.6484,1
146.03,350.26,58.33,28.83,49.24,15.38,1215.5,0.473,0.9482,1
147.96,360.03,70.79,53.26,60.6,12.66,2858.4,0.3,0.9853,1
60.84,173.3,47.88,50.18,45.62,6.57,2325.4,0.33,0.8753,1
13.62,40.46,38.53,44.43,63.6,1.08,2243.1,0.404,0.5332,1
53.88,105.85,49.12,27.67,56.87,3.44,2832.0,0.563,0.5956,1
34.3,110.45,37.1,46.62,43.76,1.98,1748.3,0.401,0.6027,1
27.81,72.6,42.24,47.76,43.4,1.51,733.8,0.455,0.6074,1
13.77,151.55,40.42,46.34,45.46,1.3,3228.1,0.375,0.6373,1
32.11,110.66,57.29,28.01,73.16,3.41,3055.4,0.396,0.713,1
41.55,90.79,41.76,42.61,36.04,2.93,1020.5,0.57,0.5312,1
62.14,125.53,31.33,48.77,83.96,3.93,1285.3,0.229,0.8972,1
122.99,324.22,62.7,40.87,35.2,16.73,2906.5,0.537,0.951,1
36.08,120.91,45.22,42.68,24.18,3.34,3408.4,0.463,0.5667,1
116.71,293.92,63.43,38.08,55.47,16.86,2758.9,0.272,0.9638,1
43.72,115.3,39.71,39.69,73.61,3.43,372.8,0.436,0.7845,1
32.97,117.88,49.25,23.5,29.76,1.96,1547.4,0.699,0.5194,1
24.62,81.19,40.16,42.47,85.72,1.36,2761.1,0.267,0.7986,1
1.22,17.26,42.79,26.47,46.43,0.12,1737.8,0.605,0.3232,0
67.62,158.42,35.11,37.57,27.82,3.24,2430.5,0.442,0.7259,1
97.41,234.7,55.65,34.05,76.74,10.87,320.0,0.475,0.9315,1
23.5,59.8,54.53,40.09,29.77,1.88,898.4,0.474,0.4955,0
39.9,102.29,35.13,28.84,65.88,3.43,2704.9,0.383,0.5465,1
68.86,175.43,53.01,43.95,38.44,5.45,835.5,0.371,0.8466,1
147.64,490.03,58.23,47.29,88.71,14.36,3405.0,0.401,0.9952,1
55.14,117.59,45.35,29.99,69.72,5.52,1410.1,0.416,0.7341,1
91.52,276.94,47.94,27.58,35.93,9.02,841.0,0.643,0.8362,1
188.01,381.45,66.61,29.32,57.26,20.26,841.3,0.447,0.993,1
159.12,387.76,58.91,50.61,83.0,19.76,777.7,0.267,0.9948,1
50.78,128.45,41.27,39.68,42.36,5.18,1346.5,0.372,0.7241,1
64.88,221.32,60.9,38.28,55.64,5.49,2119.3,0.549,0.9086,1
25.1,78.85,35.68,27.69,93.41,1.35,3114.3,0.314,0.7596,1
45.34,115.94,42.37,42.76,44.44,3.43,3280.6,0.474,0.7254,1
53.27,183.44,56.14,50.19,48.36,4.81,2179.6,0.28,0.9128,1
72.92,262.96,45.01,48.53,46.16,5.29,2288.3,0.385,0.8749,1
53.47,169.08,34.87,42.13,86.55,3.28,1919.1,0.325,0.9191,1
24.29,128.84,48.27,26.14,41.27,2.61,1311.1,0.512,0.5859,1
36.19,81.57,41.81,27.95,26.77,2.52,1962.0,0.526,0.4974,0
14.69,63.88,29.07,24.59,60.34,0.66,746.1,0.297,0.5107,1
16.13,83.67,34.32,33.05,59.13,1.06,1265.2,0.45,0.4768,0
61.78,133.0,47.38,28.93,50.66,6.83,858.5,0.481,0.6196,1
31.2,91.71,44.17,33.13,39.47,2.91,2971.4,0.414,0.5779,1
87.14,182.13,51.71,36.41,76.02,7.4,738.0,0.385,0.8996,1
42.68,112.19,46.68,54.24,44.99,4.91,2664.9,0.477,0.7041,1
9.59,81.11,40.43,41.72,41.38,0.81,419.1,0.356,0.5023,1
60.77,139.23,47.91,48.8,38.06,4.02,2377.1,0.293,0.6794,1
23.08,117.08,36.54,44.51,60.16,1.77,2726.5,0.252,0.6671,1
36.7,84.87,49.53,27.95,63.02,4.32,532.0,0.429,0.563,1
47.25,108.38,41.83,45.3,38.21,3.59,2747.7,0.372,0.6211,1
206.46,556.96,66.55,33.56,50.64,29.52,2133.6,0.551,0.9959,1
339.73,750.0,81.09,42.48,80.67,38.46,2464.3,0.234,0.9999,1
44.62,114.39,46.57,35.32,63.28,2.79,2586.8,0.43,0.7532,1
80.01,167.08,40.11,60.43,93.19,6.47,738.6,0.113,0.9727,1
4.83,57.01,33.03,33.23,28.89,0.27,2833.1,0.507,0.2409,0
24.82,55.76,36.9,33.67,78.33,1.65,2780.1,0.292,0.7253,1
18.46,64.06,45.44,53.44,55.53,1.34,2334.6,0.385,0.6447,1
70.81,241.48,40.97,22.66,71.08,5.2,1865.6,0.492,0.7501,1
46.15,157.78,38.1,44.1,43.88,2.34,3004.7,0.478,0.6567,1
75.7,165.47,52.64,44.97,25.02,5.34,3106.3,0.469,0.8104,1
196.83,563.07,91.78,48.86,69.97,32.11,1304.8,0.179,0.9993,1
238.7,486.29,62.06,56.8,38.77,26.5,1958.6,0.328,0.9966,1
135.05,250.07,58.11,56.92,40.76,18.31,1684.4,0.522,0.9662,1
85.02,245.06,54.75,25.58,69.71,7.59,1603.0,0.423,0.8762,1
28.78,65.49,34.37,48.28,52.76,2.06,2931.9,0.352,0.6029,1
5.77,30.8,27.5,42.67,71.1,0.25,2389.7,0.458,0.4917,0
42.8,121.42,53.79,42.7,36.99,3.68,1763.9,0.468,0.6933,1
71.14,229.99,45.07,28.63,57.61,6.8,2802.0,0.449,0.861,1
53.86,151.74,32.34,42.78,36.04,3.36,3312.3,0.504,0.683,1
11.77,58.68,48.26,57.7,48.3,0.96,1545.3,0.472,0.669,1
21.6,52.09,29.21,52.35,60.86,1.15,646.8,0.246,0.6838,1
236.1,453.34,55.07,37.66,40.71,29.87,3235.3,0.373,0.9962,1
89.67,227.93,45.58,23.93,69.86,8.87,3359.3,0.397,0.8794,1
159.87,516.91,65.09,35.86,23.8,25.13,1550.1,0.543,0.9853,1
11.77,37.38,42.62,48.46,41.33,1.17,2339.7,0.46,0.5712,1
3.27,46.0,30.57,44.25,28.57,0.21,498.6,0.589,0.2894,0
45.16,99.2,49.21,38.11,76.45,3.22,353.3,0.303,0.8663,1
49.19,109.16,33.53,24.96,62.27,2.76,511.6,0.43,0.6823,1
130.28,283.39,48.26,37.38,42.73,12.08,2755.7,0.565,0.9484,1
59.92,157.99,39.28,38.32,80.37,2.93,1714.8,0.367,0.827,1
69.73,221.49,65.69,53.31,77.55,9.55,2362.8,0.252,0.9676,1
33.96,80.72,50.38,42.53,58.79,4.23,2030.2,0.376,0.8056,1
46.79,125.91,32.87,34.56,73.34,3.5,839.7,0.493,0.7786,1
18.29,60.09,31.94,39.61,64.21,1.22,2887.3,0.603,0.6479,1
192.49,465.8,60.76,25.62,72.62,24.34,906.8,0.561,0.9943,1
117.39,297.46,44.82,56.62,65.5,12.45,801.6,0.307,0.9819,1
126.36,262.96,49.06,35.8,71.77,9.94,2238.8,0.412,0.9632,1
22.79,60.38,43.32,38.52,92.15,1.76,3068.6,0.373,0.6691,1
50.02,153.91,34.87,35.68,76.4,3.59,3058.3,0.25,0.8651,1
33.14,123.57,40.59,43.69,58.79,2.62,1646.9,0.364,0.6953,1
139.78,414.6,60.94,43.11,76.7,19.57,2462.0,0.277,0.9894,1
158.04,315.66,58.78,44.66,69.25,15.57,2923.6,0.376,0.9848,1
24.87,54.36,45.73,33.36,77.51,1.98,913.6,0.281,0.7126,1
163.71,462.3,73.76,34.67,93.87,18.4,1503.3,0.455,0.9952,1
132.91,420.8,73.46,28.5,43.97,19.82,2290.2,0.531,0.9829,1
15.64,51.94,49.85,42.93,35.79,1.33,2970.2,0.438,0.4507,0
38.45,146.03,54.21,23.92,87.54,3.99,1308.8,0.377,0.8194,1
74.16,149.56,43.04,41.39,33.15,4.08,2250.2,0.544,0.7186,1
163.4,529.75,64.42,50.27,68.92,22.27,393.2,0.205,0.9974,1
39.68,96.4,50.9,51.26,78.13,3.82,3277.3,0.221,0.8736,1
35.09,74.24,40.23,37.88,29.09,3.06,3156.8,0.577,0.5164,1
33.41,98.38,40.04,38.1,43.14,2.04,3243.1,0.413,0.613,1
120.99,264.23,41.57,26.23,75.07,11.63,3395.3,0.509,0.9476,1
13.54,37.13,32.04,43.35,82.68,1.01,2990.8,0.293,0.6861,1
32.79,70.68,48.23,48.26,73.77,2.8,896.1,0.299,0.8639,1
82.57,263.63,48.75,32.67,44.62,5.33,2118.1,0.443,0.7986,1
24.23,65.45,46.5,37.25,92.44,2.1,793.2,0.359,0.5597,1
68.97,237.39,39.37,48.95,77.72,5.54,267.6,0.326,0.9353,1
23.13,64.85,38.71,50.61,50.26,1.77,673.1,0.358,0.5477,1
58.1,228.25,38.88,32.63,70.57,5.35,2977.9,0.471,0.8485,1
140.3,465.21,69.83,40.21,52.47,23.45,2654.2,0.324,0.9924,1
74.39,232.46,50.17,31.02,95.03,7.5,2707.6,0.285,0.9118,1
34.69,112.77,25.72,27.47,71.17,1.82,1539.5,0.383,0.6518,1
75.67,164.68,40.07,52.31,39.36,4.15,288.5,0.332,0.8561,1
27.91,83.13,23.58,48.23,35.68,1.13,1248.7,0.456,0.4732,0
47.36,156.01,44.99,46.08,54.23,3.47,1702.1,0.289,0.8608,1
31.98,111.03,52.61,24.55,44.29,2.78,1381.7,0.455,0.4645,0
66.12,193.27,40.45,49.15,56.9,5.74,1854.4,0.356,0.8636,1
26.69,122.62,40.49,37.63,77.01,1.98,2220.6,0.261,0.8064,1
41.67,101.9,35.24,35.36,70.02,2.72,589.7,0.441,0.7432,1
67.39,235.29,41.4,40.12,77.33,4.25,3196.0,0.457,0.9108,1
68.25,159.86,42.87,26.97,46.42,4.15,2048.1,0.554,0.6724,1
137.58,330.98,56.63,45.97,84.71,13.5,3025.2,0.274,0.9781,1
36.68,89.19,43.27,41.0,67.59,2.02,1765.6,0.286,0.7088,1
13.14,54.08,42.14,30.81,91.96,0.78,2613.4,0.295,0.7124,1
30.78,105.13,24.65,30.87,16.06,1.72,3153.9,0.519,0.4188,0
70.56,219.03,40.12,30.73,41.58,5.01,2183.6,0.605,0.7927,1
89.17,295.35,42.83,25.08,88.83,9.43,1548.9,0.407,0.9585,1
36.33,112.34,46.78,41.14,44.38,2.05,2100.2,0.432,0.7625,1
4.51,18.37,17.18,49.02,32.84,0.19,750.8,0.5,0.3154,0
274.65,750.0,75.63,21.92,63.1,42.54,2518.1,0.34,0.9997,1
25.44,71.24,29.79,24.57,79.65,1.52,323.5,0.395,0.5493,1
14.75,83.07,45.06,40.76,47.6,1.52,1693.1,0.61,0.473,0
295.03,750.0,85.88,48.19,28.09,51.05,2001.7,0.5,0.9998,1
183.01,437.41,55.08,34.96,52.2,12.55,1528.7,0.299,0.9881,1
51.39,172.22,54.25,35.54,16.24,6.63,1793.4,0.533,0.6508,1
158.89,508.14,69.0,41.35,19.65,25.6,779.9,0.52,0.9916,1
13.09,27.72,30.99,33.53,57.58,0.76,457.9,0.502,0.4349,0
92.24,287.49,61.32,22.84,79.77,7.71,1662.4,0.284,0.9477,1
226.3,626.0,71.05,45.28,73.07,36.46,3281.4,0.335,0.9994,1
40.74,104.07,46.89,42.12,72.71,3.61,793.3,0.31,0.7786,1
41.04,94.86,51.41,40.96,39.99,3.43,1134.4,0.479,0.6246,1
81.46,263.61,44.75,45.48,69.24,9.08,3100.8,0.403,0.9119,1
12.71,73.11,47.22,43.48,68.51,0.85,1082.7,0.402,0.6543,1
58.69,137.22,52.61,31.46,35.78,4.37,1472.8,0.552,0.6486,1
93.17,250.6,60.72,35.61,50.66,11.2,535.9,0.26,0.9248,1
91.44,258.9,56.19,28.53,22.81,7.95,353.9,0.492,0.813,1
41.34,86.98,29.28,28.69,63.91,2.1,2379.4,0.357,0.6975,1
59.22,186.38,38.77,43.51,23.34,3.47,691.2,0.686,0.6344,1
39.07,141.14,45.69,49.78,42.82,3.96,2043.3,0.44,0.6372,1
93.52,249.75,38.26,55.73,84.38,5.57,1619.8,0.209,0.9686,1
12.23,45.52,28.44,42.19,74.6,0.8,511.3,0.389,0.657,1
213.39,677.1,88.66,30.73,91.07,40.8,1615.4,0.282,0.9998,1
18.3,87.46,38.9,27.64,68.73,1.13,1019.1,0.439,0.4562,0
23.63,115.53,31.3,47.94,75.61,1.66,3032.9,0.387,0.791,1
46.3,162.73,50.35,40.91,24.51,3.76,1067.5,0.569,0.6554,1
191.44,400.74,60.16,41.92,69.06,19.91,2505.4,0.52,0.9947,1
25.0,61.28,45.92,46.81,63.57,1.49,2459.3,0.375,0.6153,1
163.39,342.97,44.97,44.3,35.83,14.25,837.5,0.468,0.9819,1
172.72,428.56,62.98,48.78,41.04,24.6,2033.8,0.575,0.9884,1
37.27,117.33,54.87,25.03,52.35,4.11,2976.6,0.456,0.5955,1
21.25,39.58,29.95,45.67,60.15,1.22,531.3,0.582,0.507,1
50.61,156.97,49.46,49.45,35.28,5.93,2214.8,0.419,0.8042,1
22.42,80.65,33.95,33.87,87.82,1.35,759.6,0.341,0.6873,1
20.27,96.44,38.46,42.51,78.09,1.94,994.6,0.35,0.7819,1
35.65,125.64,56.0,34.63,61.12,3.59,2339.4,0.304,0.7495,1
18.22,76.65,36.1,55.34,73.92,1.34,2305.9,0.258,0.753,1
92.45,289.93,56.65,23.42,59.91,6.6,2393.2,0.412,0.8865,1
36.92,108.75,27.97,40.93,56.17,2.18,1990.6,0.459,0.6265,1
23.2,105.83,36.39,30.1,85.13,1.36,2786.9,0.33,0.8081,1
49.54,130.18,31.67,44.57,80.74,2.14,2339.7,0.306,0.854,1
25.05,102.62,38.69,30.44,68.38,1.35,904.0,0.403,0.7964,1
112.43,333.01,55.33,32.39,80.57,11.58,534.5,0.306,0.9819,1
47.56,115.2,32.43,38.89,98.35,3.03,233.7,0.349,0.8486,1
26.8,102.24,47.1,52.52,83.71,2.67,223.1,0.353,0.7829,1
37.39,141.53,32.23,31.65,67.34,2.15,550.9,0.312,0.7772,1
6.77,74.89,47.83,29.27,20.71,0.75,1633.0,0.56,0.2707,0
212.23,546.15,59.47,46.05,87.13,16.27,219.3,0.274,0.9981,1
46.42,162.42,51.35,39.04,36.0,3.24,1462.8,0.329,0.7335,1
108.54,316.0,54.21,52.35,72.84,8.8,2765.0,0.307,0.9715,1
75.72,224.48,53.7,29.36,54.34,5.42,624.1,0.51,0.8791,1
137.37,357.41,61.92,42.66,64.21,18.56,2800.1,0.393,0.9825,1
22.56,62.87,38.15,32.32,81.44,1.44,827.1,0.343,0.7307,1
75.49,190.72,44.13,29.75,55.42,6.62,952.7,0.513,0.8155,1
5.1,10.2,31.46,43.72,54.6,0.35,1005.3,0.426,0.4231,0
4.17,17.94,40.21,41.29,83.84,0.32,1268.5,0.189,0.6533,1
15.35,48.14,31.77,45.91,69.83,0.92,1853.6,0.411,0.5763,1
15.38,42.42,33.13,34.5,54.1,0.91,2446.1,0.467,0.4964,0
67.62,256.94,46.76,37.85,27.18,6.65,2761.0,0.611,0.7954,1
97.49,279.08,60.85,36.89,27.56,11.2,271.3,0.501,0.8719,1
3.07,47.12,28.45,57.9,46.4,0.15,680.1,0.505,0.4236,0
8.19,37.44,27.68,34.04,63.43,0.45,2669.4,0.458,0.3775,0
333.3,750.0,79.92,34.11,47.65,65.0,2749.0,0.566,0.9999,1
30.73,130.04,47.46,35.66,59.75,3.28,3316.4,0.398,0.7834,1
37.5,110.95,48.52,40.56,22.69,3.24,1160.7,0.585,0.6081,1
30.91,98.62,25.17,32.9,80.77,1.55,943.8,0.399,0.6877,1
8.86,35.01,40.96,52.54,83.75,0.62,2093.4,0.297,0.778,1
40.38,97.01,32.71,33.29,67.13,2.48,460.0,0.482,0.6565,1
20.22,60.39,30.24,51.51,65.95,1.32,2593.3,0.298,0.6999,1
41.92,136.21,45.31,27.54,77.46,4.35,1778.1,0.265,0.7695,1
35.02,80.33,29.7,42.96,87.42,1.33,2543.2,0.395,0.7217,1
40.69,131.9,31.17,52.09,40.88,1.79,723.5,0.368,0.7022,1
133.23,421.65,60.23,30.19,50.42,15.68,1733.9,0.462,0.9842,1
80.03,204.45,44.19,56.22,94.7,7.48,1339.2,0.211,0.9741,1
37.77,82.81,32.64,37.96,79.39,2.54,1755.5,0.335,0.7601,1
232.21,663.17,90.5,54.43,45.19,32.04,2041.3,0.416,0.9994,1
56.12,172.17,50.94,43.53,50.89,5.86,2459.3,0.224,0.8244,1
34.06,121.92,36.56,34.29,63.7,2.24,3060.4,0.453,0.6929,1
62.45,178.93,41.59,30.87,52.08,3.94,968.9,0.552,0.8505,1
188.41,380.51,59.81,34.35,30.02,26.48,1608.7,0.531,0.9801,1
18.44,80.35,48.86,27.05,61.62,1.7,573.3,0.515,0.5242,1
183.08,538.9,81.74,29.25,57.51,34.74,1302.8,0.437,0.9976,1
32.2,101.65,35.95,27.6,61.77,2.02,1453.8,0.393,0.6946,1
14.07,29.08,45.35,37.29,71.62,1.29,1656.3,0.407,0.6346,1
40.86,147.94,31.69,47.31,89.99,2.93,3258.6,0.216,0.8674,1
54.25,187.87,30.43,29.15,84.47,2.69,3202.7,0.318,0.8034,1
88.3,203.86,62.45,28.71,79.05,12.76,428.0,0.389,0.9494,1
52.83,170.64,45.81,42.6,68.78,4.01,1565.7,0.273,0.8254,1
48.06,112.39,35.07,31.17,81.83,2.47,1256.2,0.42,0.6062,1
45.29,117.86,32.87,27.27,24.45,3.22,1391.6,0.588,0.539,1
25.38,68.67,26.17,30.12,52.07,1.09,2676.9,0.598,0.47,0
25.31,78.56,34.56,53.03,32.95,2.13,850.8,0.329,0.494,0
46.24,102.22,50.44,48.27,26.99,5.24,2694.3,0.492,0.6964,1
15.42,54.12,40.75,35.65,26.1,0.94,3226.4,0.528,0.3337,0
25.9,102.35,51.49,42.94,43.11,3.31,2489.4,0.526,0.5414,1
62.37,155.7,48.97,39.89,81.38,5.11,1557.9,0.436,0.8809,1
17.37,45.64,22.16,43.53,67.45,0.74,406.7,0.326,0.5246,1
20.69,69.99,51.04,43.69,54.55,1.37,543.5,0.401,0.6019,1
137.73,419.21,71.33,42.2,71.88,12.32,2559.1,0.308,0.9884,1
81.57,177.53,38.76,33.3,26.25,5.01,574.7,0.617,0.6895,1
13.36,46.34,33.15,23.86,67.51,0.54,1567.1,0.509,0.4912,0
22.43,75.64,26.12,38.02,39.91,0.91,3076.1,0.449,0.3897,0
14.87,32.15,42.82,51.27,35.47,1.2,1969.2,0.339,0.5527,1
15.55,52.67,35.28,40.68,65.08,1.15,1311.4,0.339,0.623,1
66.9,146.33,50.15,48.7,79.92,5.12,962.1,0.418,0.8625,1
20.55,39.46,39.51,59.03,62.47,1.4,1982.1,0.251,0.7131,1
196.97,462.01,78.21,30.0,66.41,26.16,1322.4,0.389,0.997,1
35.76,100.74,25.17,43.96,61.37,1.46,3364.5,0.316,0.7422,1
23.03,74.14,51.81,43.45,77.13,2.03,244.6,0.365,0.7481,1
42.56,119.5,32.58,57.4,38.66,2.54,3319.3,0.318,0.6623,1
23.03,69.74,42.82,58.1,68.92,1.44,897.3,0.343,0.76,1
15.72,37.31,47.62,43.81,39.15,1.35,2094.9,0.47,0.5095,1
28.54,58.06,40.8,32.64,35.1,1.79,1070.3,0.532,0.3798,0
72.06,213.12,55.17,47.41,26.22,5.1,2897.8,0.54,0.7401,1
20.46,62.8,40.59,27.7,62.0,1.23,2506.9,0.437,0.5692,1
26.54,80.05,40.83,46.78,71.2,2.62,973.3,0.438,0.7268,1
21.85,64.14,27.06,52.26,28.16,1.1,2064.2,0.432,0.3978,0
31.19,95.62,30.8,36.35,52.63,2.38,3198.4,0.351,0.6963,1
28.44,80.93,45.02,42.25,69.03,1.91,939.3,0.347,0.7415,1
17.09,43.08,38.5,37.46,57.97,1.04,2885.7,0.322,0.4563,0
44.68,111.02,38.09,37.63,50.26,3.46,2816.8,0.539,0.6683,1
141.28,398.35,58.36,34.53,18.33,13.7,1463.4,0.584,0.966,1
28.28,139.35,56.29,46.15,58.4,2.66,326.5,0.326,0.7827,1
17.95,81.42,33.55,53.79,19.2,1.38,750.9,0.525,0.561,1
52.99,135.21,33.92,54.09,45.36,2.23,1764.3,0.389,0.7507,1
213.83,515.71,64.19,30.4,39.4,28.36,1753.0,0.505,0.9962,1
14.88,134.58,56.4,50.5,45.62,1.97,549.1,0.329,0.6109,1
193.45,447.57,71.7,45.35,33.94,19.79,1146.5,0.453,0.9928,1
13.21,69.3,48.68,32.92,75.3,1.11,1446.9,0.259,0.7418,1
26.48,75.46,36.5,25.69,16.28,2.18,2895.0,0.735,0.1745,0
95.85,277.89,67.09,33.36,63.77,12.19,3164.5,0.302,0.97,1
103.3,277.06,51.17,52.37,30.87,8.8,2191.7,0.496,0.9369,1
9.48,30.64,25.31,42.32,86.48,0.48,1103.2,0.238,0.6924,1
39.36,110.92,32.65,44.84,31.22,2.08,2462.7,0.468,0.5961,1
32.5,91.36,49.04,33.04,61.37,3.21,3317.4,0.503,0.5839,1
15.84,96.29,47.45,44.79,46.27,1.04,563.3,0.514,0.5964,1
41.46,134.35,39.52,22.97,66.87,2.45,1126.7,0.627,0.6196,1
72.53,177.7,31.96,36.17,80.14,2.83,2004.5,0.454,0.7661,1
15.36,40.66,35.74,42.15,62.56,0.79,1325.5,0.338,0.55,1
22.46,82.56,50.77,29.34,25.17,1.56,3052.5,0.52,0.4021,0
84.0,200.31,34.09,48.33,90.26,5.66,1062.7,0.299,0.9457,1
15.75,77.46,38.49,32.38,61.25,1.47,3113.5,0.447,0.5077,1
103.19,299.55,48.48,42.84,68.58,7.4,2947.5,0.341,0.954,1
58.18,190.54,56.93,36.88,67.59,4.53,754.6,0.299,0.8548,1
9.47,43.07,45.11,41.35,42.59,0.81,510.3,0.471,0.6136,1
27.69,104.46,29.46,27.72,18.83,1.17,2433.9,0.574,0.2616,0
99.83,284.59,44.31,21.86,69.07,8.42,1517.6,0.55,0.8627,1
18.7,55.07,41.18,52.23,66.54,1.43,966.6,0.435,0.7033,1
201.8,519.16,77.72,33.4,62.46,19.22,3219.4,0.326,0.9965,1
14.86,38.63,34.29,48.2,55.98,1.25,492.6,0.365,0.4823,0
33.29,119.05,28.32,61.17,63.91,1.38,2942.4,0.261,0.78,1
334.88,750.0,74.69,31.64,92.22,59.11,2052.2,0.349,1.0,1
93.02,275.68,64.45,33.28,50.03,10.18,602.5,0.441,0.9345,1
131.68,387.47,68.34,43.13,63.56,12.65,1437.8,0.433,0.9855,1
2.39,46.95,48.36,55.96,71.77,0.15,1963.4,0.24,0.7231,1
127.97,412.94,64.1,52.57,70.69,15.29,768.6,0.378,0.9916,1
60.52,156.9,43.83,39.09,29.3,4.43,621.4,0.491,0.7334,1
73.04,185.55,49.11,47.29,55.63,8.58,1100.6,0.43,0.8666,1
286.41,750.0,90.67,28.93,53.49,37.96,2051.6,0.383,0.9997,1
68.01,218.99,36.34,57.12,76.62,5.29,2747.6,0.248,0.9437,1
208.72,513.28,84.85,55.86,93.45,25.53,3373.6,0.256,0.9993,1
175.03,452.01,70.99,30.0,51.1,28.99,689.6,0.495,0.9904,1
23.13,59.92,29.88,34.23,83.72,1.29,228.2,0.254,0.6351,1
113.83,257.95,62.44,27.39,57.69,16.21,3440.2,0.491,0.9135,1
76.8,260.89,60.09,33.46,42.86,8.16,652.4,0.265,0.9115,1
13.19,41.4,48.74,48.06,97.15,0.92,2681.5,0.098,0.8806,1
183.31,461.6,76.97,36.25,98.13,26.82,2753.0,0.277,0.9985,1
67.73,215.73,38.58,26.82,23.96,4.06,478.5,0.492,0.6255,1
181.54,400.7,70.21,35.35,31.57,18.35,2877.2,0.522,0.9736,1
15.7,68.7,45.25,57.57,76.05,1.69,1023.5,0.138,0.7624,1
97.5,313.73,52.39,42.22,72.72,9.79,2818.0,0.506,0.9572,1
74.03,232.0,59.7,37.14,49.2,9.9,1251.1,0.39,0.9123,1
61.08,169.92,45.04,30.11,38.52,6.08,2676.8,0.621,0.7109,1
16.36,31.81,45.68,58.18,61.2,0.9,2972.1,0.313,0.6601,1
109.41,356.62,57.76,48.25,62.65,14.86,214.6,0.354,0.9784,1
28.32,75.23,39.7,33.74,64.26,2.48,1926.7,0.395,0.5875,1
49.43,112.16,43.48,25.85,53.7,3.33,1328.3,0.568,0.571,1
28.69,78.95,52.86,25.06,59.13,2.27,2984.8,0.531,0.572,1
4.46,55.74,41.83,28.29,60.25,0.24,1793.1,0.454,0.4205,0
81.6,289.37,67.22,40.96,37.28,7.24,1461.6,0.482,0.8834,1
66.18,183.45,37.24,53.33,82.25,3.58,687.5,0.369,0.9101,1
30.23,108.83,47.88,38.95,56.82,1.74,1134.3,0.418,0.7156,1
102.93,220.68,49.4,49.12,72.51,8.19,3480.3,0.309,0.9483,1
43.7,98.59,49.83,37.81,82.39,5.22,3027.0,0.253,0.9029,1
3.68,12.61,30.8,44.46,20.99,0.22,1211.5,0.518,0.273,0
242.45,714.98,94.36,45.17,50.03,44.72,2239.5,0.412,0.9996,1
26.32,72.21,37.96,30.37,61.65,1.51,3493.0,0.533,0.6385,1
84.73,264.83,61.92,35.83,71.99,7.83,2474.3,0.418,0.9577,1
52.19,204.24,38.82,42.43,87.06,3.4,1318.4,0.343,0.9392,1
128.55,444.09,74.23,25.89,74.53,14.7,333.8,0.521,0.985,1
112.16,278.6,64.78,35.84,91.33,16.83,2837.6,0.235,0.9803,1
133.08,314.76,48.46,39.84,75.4,9.23,1142.2,0.397,0.9732,1
368.13,750.0,82.32,60.0,28.17,62.95,674.2,0.283,1.0,1
25.67,125.32,43.37,38.44,50.77,2.04,580.6,0.298,0.7437,1
36.42,107.8,32.6,48.06,78.05,2.47,553.6,0.252,0.842,1
5.49,26.88,30.97,37.5,42.96,0.39,576.0,0.443,0.3696,0
43.39,117.87,47.49,47.34,59.99,3.39,1902.6,0.221,0.8426,1
57.02,171.93,42.66,41.33,47.8,4.63,2719.8,0.368,0.753,1
97.74,202.59,48.64,51.06,29.27,8.79,3146.0,0.411,0.8569,1
22.44,106.65,41.64,37.02,73.85,1.57,2464.1,0.304,0.7309,1
13.16,40.23,30.56,41.56,72.1,0.91,515.7,0.432,0.4277,0
17.42,41.24,35.53,42.23,82.82,0.75,3325.4,0.375,0.6611,1
20.78,73.02,46.06,37.16,86.88,1.53,218.9,0.305,0.7891,1
68.04,131.13,45.79,29.27,43.73,7.11,2682.7,0.552,0.7087,1
47.27,119.19,43.28,27.07,25.52,4.77,3441.8,0.596,0.5734,1
128.08,427.03,68.42,21.83,59.63,18.42,3151.3,0.358,0.9785,1
40.65,89.97,27.93,50.44,60.53,1.87,2563.1,0.44,0.6082,1
32.63,86.98,25.55,32.43,88.64,1.89,1932.2,0.391,0.6461,1
57.26,150.34,33.19,31.64,57.24,2.49,3498.5,0.41,0.7221,1
137.26,301.62,43.67,45.3,46.88,9.26,2263.2,0.579,0.9658,1
105.74,232.88,55.76,34.78,75.33,7.78,2941.0,0.32,0.9673,1
74.98,236.03,50.26,39.16,32.39,5.06,799.3,0.427,0.7532,1
66.57,162.92,34.51,29.96,48.37,4.53,2311.7,0.555,0.6777,1
24.2,49.61,39.05,55.48,48.26,1.22,244.1,0.313,0.5961,1
35.33,110.14,49.75,49.48,37.29,3.66,2867.3,0.464,0.6412,1
8.71,28.77,22.35,50.01,68.59,0.32,1562.0,0.138,0.6066,1
21.44,60.75,35.47,36.92,53.8,0.97,1051.2,0.458,0.4692,0
81.92,217.94,36.16,46.16,36.42,4.65,1054.3,0.452,0.8509,1
51.27,162.84,41.16,29.25,53.59,3.63,3433.3,0.549,0.7656,1
102.03,244.44,44.8,20.75,61.98,7.66,3058.2,0.401,0.9192,1
20.7,92.22,46.63,22.19,44.91,1.8,2802.7,0.593,0.3735,0
15.98,97.03,31.62,41.11,54.05,0.94,1867.4,0.402,0.5655,1
18.97,56.79,26.57,38.02,47.65,0.84,1517.0,0.49,0.5392,1
32.21,125.17,48.55,39.44,88.46,3.7,2150.1,0.294,0.8565,1
144.31,431.95,59.35,20.56,58.57,12.73,1999.6,0.483,0.9816,1
28.22,102.37,42.84,37.29,67.92,1.99,3126.9,0.378,0.7331,1
66.26,220.71,44.39,44.75,58.72,5.65,3411.2,0.373,0.9079,1
31.96,97.1,39.3,37.74,73.3,1.91,3272.4,0.209,0.7316,1
23.46,83.78,35.27,45.18,61.26,1.15,2734.5,0.362,0.6207,1
16.73,82.56,45.0,32.32,73.36,0.91,1538.0,0.327,0.5438,1
148.8,287.94,62.15,47.95,25.72,22.46,2712.4,0.474,0.9571,1
163.44,480.58,71.6,41.15,78.82,25.97,2773.6,0.473,0.9958,1
26.44,80.27,45.51,31.62,76.26,2.83,760.9,0.484,0.5447,1
251.64,750.0,81.81,32.43,60.74,25.78,2902.7,0.471,0.9996,1
23.03,94.9,34.79,42.18,28.96,1.04,3210.2,0.366,0.5127,1
380.0,750.0,74.17,48.6,38.87,54.05,2679.3,0.36,0.9999,1
30.5,136.82,32.53,37.12,87.86,1.22,2447.2,0.283,0.7883,1
28.91,92.77,32.16,33.08,22.69,1.44,918.0,0.633,0.4241,0
63.23,167.47,54.46,50.15,86.12,8.49,2304.6,0.302,0.9169,1
52.41,126.07,40.17,43.31,74.59,3.5,2282.1,0.446,0.7575,1
23.96,83.38,33.49,37.86,32.61,1.98,1437.9,0.542,0.4087,0
21.12,98.99,52.48,38.75,95.53,1.5,572.4,0.344,0.8618,1
61.03,194.59,47.4,31.41,56.66,4.92,1632.0,0.482,0.7644,1
73.85,238.0,53.8,42.15,90.81,4.8,3238.5,0.305,0.9525,1
145.18,445.57,76.23,35.77,58.51,21.79,2778.3,0.294,0.9911,1
156.46,486.29,61.63,59.86,32.86,15.85,1369.0,0.356,0.9862,1
60.31,151.92,36.4,38.57,45.81,4.07,846.9,0.52,0.6529,1
92.83,196.2,50.96,38.7,39.87,10.56,1719.9,0.596,0.8069,1
20.6,88.71,37.85,40.59,74.94,1.49,2701.6,0.316,0.7214,1
93.4,266.21,42.73,52.62,50.25,8.24,2461.3,0.449,0.9395,1
82.66,260.56,44.67,47.5,36.28,6.7,3114.2,0.398,0.8352,1
36.44,107.36,35.58,37.92,26.01,2.82,1228.0,0.494,0.4964,0
67.54,134.82,53.13,44.76,94.69,7.12,1831.7,0.083,0.9392,1
6.84,40.07,48.52,41.1,82.42,0.77,1049.0,0.422,0.7603,1
53.9,168.35,42.75,38.85,43.22,5.03,2752.1,0.488,0.7347,1
31.48,92.6,37.19,31.01,55.17,1.76,1586.2,0.407,0.6391,1
27.21,70.88,38.44,38.21,42.53,1.97,1613.4,0.608,0.3857,0
24.98,82.78,32.6,32.71,65.04,1.9,2888.6,0.412,0.5611,1
23.91,86.38,50.63,52.52,16.18,2.8,2608.6,0.596,0.4033,0
50.81,149.98,44.59,35.18,63.12,4.12,1756.9,0.304,0.7806,1
47.87,157.75,35.48,54.9,70.8,2.73,1442.7,0.385,0.8426,1
11.96,33.22,29.98,39.79,65.93,0.53,2471.7,0.459,0.396,0
32.53,104.77,50.95,42.27,61.94,2.41,3309.9,0.376,0.782,1
181.88,385.16,50.69,40.03,57.47,12.79,1601.2,0.377,0.9892,1
128.9,426.45,58.15,28.67,34.0,18.73,328.6,0.48,0.973,1
28.82,122.18,37.93,36.19,57.95,2.25,3100.1,0.515,0.6384,1
6.62,17.26,23.44,27.34,84.33,0.25,749.1,0.328,0.4136,0
5.5,24.17,26.36,42.05,81.66,0.23,3174.9,0.135,0.6851,1
162.64,509.19,83.79,37.83,23.64,21.77,2937.5,0.627,0.9865,1
66.87,158.45,44.87,46.69,77.12,7.0,2377.0,0.334,0.8585,1
37.87,103.72,37.97,31.93,44.14,2.68,2991.5,0.474,0.5286,1
71.46,149.0,32.89,30.03,48.14,3.65,1057.3,0.464,0.6875,1
31.8,144.79,33.71,36.91,61.02,2.4,3024.2,0.606,0.6477,1
12.9,35.42,45.51,53.2,55.42,1.28,2053.4,0.328,0.5759,1
107.72,221.79,48.17,44.51,48.95,9.38,784.6,0.386,0.9465,1
124.97,468.1,79.7,37.2,26.37,20.87,1040.0,0.501,0.9835,1
154.31,371.34,66.49,39.42,84.24,22.16,2806.5,0.267,0.9946,1
21.72,83.34,39.93,26.61,44.68,1.1,2981.0,0.489,0.5119,1
228.33,518.67,67.81,57.96,75.29,36.2,3086.7,0.285,0.9993,1
29.18,93.15,46.75,43.23,67.32,2.15,808.5,0.323,0.7607,1
17.63,47.23,48.23,33.85,78.83,2.1,3176.7,0.222,0.6863,1
59.25,219.13,39.48,41.09,43.52,5.57,1829.6,0.34,0.8188,1
155.79,386.35,42.93,27.82,66.58,8.19,3477.6,0.487,0.976,1
92.07,270.33,52.47,55.99,20.64,9.7,1772.3,0.356,0.8871,1
47.83,142.35,42.86,30.4,67.07,5.03,1032.0,0.459,0.6934,1
14.83,87.49,45.9,42.72,30.46,1.32,397.3,0.584,0.5941,1
54.95,129.88,38.08,32.7,70.9,4.19,2394.4,0.444,0.748,1
235.72,698.46,86.87,44.73,51.66,49.35,216.5,0.414,0.9999,1
55.86,182.5,43.92,46.65,66.17,4.77,2958.8,0.351,0.8899,1
66.16,177.64,37.68,43.43,77.63,3.78,1225.6,0.334,0.8969,1
25.55,70.82,45.68,41.82,64.38,2.1,2397.4,0.371,0.6367,1
39.83,134.81,37.79,51.34,70.49,2.49,1849.1,0.214,0.8287,1
14.83,41.51,47.63,26.32,61.06,1.0,2368.8,0.452,0.3671,0
65.88,159.03,60.38,35.06,55.98,5.88,375.5,0.509,0.8239,1
62.94,162.68,38.6,32.78,57.7,3.11,849.4,0.53,0.7007,1
48.35,185.27,55.98,58.44,84.13,3.84,3147.8,0.209,0.929,1
105.95,227.94,62.51,36.51,31.4,10.18,1577.9,0.552,0.8682,1
62.58,160.39,49.05,45.2,79.0,6.71,2065.7,0.343,0.8717,1
27.1,89.24,34.72,43.75,29.57,1.58,1708.3,0.492,0.3253,0
285.68,750.0,98.0,31.66,69.39,58.75,3205.7,0.423,0.9999,1
1.76,6.48,38.46,32.5,53.26,0.17,858.3,0.475,0.3544,0
13.28,50.58,36.62,33.73,21.69,0.95,2968.4,0.553,0.22,0
199.19,634.22,83.36,37.02,28.43,33.18,398.3,0.519,0.9973,1
35.86,105.43,46.3,32.36,40.46,3.18,3029.1,0.562,0.5258,1
85.69,264.57,43.46,22.16,61.74,6.38,3179.6,0.418,0.8807,1
50.84,143.31,52.28,50.71,47.53,3.83,2806.4,0.283,0.802,1
29.63,79.92,50.14,55.97,56.89,3.67,1114.5,0.274,0.7911,1
61.79,191.6,40.54,35.34,35.71,4.56,576.6,0.487,0.7685,1
86.78,298.8,56.86,35.26,73.14,11.92,1852.8,0.382,0.9433,1
9.95,91.19,34.14,20.5,78.75,0.52,2397.2,0.452,0.4421,0
31.83,120.26,30.23,43.62,84.64,1.29,2903.4,0.251,0.7452,1
34.97,120.69,55.32,48.42,63.7,3.92,1869.5,0.488,0.8071,1
35.34,94.1,30.98,29.36,65.6,2.53,2004.0,0.48,0.5675,1
71.96,243.96,42.65,29.85,73.46,6.32,3289.0,0.377,0.88,1
91.5,210.49,56.32,47.11,90.58,11.16,357.7,0.233,0.9685,1
78.35,257.39,41.56,41.87,26.41,6.48,1252.5,0.49,0.7463,1
288.89,689.68,89.7,24.28,52.55,56.24,1645.9,0.558,0.9997,1
243.87,474.58,77.82,42.04,70.12,31.27,2310.4,0.469,0.9985,1
167.68,517.2,62.07,34.49,98.83,17.76,513.7,0.427,0.9961,1
78.9,252.26,41.4,36.01,49.21,7.23,3087.0,0.515,0.8481,1
50.66,112.86,31.14,46.41,24.38,3.54,1244.1,0.42,0.6228,1
67.14,175.68,55.37,47.87,53.18,4.86,810.7,0.496,0.842,1
24.65,100.36,44.16,36.77,23.75,1.33,2152.0,0.522,0.401,0
17.22,62.97,39.71,54.53,68.55,1.41,663.8,0.295,0.7708,1
13.46,35.37,24.76,36.91,51.96,0.44,1289.2,0.448,0.3613,0
63.47,152.13,55.59,46.48,45.75,5.02,3044.1,0.363,0.7877,1
125.16,342.8,57.58,38.65,62.39,10.5,2804.9,0.393,0.9691,1
4.78,23.27,32.35,51.6,37.91,0.29,1127.4,0.355,0.4451,0
16.82,39.16,35.38,52.13,41.99,0.87,1585.1,0.489,0.4253,0
37.61,113.74,49.72,26.77,48.87,2.68,1875.4,0.407,0.6123,1
101.12,303.55,47.97,53.81,66.18,5.89,2071.1,0.433,0.9652,1
43.58,136.38,49.78,48.43,59.23,4.76,1191.4,0.406,0.8471,1
17.29,53.73,29.68,47.15,51.63,0.71,1962.5,0.407,0.4419,0
19.46,67.2,28.95,31.3,57.58,1.09,2751.7,0.398,0.529,1
30.05,76.64,25.05,47.65,65.71,1.2,2463.7,0.486,0.6045,1
85.55,179.69,36.63,49.42,55.83,4.51,3338.1,0.508,0.8623,1
61.65,175.51,45.99,33.95,74.46,4.68,987.5,0.399,0.8207,1
59.61,285.32,45.92,54.9,51.82,4.2,2438.2,0.279,0.9045,1
129.04,347.53,52.82,24.62,41.12,12.02,3334.0,0.491,0.9337,1
6.74,29.78,46.49,29.49,31.71,0.66,517.2,0.544,0.2773,0
29.64,83.05,47.62,39.9,25.96,1.79,2054.3,0.453,0.4631,0
64.87,154.52,33.16,40.83,77.23,3.09,3448.5,0.332,0.8158,1
73.27,234.3,48.46,42.64,77.96,4.63,402.7,0.256,0.935,1
6.86,27.51,32.23,21.86,70.72,0.54,1397.7,0.424,0.3773,0
4.95,23.46,47.44,55.53,42.68,0.46,480.5,0.408,0.4361,0
16.69,92.13,26.79,24.26,31.06,1.01,2133.1,0.548,0.2586,0
48.64,114.11,42.66,29.22,48.3,3.21,3014.0,0.453,0.6748,1
43.95,107.82,28.22,21.51,67.91,2.93,998.4,0.448,0.5049,1
81.57,263.33,59.87,40.61,84.14,9.85,874.0,0.261,0.9699,1
16.62,70.51,40.67,53.54,82.0,1.17,1949.3,0.21,0.7644,1
4.6,26.63,31.58,43.22,78.33,0.29,1372.8,0.512,0.5924,1
265.36,750.0,83.16,48.32,46.36,30.14,2926.2,0.354,0.9997,1
22.06,85.62,46.07,21.42,61.74,1.63,642.1,0.516,0.5661,1
12.27,52.23,30.35,40.01,58.72,0.71,3217.7,0.33,0.6244,1
295.68,750.0,83.26,38.11,44.01,50.04,2875.4,0.319,0.9999,1
46.84,135.21,37.37,39.0,44.65,2.59,249.9,0.396,0.6864,1
144.08,344.22,55.39,25.97,73.39,19.87,1118.9,0.42,0.9833,1
177.45,415.89,61.01,43.75,52.56,24.72,3214.9,0.346,0.993,1
41.78,113.79,31.84,39.1,78.91,2.6,3022.2,0.208,0.7545,1
18.74,63.22,36.28,46.25,82.02,1.68,1827.0,0.259,0.679,1
112.51,281.85,45.04,38.69,91.49,9.46,2006.2,0.305,0.9728,1
22.22,49.68,44.17,29.47,48.59,2.39,466.7,0.547,0.4211,0
